Ambient Temperature(C): 24.6
Ambient Pressure(in Hg): 29.7
Time(s)	T1(Deg C)	T2(Deg C)	P1(PSI)	P2(PSI)	Mass Flowrate(g/min)

0.00	23.70	24.90	1.20	2.10	0.00
0.10	23.60	25.00	1.20	2.10	0.00
0.20	23.60	25.00	1.20	2.30	0.00
0.30	23.60	25.00	1.30	2.30	0.00
0.40	23.60	25.00	0.70	2.60	0.00
0.50	23.60	25.00	0.70	2.60	0.00
0.60	23.60	25.00	0.70	2.40	0.00
0.70	23.60	25.00	1.50	1.60	0.00
0.80	23.70	25.10	0.90	2.10	0.00
0.90	23.70	25.10	0.90	2.10	0.00
1.00	23.50	25.00	0.90	2.10	0.00
1.10	23.50	25.00	1.00	2.10	0.00
1.20	23.70	25.00	1.30	2.30	0.00
1.30	23.70	25.00	1.30	2.30	0.00
1.40	23.70	25.00	0.90	2.90	0.00
1.50	23.70	25.00	1.00	2.40	0.00
1.60	23.70	25.00	0.90	2.40	0.00
1.70	23.70	25.00	1.00	2.10	0.00
1.80	23.60	24.90	1.20	2.60	0.00
1.90	23.60	24.90	1.00	2.30	0.00
2.00	23.70	25.10	1.20	2.40	0.00
2.10	23.70	25.10	1.20	2.40	0.00
2.20	23.70	25.10	0.90	2.60	0.00
2.30	23.70	25.10	0.90	2.60	0.00
2.40	23.60	25.00	0.90	2.60	0.00
2.50	23.60	25.00	1.60	2.40	0.00
2.60	23.90	25.00	1.50	2.10	0.00
2.70	23.90	25.00	1.00	2.70	0.00
2.80	23.80	25.00	1.20	2.30	0.00
2.90	23.80	25.00	1.50	2.30	0.00
3.00	23.70	25.00	1.50	2.30	0.00
3.10	23.70	25.00	0.70	2.30	0.00
3.20	23.80	25.10	1.00	2.40	0.00
3.30	23.80	25.10	1.00	2.30	0.00
3.40	23.80	25.10	1.20	1.90	0.00
3.50	23.90	25.20	1.20	1.90	0.00
3.60	23.90	25.20	1.20	1.90	0.00
3.70	23.80	25.10	1.20	1.90	0.00
3.80	23.80	25.10	1.30	1.80	0.00
3.90	23.70	25.10	1.50	1.90	0.00
4.00	23.70	25.10	1.50	1.90	0.00
4.10	23.90	25.10	0.90	3.50	0.00
4.20	23.90	25.10	0.90	2.10	0.00
4.30	23.80	25.20	1.00	1.90	0.00
4.40	23.80	25.20	0.90	1.90	0.00
4.50	23.80	25.00	1.30	0.70	0.00
4.60	23.80	25.00	1.30	2.40	0.00
4.70	23.80	25.00	1.00	2.10	0.00
4.80	23.80	25.00	1.30	2.10	0.00
4.90	23.90	25.20	1.30	2.10	0.00
5.00	23.90	25.20	1.30	2.10	0.00
5.10	23.80	25.10	1.20	2.30	0.00
5.20	23.80	25.00	1.20	2.30	0.00
5.30	23.80	25.00	1.20	2.30	0.00
5.40	23.80	25.00	1.20	2.30	0.00
5.50	23.90	25.10	1.30	2.40	0.00
5.60	23.90	25.10	1.30	2.70	0.00
5.70	23.90	25.10	1.30	2.30	0.00
5.80	23.90	25.10	1.30	2.90	0.00
5.90	23.90	25.10	1.30	2.90	0.00
6.00	23.90	25.10	1.30	2.60	0.00
6.10	24.00	25.20	1.30	2.60	0.00
6.20	24.00	25.20	1.20	2.30	0.00
6.30	23.80	25.10	1.20	2.30	0.00
6.40	23.80	25.10	0.70	2.30	0.00
6.50	24.00	25.20	1.20	2.70	0.00
6.60	24.00	25.20	1.20	2.70	0.00
6.70	23.90	25.20	1.20	2.60	0.00
6.80	23.90	25.20	1.00	2.30	0.00
6.90	24.00	25.10	1.00	2.70	0.00
7.00	24.00	25.10	1.00	2.60	0.00
7.10	23.80	25.20	0.90	2.30	0.00
7.20	23.80	25.20	0.90	2.30	0.00
7.30	23.90	25.10	1.00	2.10	0.00
7.40	23.90	25.10	1.20	2.30	0.00
7.50	24.00	25.20	0.70	2.40	0.00
7.60	24.00	25.20	0.70	2.40	0.00
7.70	23.90	25.10	1.30	0.90	0.00
7.80	23.90	25.10	1.30	0.90	0.00
7.90	23.90	25.20	1.30	2.40	0.00
8.00	23.90	25.20	1.00	2.60	0.00
8.10	23.90	25.20	1.00	2.40	0.00
8.20	23.90	25.20	1.00	2.40	0.00
8.30	23.90	25.20	1.20	2.70	0.00
8.40	23.90	25.20	1.30	2.10	0.00
8.50	24.10	25.10	1.30	2.90	0.00
8.60	24.10	25.10	1.50	2.60	0.00
8.70	24.10	25.20	0.90	2.60	0.00
8.80	24.10	25.20	1.30	1.90	0.00
8.90	24.00	25.20	1.30	1.90	0.00
9.00	24.00	25.20	1.50	2.30	0.00
9.10	24.10	25.20	1.30	2.10	0.00
9.20	24.10	25.20	1.30	2.10	0.00
9.30	24.10	25.20	1.50	2.60	0.00
9.40	23.90	25.00	1.20	2.10	0.00
9.50	23.90	25.00	1.20	1.90	0.00
9.60	23.90	25.00	0.90	2.60	0.00
9.70	24.00	25.30	0.90	2.60	0.00
9.80	24.00	25.30	1.30	2.90	0.00
9.90	23.90	25.00	-0.20	2.60	0.00
10.00	24.10	25.20	1.20	2.10	0.00
10.10	24.10	25.20	1.20	2.10	0.00
10.20	24.00	25.20	1.20	2.70	0.00
10.30	24.00	25.20	1.20	2.70	0.00
10.40	24.10	25.20	1.20	2.70	0.00
10.50	24.10	25.20	1.00	2.40	0.00
10.60	24.10	25.20	1.20	2.90	0.00
10.70	24.10	25.20	1.20	2.90	0.00
10.80	24.00	25.20	1.20	2.40	0.00
10.90	24.00	25.20	1.30	2.40	0.00
11.00	24.10	25.30	1.00	2.60	0.00
11.10	24.10	25.20	1.50	2.40	0.00
11.20	24.10	25.20	1.30	2.30	0.00
11.30	24.00	25.10	1.50	2.30	0.00
11.40	24.00	25.10	1.50	1.90	0.00
11.50	24.10	25.20	1.20	2.40	0.00
11.60	24.10	25.20	1.20	2.40	0.00
11.70	24.10	25.20	1.20	2.40	0.00
11.80	24.00	25.20	1.50	2.30	0.00
11.90	24.00	25.20	1.20	2.90	0.00
12.00	24.00	25.20	1.30	2.40	0.00
12.10	24.00	25.20	1.20	2.10	0.00
12.20	24.00	25.10	1.20	2.10	0.00
12.30	24.00	25.10	0.60	2.10	0.00
12.40	24.00	25.10	1.20	1.80	0.00
12.50	24.00	25.10	0.90	2.60	0.00
12.60	24.20	25.20	0.90	2.60	0.00
12.70	24.20	25.20	1.30	2.40	0.00
12.80	24.10	25.40	1.00	2.10	0.00
12.90	24.10	25.40	1.20	2.30	0.00
13.00	24.00	25.20	1.20	2.30	0.00
13.10	24.00	25.20	1.20	2.30	0.00
13.20	24.10	25.20	1.60	2.30	0.00
13.30	24.10	25.20	1.60	2.30	0.00
13.40	24.20	25.30	1.00	2.60	0.00
13.50	24.20	25.30	1.20	2.70	0.00
13.60	24.10	25.10	1.20	2.60	0.00
13.70	24.10	25.10	0.90	2.40	0.00
13.80	24.20	25.30	0.90	2.40	0.00
13.90	24.20	25.30	1.50	2.30	0.00
14.00	24.10	25.20	1.20	2.60	0.00
14.10	24.10	25.20	1.30	2.60	0.00
14.20	24.00	25.20	1.30	2.60	0.00
14.30	24.00	25.20	1.20	2.30	0.00
14.40	24.10	25.20	1.30	2.40	0.00
14.50	24.10	25.20	1.30	2.40	0.00
14.60	24.10	25.20	1.60	2.90	0.00
14.70	24.10	25.20	0.90	2.30	0.00
14.80	24.10	25.20	2.70	2.40	0.00
14.90	24.30	25.20	2.70	2.40	0.00
15.00	24.30	25.20	2.40	2.40	0.00
15.10	24.70	25.10	2.40	2.40	0.00
15.20	24.70	25.10	2.90	2.60	0.00
15.30	24.90	25.40	2.60	2.40	0.00
15.40	24.90	25.40	2.60	2.40	0.00
15.50	24.90	25.40	2.70	2.40	0.00
15.60	25.00	25.20	2.90	2.60	0.00
15.70	25.00	25.20	2.60	1.90	0.00
15.80	25.10	25.20	2.60	1.90	0.00
15.90	25.10	25.20	2.60	1.90	0.00
16.00	25.10	25.30	2.60	2.30	0.00
16.10	25.10	25.30	2.60	2.60	0.00
16.20	25.00	25.20	2.60	2.10	7.64
16.30	25.00	25.20	2.30	2.60	6.80
16.40	25.00	25.20	2.30	2.60	5.52
16.50	25.00	25.20	2.40	2.40	4.46
16.60	25.00	25.30	2.70	2.70	3.80
16.70	25.00	25.30	2.40	2.40	3.36
16.80	25.00	25.40	2.60	1.80	3.33
16.90	25.00	25.40	2.60	1.80	4.10
17.00	24.90	25.10	2.60	2.60	6.20
17.10	24.90	25.10	2.40	2.60	8.93
17.20	25.00	25.30	2.40	2.60	12.22
17.30	25.00	25.30	2.40	2.60	14.16
17.40	24.90	25.30	2.40	2.30	14.85
17.50	25.10	25.20	2.90	2.90	15.17
17.60	25.10	25.20	3.00	2.40	15.71
17.70	25.10	25.40	2.90	2.60	17.96
17.80	25.10	25.40	2.90	2.60	22.50
17.90	25.20	25.20	3.00	2.30	23.35
18.00	25.20	25.20	3.00	2.30	23.64
18.10	25.30	25.30	3.20	2.70	24.05
18.20	25.30	25.30	3.60	2.70	25.43
18.30	25.30	25.30	3.50	2.40	27.48
18.40	25.40	25.20	3.60	2.60	29.49
18.50	25.40	25.20	3.60	2.60	31.38
18.60	25.50	25.30	3.60	2.60	33.14
18.70	25.50	25.30	3.60	2.60	33.82
18.80	25.50	25.30	4.10	2.30	34.41
18.90	25.80	25.20	4.10	2.30	35.34
19.00	25.80	25.20	4.10	1.90	37.26
19.10	26.10	25.30	4.40	2.60	41.95
19.20	26.10	25.30	4.40	2.60	44.38
19.30	26.10	25.30	4.60	2.40	44.91
19.40	26.10	25.30	4.70	2.40	45.26
19.50	26.30	25.30	5.00	2.10	46.01
19.60	26.30	25.30	5.00	2.30	46.66
19.70	26.30	25.10	5.20	2.40	47.37
19.80	26.30	25.10	5.20	2.40	48.13
19.90	26.60	25.20	5.20	2.40	49.08
20.00	26.60	25.20	5.50	2.40	49.96
20.10	26.80	25.20	5.50	2.40	50.37
20.20	26.80	25.20	6.10	2.10	50.39
20.30	26.70	25.20	6.10	1.90	50.37
20.40	26.70	25.20	6.10	2.10	50.27
20.50	27.00	25.30	6.30	2.10	50.21
20.60	27.30	25.20	6.70	2.30	50.10
20.70	27.30	25.20	6.60	2.60	50.04
20.80	27.40	25.30	6.40	2.60	49.95
20.90	27.40	25.30	6.70	2.10	49.93
21.00	27.40	25.10	7.20	2.30	49.61
21.10	27.40	25.10	7.20	2.30	49.59
21.20	27.60	25.30	7.30	2.10	49.62
21.30	27.60	25.30	7.30	2.10	49.61
21.40	27.60	25.20	7.80	2.30	49.59
21.50	27.60	25.20	7.60	2.30	49.66
21.60	27.80	25.30	7.60	2.30	49.62
21.70	27.80	25.30	7.90	2.40	49.66
21.80	27.90	25.20	7.90	2.40	49.73
21.90	27.90	25.10	8.10	2.60	49.81
22.00	27.90	25.10	8.40	1.90	49.89
22.10	28.10	25.40	8.30	2.60	49.96
22.20	28.10	25.40	8.90	2.10	50.00
22.30	28.10	25.30	8.40	2.30	49.98
22.40	28.10	25.30	8.40	2.30	50.01
22.50	28.40	25.30	9.20	2.30	49.99
22.60	28.40	25.30	8.90	2.60	50.01
22.70	28.50	25.20	9.50	2.70	50.01
22.80	28.50	25.20	9.80	2.30	49.98
22.90	28.30	25.30	9.60	2.10	49.98
23.00	28.30	25.30	9.60	2.10	49.96
23.10	28.50	25.40	9.60	2.10	49.96
23.20	28.50	25.40	9.90	2.40	49.98
23.30	28.50	25.30	9.90	2.30	49.98
23.40	28.50	25.30	10.60	2.40	49.92
23.50	28.50	25.20	10.10	2.40	50.01
23.60	28.50	25.20	10.10	2.40	49.95
23.70	28.80	25.30	10.10	2.40	49.92
23.80	28.80	25.30	10.70	2.30	49.95
23.90	28.80	25.30	11.00	2.60	49.94
24.00	28.80	25.30	10.90	2.60	49.94
24.10	28.80	25.20	11.50	2.30	49.98
24.20	28.80	25.20	11.50	2.30	49.95
24.30	28.80	25.20	11.60	2.70	50.00
24.40	28.80	25.20	11.50	2.90	49.99
24.50	28.80	25.40	11.80	3.30	49.96
24.60	28.80	25.40	12.10	2.30	49.99
24.70	29.00	25.20	11.80	2.10	50.00
24.80	29.00	25.20	11.90	2.70	50.05
24.90	29.00	25.20	11.90	2.70	50.01
25.00	29.00	25.30	12.90	2.90	49.99
25.10	29.00	25.30	12.70	1.90	50.01
25.20	29.00	25.20	12.40	2.10	50.01
25.30	29.00	25.20	12.90	2.30	50.01
25.40	29.00	25.20	13.30	2.40	50.01
25.50	29.00	25.20	13.30	2.40	49.99
25.60	29.00	25.20	13.20	2.70	50.02
25.70	29.20	25.30	13.50	2.30	50.05
25.80	29.20	25.30	13.50	2.60	49.99
25.90	29.20	25.30	13.80	2.10	50.00
26.00	29.20	25.30	14.10	2.30	49.95
26.10	29.20	25.20	14.10	2.30	49.94
26.20	29.20	25.20	14.10	2.30	49.96
26.30	29.40	25.30	14.30	2.30	49.98
26.40	29.40	25.30	14.30	2.10	49.98
26.50	29.30	25.40	14.30	2.30	49.96
26.60	29.30	25.40	14.70	2.70	49.98
26.70	29.40	25.20	14.70	2.70	49.91
26.80	29.40	25.20	14.90	2.40	49.92
26.90	29.40	25.30	14.90	2.60	49.98
27.00	29.40	25.30	15.30	2.30	49.95
27.10	29.30	25.20	15.30	2.30	49.89
27.20	29.20	25.20	15.50	2.70	49.95
27.30	29.20	25.20	15.50	2.60	49.94
27.40	29.40	25.30	15.60	2.30	49.92
27.50	29.40	25.30	15.60	2.30	49.95
27.60	29.40	25.20	15.60	2.30	49.92
27.70	29.40	25.20	16.10	3.00	49.94
27.80	29.50	25.20	16.60	2.30	49.88
27.90	29.50	25.20	16.70	2.40	49.93
28.00	29.60	25.30	16.70	2.40	49.95
28.10	29.60	25.30	16.90	2.40	49.91
28.20	29.50	25.30	16.70	2.40	49.91
28.30	29.50	25.30	17.00	2.70	49.91
28.40	29.50	25.30	17.00	2.90	49.94
28.50	29.50	25.30	17.00	2.70	49.96
28.60	29.50	25.40	17.00	2.30	49.93
28.70	29.50	25.40	17.50	2.30	49.95
28.80	29.60	25.20	17.50	2.30	49.98
28.90	29.60	25.20	17.50	2.30	49.95
29.00	29.40	25.20	18.10	2.30	49.94
29.10	29.40	25.20	18.10	2.30	49.98
29.20	29.50	25.20	18.40	2.40	49.95
29.30	29.50	25.20	18.30	2.40	49.95
29.40	29.50	25.10	18.30	1.90	49.94
29.50	29.50	25.10	18.40	2.30	49.95
29.60	29.50	25.40	18.60	2.30	49.93
29.70	29.70	25.30	19.00	1.90	49.93
29.80	29.70	25.30	19.00	1.90	49.91
29.90	29.60	25.40	19.20	2.30	49.93
30.00	29.60	25.40	19.20	2.30	49.94
30.10	29.50	25.20	19.20	2.10	49.95
30.20	29.50	25.20	19.20	2.10	49.92
30.30	29.60	25.30	19.20	2.10	49.95
30.40	29.60	25.30	19.50	2.30	49.91
30.50	29.50	25.20	19.90	2.30	49.93
30.60	29.50	25.20	19.90	2.30	49.93
30.70	29.70	25.30	19.90	2.30	49.95
30.80	29.60	25.20	20.60	2.60	50.01
30.90	29.60	25.20	20.30	2.70	49.93
31.00	29.60	25.20	20.40	2.90	49.96
31.10	29.70	25.30	20.90	2.10	49.94
31.20	29.70	25.30	20.90	2.70	49.94
31.30	29.80	25.20	20.70	2.30	49.94
31.40	29.80	25.20	20.70	2.30	49.98
31.50	29.80	25.30	21.20	2.40	49.93
31.60	29.80	25.30	21.20	2.40	49.98
31.70	29.80	25.30	21.60	1.90	49.94
31.80	29.80	25.30	21.60	2.40	49.93
31.90	29.90	25.40	21.60	2.30	49.93
32.00	29.90	25.40	21.90	2.40	49.92
32.10	30.00	25.20	21.90	2.40	49.93
32.20	30.00	25.20	22.30	2.40	49.94
32.30	29.90	25.30	22.30	2.70	49.91
32.40	29.90	25.30	22.40	2.40	49.94
32.50	29.70	25.30	22.60	1.90	49.93
32.60	29.70	25.30	22.70	2.10	49.91
32.70	29.80	25.40	22.70	2.10	49.91
32.80	29.80	25.40	23.30	2.60	49.94
32.90	29.90	25.30	23.30	2.60	49.95
33.00	29.90	25.30	23.30	1.90	49.93
33.10	29.90	25.30	23.60	2.40	49.95
33.20	29.90	25.30	23.90	2.40	49.98
33.30	29.90	25.30	23.90	2.40	49.92
33.40	29.70	25.20	24.10	2.60	49.99
33.50	29.70	25.20	23.90	2.70	49.92
33.60	30.00	25.20	23.90	2.70	49.91
33.70	30.00	25.20	24.10	2.40	49.92
33.80	29.90	25.40	24.40	2.40	49.94
33.90	29.90	25.40	24.70	2.70	49.96
34.00	29.90	25.30	24.90	2.40	49.92
34.10	29.90	25.30	24.90	2.40	49.91
34.20	29.90	25.30	24.70	2.40	49.89
34.30	29.90	25.30	25.20	2.60	49.91
34.40	30.10	25.20	25.00	2.40	49.95
34.50	30.10	25.20	25.50	2.60	49.93
34.60	29.90	25.30	25.50	2.60	49.92
34.70	29.90	25.30	25.20	2.40	49.91
34.80	30.00	25.30	25.30	2.40	49.91
34.90	30.00	25.30	26.30	2.40	49.96
35.00	30.00	25.40	25.90	2.60	49.91
35.10	30.00	25.40	26.40	2.40	49.92
35.20	30.10	25.40	26.70	2.70	49.89
35.30	30.10	25.40	26.70	2.70	49.92
35.40	30.00	25.10	26.70	2.70	49.93
35.50	30.00	25.10	27.00	2.60	49.91
35.60	29.80	25.30	26.60	2.30	49.89
35.70	29.80	25.30	26.90	2.60	49.93
35.80	30.00	25.40	27.20	2.40	49.94
35.90	30.00	25.40	27.20	2.30	49.94
36.00	29.90	25.10	27.50	1.90	49.95
36.10	29.90	25.10	27.50	2.10	49.98
36.20	30.00	25.40	27.50	2.10	50.01
36.30	30.00	25.40	27.60	2.40	50.00
36.40	30.00	25.30	27.80	2.40	50.02
36.50	30.00	25.30	28.30	1.90	50.10
36.60	30.00	25.30	28.30	1.90	50.02
36.70	30.00	25.30	28.30	2.40	50.02
36.80	30.00	25.30	28.30	2.30	50.02
36.90	30.00	25.30	28.30	2.30	50.00
37.00	30.10	25.30	28.60	2.40	49.99
37.10	30.10	25.30	28.70	2.40	49.98
37.20	30.10	25.40	28.70	2.40	49.95
37.30	30.10	25.40	29.30	2.70	49.98
37.40	30.00	25.20	29.20	2.70	49.95
37.50	30.00	25.20	29.00	2.60	49.92
37.60	30.10	25.30	29.60	2.10	49.87
37.70	30.10	25.30	29.30	2.40	49.86
37.80	30.00	25.20	29.90	2.60	49.87
37.90	30.00	25.20	29.90	2.60	49.86
38.00	30.20	25.40	29.90	2.60	49.85
38.10	30.20	25.40	29.90	2.30	49.86
38.20	30.20	25.40	30.60	2.70	49.88
38.30	30.20	25.40	30.60	2.70	49.96
38.40	30.10	25.20	30.40	2.70	49.94
38.50	30.10	25.20	31.00	1.90	50.00
38.60	30.10	25.30	30.70	2.30	50.05
38.70	30.10	25.30	31.20	2.40	50.04
38.80	30.20	25.30	31.00	2.60	50.05
38.90	30.20	25.30	31.00	2.60	50.01
39.00	30.30	25.30	31.60	2.30	50.01
39.10	30.30	25.30	31.80	2.70	50.00
39.20	30.20	25.40	31.30	2.30	49.99
39.30	30.20	25.40	31.30	2.30	50.00
39.40	30.10	25.30	31.30	2.30	49.98
39.50	30.20	25.30	32.10	2.60	49.94
39.60	30.20	25.30	32.40	2.60	49.92
39.70	30.30	25.30	32.10	2.40	49.88
39.80	30.30	25.30	32.30	1.90	49.91
39.90	30.30	25.40	32.30	1.90	49.85
40.00	30.30	25.40	32.60	2.30	49.86
40.10	30.20	25.20	33.20	2.10	49.87
40.20	30.20	25.20	33.20	2.10	49.85
40.30	30.20	25.20	32.90	2.60	49.79
40.40	30.20	25.20	33.30	2.10	49.82
40.50	30.20	25.40	33.60	2.30	49.92
40.60	30.20	25.40	33.30	2.70	50.00
40.70	30.30	25.50	33.30	2.70	50.06
40.80	30.30	25.50	33.60	2.10	50.01
40.90	30.10	25.30	33.60	2.10	50.04
41.00	30.10	25.30	34.40	2.30	50.00
41.10	30.30	25.30	34.10	2.60	50.01
41.20	30.30	25.30	34.40	2.10	49.98
41.30	30.30	25.30	34.40	2.40	50.00
41.40	30.30	25.30	34.70	2.70	49.93
41.50	30.30	25.40	35.00	2.30	49.92
41.60	30.30	25.40	34.70	2.10	49.89
41.70	30.30	25.40	35.50	2.10	49.91
41.80	30.30	25.40	35.20	2.40	49.82
41.90	30.30	25.40	35.20	2.40	49.91
42.00	30.40	25.50	35.20	2.40	49.86
42.10	30.40	25.50	35.50	2.30	49.88
42.20	30.20	25.20	35.60	2.60	49.88
42.30	30.20	25.20	35.80	2.90	49.92
42.40	30.20	25.20	35.90	1.90	49.93
42.50	30.20	25.20	35.90	2.40	50.02
42.60	30.30	25.30	35.80	2.30	49.99
42.70	30.30	25.30	36.30	2.60	50.05
42.80	30.20	25.20	37.00	2.60	50.02
42.90	30.20	25.20	36.70	2.60	50.02
43.00	30.20	25.20	36.90	2.70	49.92
43.10	30.20	25.20	36.90	2.70	49.92
43.20	30.30	25.30	36.90	2.70	49.96
43.30	30.30	25.30	37.30	2.40	49.98
43.40	30.30	25.30	37.30	2.30	49.98
43.50	30.30	25.30	37.30	1.90	49.98
43.60	30.30	25.30	37.50	2.40	49.95
43.70	30.30	25.30	37.80	2.70	49.98
43.80	30.30	25.40	37.90	2.60	49.92
43.90	30.30	25.40	38.10	2.40	49.89
44.00	30.30	25.30	38.10	2.40	49.89
44.10	30.30	25.30	38.60	2.30	49.88
44.20	30.30	25.30	38.40	2.40	49.93
44.30	30.30	25.30	38.40	2.40	49.93
44.40	30.30	25.40	38.60	1.90	49.91
44.50	30.30	25.40	38.60	1.90	49.93
44.60	30.30	25.30	39.30	2.30	49.92
44.70	30.30	25.30	39.20	2.10	49.92
44.80	30.30	25.30	39.00	2.30	50.01
44.90	30.30	25.30	39.00	2.30	47.87
45.00	30.20	25.40	39.00	2.70	48.91
45.10	30.20	25.40	39.20	2.90	48.09
45.20	30.10	25.30	39.00	2.30	48.18
45.30	30.10	25.30	39.00	2.70	48.90
45.40	29.90	25.30	39.30	1.50	47.11
45.50	29.90	25.30	39.30	1.50	42.90
45.60	29.70	25.20	38.70	2.70	20.33
45.70	29.70	25.20	38.70	2.60	12.82
45.80	29.60	25.30	38.70	2.60	9.99
45.90	29.60	25.30	39.00	2.70	7.87
46.00	29.30	25.40	38.70	1.20	6.20
46.10	29.20	25.30	39.00	2.30	4.96
46.20	29.20	25.30	38.90	2.70	4.08
46.30	29.10	25.30	38.90	2.40	3.42
46.40	29.10	25.30	38.70	2.10	3.05
46.50	29.10	25.30	38.40	2.40	2.55
46.60	28.90	25.20	38.60	2.30	2.23
46.70	28.90	25.20	38.60	2.30	1.93
46.80	28.70	25.30	38.60	2.30	1.63
46.90	28.70	25.30	38.60	2.30	1.41
47.00	28.80	25.30	38.90	1.90	1.23
47.10	28.70	25.40	38.70	2.30	1.10
47.20	28.70	25.40	38.70	2.30	0.94
47.30	28.50	25.40	38.60	1.80	0.82
47.40	28.50	25.40	38.70	2.60	0.71
47.50	28.50	25.40	38.70	2.60	0.59
47.60	28.50	25.40	38.90	2.40	0.54
47.70	28.40	25.30	38.30	2.70	0.47
47.80	28.40	25.30	38.60	2.10	0.41
47.90	28.10	25.30	38.60	2.10	0.34
48.00	28.10	25.30	38.40	2.70	0.34
48.10	28.10	25.30	38.40	2.70	0.33
48.20	28.00	25.20	38.90	2.30	0.25
48.30	28.00	25.30	38.60	2.40	0.24
48.40	28.00	25.30	38.60	2.40	0.25
48.50	28.00	25.30	38.70	2.10	0.18
48.60	27.90	25.20	38.30	3.00	0.21
48.70	27.90	25.20	38.70	2.40	0.20
48.80	28.00	25.20	39.00	2.30	0.14
48.90	28.00	25.20	39.00	2.30	0.09
49.00	27.90	25.30	38.30	2.30	0.11
49.10	27.90	25.30	38.10	2.70	0.05
49.20	27.90	25.30	38.70	2.70	0.09
49.30	27.90	25.30	38.40	2.90	0.11
49.40	27.90	25.30	38.40	2.90	0.09
49.50	27.90	25.30	38.40	2.90	0.05
49.60	27.90	25.30	38.60	2.60	0.04
49.70	27.90	25.50	38.70	2.30	0.05
49.80	27.90	25.50	38.60	2.40	0.02
49.90	27.80	25.50	38.40	2.30	0.04
50.00	27.80	25.50	38.40	2.90	0.00
50.10	27.80	25.40	38.40	2.60	0.00
50.20	27.80	25.40	38.10	2.30	-0.04
50.30	27.70	25.30	38.10	2.30	-0.02
50.40	27.70	25.30	38.40	2.30	0.02
50.50	27.70	25.40	38.30	2.40	0.04
50.60	27.70	25.40	38.40	2.70	-0.07
50.70	27.60	25.30	38.40	2.70	-0.05
50.80	27.60	25.30	38.70	2.70	0.00
50.90	27.60	25.40	38.70	2.10	-0.04
51.00	27.60	25.40	38.70	2.10	-0.05
51.10	27.60	25.40	38.60	2.40	-0.04
51.20	27.60	25.40	38.40	2.70	-0.07
51.30	27.50	25.30	38.40	2.70	-0.04
51.40	27.50	25.30	38.60	2.30	-0.07
51.50	27.50	25.40	38.60	2.30	-0.09
51.60	27.50	25.40	38.60	1.60	-0.04
51.70	27.40	25.30	38.30	2.40	-0.05
51.80	27.40	25.30	38.30	2.40	-0.04
51.90	27.40	25.30	38.40	2.30	-0.05
52.00	27.40	25.30	38.40	2.30	-0.07
52.10	27.30	25.30	38.40	2.30	-0.09
52.20	27.30	25.30	38.40	2.60	-0.05
52.30	27.40	25.30	38.70	2.70	-0.11
52.40	27.40	25.30	38.70	2.70	-0.11
52.50	27.40	25.50	38.40	2.40	-0.11
52.60	27.40	25.50	38.40	2.30	-0.18
52.70	27.50	25.30	38.60	1.90	-0.13
52.80	27.50	25.30	38.90	2.60	-0.13
52.90	27.40	25.20	38.90	2.60	-0.11
53.00	27.40	25.20	38.40	2.60	-0.13
53.10	27.20	25.20	38.30	2.60	-0.11
53.20	27.20	25.20	38.30	2.60	-0.11
53.30	27.30	25.50	38.30	2.60	-0.13
53.40	27.30	25.50	38.40	2.60	0.00
53.50	27.20	25.20	38.40	2.60	0.00
53.60	27.20	25.20	38.30	2.40	0.00
53.70	27.20	25.30	38.40	2.10	0.00
53.80	27.10	25.30	38.30	2.10	0.00
53.90	27.10	25.30	38.30	2.10	0.00
54.00	27.30	25.40	38.40	2.70	0.00
54.10	27.30	25.40	38.40	2.40	0.00
54.20	27.20	25.30	38.10	2.60	0.00
54.30	27.20	25.30	38.60	2.60	0.00
54.40	27.10	25.30	38.30	2.30	0.00
54.50	27.10	25.30	38.30	2.30	0.00
54.60	27.30	25.30	38.70	2.10	0.00
54.70	27.30	25.30	38.30	2.60	0.00
54.80	27.30	25.40	38.30	2.60	0.00
54.90	27.30	25.40	38.40	2.40	0.00
55.00	27.20	25.40	38.40	2.60	0.00
55.10	27.20	25.40	38.30	2.40	0.00
55.20	27.10	25.30	38.60	2.40	0.00
55.30	27.10	25.30	38.70	2.30	0.00
55.40	27.20	25.40	38.10	2.60	0.00
55.50	27.20	25.40	38.10	2.60	0.00
55.60	27.10	25.40	38.30	2.40	0.00
55.70	27.10	25.40	38.30	2.30	0.00
55.80	27.00	25.20	38.10	2.40	0.00
55.90	27.00	25.20	38.30	2.30	0.00
56.00	27.10	25.40	38.30	2.30	0.00
56.10	27.10	25.40	38.30	2.30	0.00
56.20	27.00	25.30	38.30	2.10	0.00
56.30	27.00	25.30	38.40	2.40	0.00
56.40	27.00	25.30	38.30	1.80	0.00
56.50	27.00	25.30	38.60	2.60	0.00
56.60	27.00	25.30	38.60	2.60	0.00
56.70	27.00	25.30	38.60	2.60	0.00
56.80	27.00	25.30	38.30	2.40	0.00
56.90	27.00	25.30	38.30	2.40	0.00
57.00	27.00	25.20	39.20	2.40	0.00
57.10	27.10	25.40	38.90	2.40	0.00
57.20	27.10	25.40	38.30	2.40	0.00
57.30	26.90	25.30	38.70	2.30	0.00
57.40	26.90	25.30	38.70	2.30	0.00
57.50	27.20	25.30	38.70	2.30	0.00
57.60	27.20	25.30	38.70	0.40	0.00
57.70	27.10	25.40	38.30	3.30	0.00
57.80	27.10	25.40	38.70	2.70	0.00
57.90	27.00	25.30	38.10	2.30	0.00
58.00	27.00	25.30	38.40	2.70	0.00
58.10	26.90	25.30	38.40	2.70	0.00
58.20	26.90	25.30	38.30	2.10	0.00
58.30	26.90	25.30	38.40	2.40	0.00
58.40	26.90	25.30	38.30	2.60	0.00
58.50	26.90	25.20	38.60	2.10	0.00
58.60	26.90	25.20	38.60	2.10	0.00
58.70	26.80	25.40	38.30	2.70	0.00
58.80	26.90	25.30	38.30	2.70	0.00
58.90	26.90	25.30	38.30	2.40	0.00
59.00	26.70	25.30	38.30	2.10	0.00
59.10	26.70	25.30	37.60	2.60	0.00
59.20	26.90	25.20	38.10	2.30	0.00
59.30	26.90	25.20	38.10	2.30	0.00
59.40	26.90	25.20	38.90	2.40	0.00
59.50	26.70	25.20	38.60	2.60	0.00
59.60	26.70	25.20	38.70	2.70	0.00
59.70	26.70	25.20	38.40	2.30	0.00
59.80	26.80	25.20	38.30	2.40	0.00
59.90	26.80	25.20	38.90	2.30	0.00
60.00	26.80	25.30	38.90	2.30	0.00
60.10	26.80	25.30	38.30	2.30	0.00
60.20	26.70	25.30	38.40	2.30	0.00
60.30	26.70	25.30	38.30	2.10	0.00
60.40	26.70	25.20	36.60	2.70	0.00
60.50	26.70	25.20	38.60	2.70	0.00
60.60	26.80	25.20	38.40	2.30	0.00
60.70	26.80	25.20	38.40	2.30	0.00
60.80	26.70	25.30	38.40	2.30	0.00
60.90	26.70	25.30	38.30	2.30	0.00
61.00	26.70	25.30	38.30	1.90	0.00
61.10	26.70	25.20	37.90	2.60	0.00
61.20	26.70	25.20	37.90	2.60	0.00
61.30	26.70	25.30	37.90	2.60	0.00
61.40	26.70	25.30	38.40	1.80	0.00
61.50	26.70	25.30	37.90	2.40	0.00
61.60	26.70	25.30	38.60	1.90	0.00
61.70	26.60	25.30	38.60	1.90	0.00
61.80	26.60	25.30	38.30	1.90	0.00
61.90	26.80	25.30	38.40	2.30	0.00
62.00	26.80	25.30	38.40	2.60	0.00
62.10	26.70	25.30	38.40	1.00	0.00
62.20	26.70	25.30	36.40	2.30	0.00
62.30	26.70	25.30	38.10	2.40	0.00
62.40	26.60	25.30	38.10	2.40	0.00
62.50	26.80	25.40	38.40	2.40	0.00
62.60	26.80	25.40	38.40	2.40	0.00
62.70	26.80	25.40	38.40	2.40	0.00
62.80	26.80	25.40	38.90	1.90	0.00
62.90	26.80	25.40	38.40	2.40	0.00
63.00	26.80	25.40	38.30	2.70	0.00
63.10	26.70	25.40	38.30	2.70	0.00
63.20	26.70	25.40	38.40	2.10	0.00
63.30	26.70	25.30	38.10	2.40	0.00
63.40	26.70	25.30	38.40	2.30	0.00
63.50	26.50	25.20	38.60	2.40	0.00
63.60	26.50	25.20	38.30	2.10	0.00
63.70	26.60	25.30	38.30	2.10	0.00
63.80	26.60	25.30	38.60	1.60	0.00
63.90	26.60	25.30	38.10	2.40	0.00
64.00	26.40	25.20	38.10	2.40	0.00
64.10	26.40	25.20	38.10	2.40	0.00
64.20	26.70	25.40	38.30	2.40	0.00
64.30	26.70	25.40	38.30	2.40	0.00
64.40	26.60	25.30	38.70	2.60	0.00
64.50	26.60	25.30	38.40	2.30	0.00
64.60	26.50	25.30	38.10	2.60	0.00
64.70	26.50	25.30	38.40	2.30	0.00
64.80	26.70	25.30	38.30	2.40	0.00
64.90	26.70	25.30	38.40	2.60	0.00
65.00	26.60	25.30	38.40	2.30	0.00
65.10	26.60	25.30	38.60	2.30	0.00
65.20	26.60	25.30	38.60	2.30	0.00
65.30	26.60	25.30	38.30	2.60	0.00
65.40	26.50	25.40	38.30	2.60	0.00
65.50	26.50	25.40	38.40	2.40	0.00
65.60	26.50	25.30	38.30	2.40	0.00
65.70	26.50	25.30	38.10	2.40	0.00
65.80	26.50	25.30	38.10	2.40	0.00
65.90	26.50	25.30	38.30	2.40	0.00
66.00	26.50	25.30	38.60	2.30	0.00
66.10	26.50	25.40	38.60	2.10	0.00
66.20	26.50	25.40	38.30	2.60	0.00
66.30	26.50	25.30	38.40	3.00	0.00
66.40	26.50	25.30	38.30	3.00	0.00
66.50	26.50	25.30	38.30	3.00	0.00
66.60	26.60	25.40	38.30	3.00	0.00
66.70	26.60	25.40	38.60	2.40	0.00
66.80	26.50	25.40	38.10	2.10	0.00
66.90	26.50	25.40	38.10	2.70	0.00
67.00	26.50	25.30	38.10	2.70	0.00
67.10	26.40	25.20	38.10	2.30	0.00
67.20	26.40	25.20	38.10	2.40	0.00
67.30	26.60	25.30	37.90	2.30	0.00
67.40	26.60	25.30	38.60	2.70	0.00
67.50	26.50	25.30	38.60	2.70	0.00
67.60	26.50	25.30	38.30	2.90	0.00
67.70	26.40	25.40	38.60	2.10	0.00
67.80	26.40	25.40	37.90	2.60	0.00
67.90	26.50	25.40	37.90	2.60	0.00
68.00	26.60	25.40	37.90	2.60	0.00
68.10	26.60	25.40	38.60	2.60	0.00
68.20	26.50	25.30	38.40	2.10	0.00
68.30	26.50	25.30	38.60	2.30	0.00
68.40	26.40	25.30	38.60	2.30	0.00
68.50	26.40	25.30	38.40	2.70	0.00
68.60	26.50	25.40	38.60	2.60	0.00
68.70	26.50	25.40	38.40	2.30	0.00
68.80	26.40	25.30	38.40	2.30	0.00
68.90	26.40	25.30	38.30	1.90	0.00
69.00	26.50	25.30	38.30	2.40	0.00
69.10	26.50	25.30	38.40	2.30	0.00
69.20	26.40	25.30	38.10	2.30	0.00
69.30	26.40	25.30	38.10	2.30	0.00
69.40	26.50	25.40	38.10	2.30	0.00
69.50	26.40	25.40	38.40	2.70	0.00
69.60	26.40	25.40	38.40	2.70	0.00
69.70	26.50	25.50	38.40	2.60	0.00
69.80	26.50	25.50	38.30	2.10	0.00
69.90	26.40	25.30	38.30	2.10	0.00
70.00	26.40	25.30	38.60	2.90	0.00
70.10	26.40	25.30	38.30	2.90	0.00
70.20	26.40	25.30	38.30	2.30	0.00
70.30	26.30	25.30	38.10	2.90	0.00
70.40	26.30	25.30	38.40	2.10	0.00
70.50	26.40	25.40	38.10	2.60	0.00
70.60	26.40	25.40	38.10	2.60	0.00
70.70	26.30	25.30	38.40	2.40	0.00
70.80	26.30	25.30	38.30	2.70	0.00
70.90	26.30	25.30	37.90	2.40	0.00
71.00	26.30	25.30	37.90	2.40	0.00
71.10	26.30	25.20	38.60	2.30	0.00
71.20	26.30	25.20	38.30	2.30	0.00
71.30	26.30	25.30	38.30	2.30	0.00
71.40	26.30	25.30	37.80	2.40	0.00
71.50	26.30	25.30	38.10	2.40	0.00
71.60	26.30	25.30	38.60	2.40	0.00
71.70	26.40	25.40	38.30	1.90	0.00
71.80	26.30	25.40	38.30	1.90	0.00
71.90	26.30	25.40	38.30	1.90	0.00
72.00	26.30	25.40	38.10	2.30	0.00
72.10	26.30	25.40	38.40	0.30	0.00
72.20	26.30	25.40	38.40	0.30	0.00
72.30	26.50	25.50	36.30	2.90	0.00
72.40	26.50	25.50	36.90	2.70	0.00
72.50	26.40	25.40	38.10	2.60	0.00
72.60	26.40	25.40	38.60	2.30	0.00
72.70	26.30	25.30	38.60	2.30	0.00
72.80	26.30	25.30	37.80	2.40	0.00
72.90	26.40	25.30	36.60	2.70	0.00
73.00	26.30	25.30	38.40	2.60	0.00
73.10	26.30	25.30	38.70	1.90	0.00
73.20	26.30	25.30	38.70	1.90	0.00
73.30	26.20	25.20	38.70	1.90	0.00
73.40	26.20	25.20	38.10	2.90	0.00
73.50	26.20	25.20	38.70	3.50	0.00
73.60	26.20	25.20	38.70	3.50	0.00
73.70	26.40	25.40	38.40	2.40	0.00
73.80	26.40	25.40	38.60	2.90	0.00
73.90	26.40	25.50	38.40	2.40	0.00
74.00	26.40	25.50	38.40	2.40	0.00
74.10	26.20	25.30	38.60	2.60	0.00
74.20	26.20	25.30	38.40	2.60	0.00
74.30	26.40	25.40	38.10	2.30	0.00
74.40	26.40	25.40	38.30	3.60	0.00
74.50	26.30	25.30	38.30	2.10	0.00
74.60	26.30	25.30	38.30	2.10	0.00
74.70	26.20	25.30	38.10	2.90	0.00
74.80	26.20	25.30	38.70	2.60	0.00
74.90	26.20	25.30	38.30	1.90	0.00
75.00	26.20	25.30	38.10	2.30	0.00
75.10	26.20	25.30	38.30	2.40	0.00
75.20	26.30	25.30	38.40	2.70	0.00
75.30	26.30	25.30	38.30	2.10	0.00
75.40	26.30	25.40	38.70	2.10	0.00
75.50	26.30	25.40	38.70	2.10	0.00
75.60	26.30	25.40	38.40	2.60	0.00
75.70	26.30	25.40	38.40	2.60	0.00
75.80	26.20	25.30	38.30	2.70	0.00
75.90	26.20	25.30	38.30	2.70	0.00
76.00	26.10	25.30	38.30	1.90	0.00
76.10	26.10	25.30	37.90	1.90	0.00
76.20	26.10	25.30	38.40	2.10	0.00
76.30	26.20	25.20	38.40	2.10	0.00
76.40	26.20	25.20	39.00	1.30	0.00
76.50	26.30	25.30	38.60	1.90	0.00
76.60	26.30	25.30	38.40	1.50	0.00
76.70	26.40	25.10	38.10	1.30	0.00
76.80	26.10	25.10	38.10	1.30	0.00
76.90	26.10	25.10	37.50	1.30	0.00
77.00	26.30	25.20	38.30	1.50	0.00
77.10	26.30	25.20	38.60	0.90	0.00
77.20	26.10	24.90	38.60	0.90	0.00
77.30	26.10	25.10	38.60	0.90	0.00
77.40	26.10	25.10	38.30	1.00	0.00
77.50	26.20	25.00	38.40	0.70	0.00
77.60	26.20	25.00	38.30	1.20	0.00
77.70	26.20	25.10	38.30	1.20	6.33
77.80	26.20	25.10	38.40	0.70	5.79
77.90	26.20	24.90	38.40	1.00	4.62
78.00	26.20	24.90	38.40	1.00	3.84
78.10	26.10	25.00	38.30	1.00	3.66
78.20	26.10	25.00	38.40	0.70	4.19
78.30	26.10	25.00	38.60	0.70	7.48
78.40	26.10	25.00	38.60	0.70	10.48
78.50	26.10	25.00	38.30	0.90	12.27
78.60	26.10	24.80	38.60	0.90	12.95
78.70	26.10	24.80	38.60	0.90	14.36
78.80	26.20	24.90	38.60	0.90	17.51
78.90	26.20	24.90	38.60	0.90	20.40
79.00	26.30	25.00	38.40	0.40	21.08
79.10	26.30	25.00	38.30	0.70	21.94
79.20	26.10	24.80	38.30	0.70	23.43
79.30	26.10	24.80	38.40	1.00	25.65
79.40	26.10	24.90	38.30	0.90	29.28
79.50	26.10	24.90	38.70	0.70	31.47
79.60	26.10	24.90	38.70	0.70	33.31
79.70	26.10	24.90	38.60	1.00	34.73
79.80	26.10	24.90	38.60	1.00	36.04
79.90	26.10	24.90	38.30	0.60	38.57
80.00	25.90	24.80	38.30	0.60	41.03
80.10	25.90	24.80	38.30	0.70	41.82
80.20	25.90	24.80	38.30	0.70	43.23
80.30	26.10	24.90	37.90	0.30	45.63
80.40	26.10	24.90	38.30	0.10	47.74
80.50	26.10	24.90	38.30	0.10	48.69
80.60	26.10	25.00	38.40	0.60	48.33
80.70	26.10	25.00	38.60	-0.20	49.28
80.80	26.10	25.00	38.40	-0.50	47.85
80.90	26.10	25.00	38.40	0.30	47.68
81.00	26.10	25.00	38.40	0.30	46.31
81.10	26.10	25.00	38.40	-0.40	40.94
81.20	26.10	24.90	38.40	-0.40	36.21
81.30	26.10	24.90	38.40	-0.20	34.19
81.40	26.10	24.70	37.90	-0.40	32.97
81.50	26.00	24.80	37.90	-0.40	32.20
81.60	26.00	24.80	37.90	-0.40	31.72
81.70	26.20	24.70	38.60	-0.50	31.42
81.80	26.20	24.70	38.30	-0.70	31.19
81.90	26.20	24.70	38.40	-0.80	30.96
82.00	26.20	24.70	37.90	-0.50	30.87
82.10	26.20	24.60	38.30	-0.70	30.71
82.20	26.20	24.60	38.40	-0.50	30.51
82.30	26.10	24.70	38.30	-0.70	30.56
82.40	26.10	24.70	38.30	-0.70	30.43
82.50	26.10	24.50	37.80	-0.80	30.43
82.60	26.10	24.60	38.40	-0.80	30.42
82.70	26.10	24.60	38.40	-0.80	30.39
82.80	26.10	24.50	38.40	-0.80	30.36
82.90	26.10	24.50	38.40	-0.80	30.36
83.00	26.20	24.40	38.30	-1.40	30.35
83.10	26.20	24.40	38.40	-1.10	30.32
83.20	26.20	24.50	38.10	-1.30	30.37
83.30	26.20	24.50	38.60	-1.40	30.32
83.40	26.20	24.50	38.30	-1.10	30.36
83.50	26.20	24.50	38.30	-1.10	30.31
83.60	26.10	24.40	38.30	-1.30	30.30
83.70	26.00	24.40	38.30	-1.30	30.35
83.80	26.00	24.40	38.60	-2.10	30.32
83.90	26.10	24.30	38.30	-1.60	30.24
84.00	26.10	24.30	38.40	-1.70	30.29
84.10	26.10	24.40	38.40	-1.70	30.29
84.20	26.10	24.40	38.10	-1.40	30.29
84.30	26.10	24.30	38.40	-1.60	30.29
84.40	26.10	24.30	38.40	-2.10	30.35
84.50	26.00	24.20	38.40	-2.10	30.32
84.60	26.00	24.20	38.40	-2.10	30.32
84.70	26.00	24.30	38.30	-2.10	30.33
84.80	26.00	24.30	38.30	-2.10	30.30
84.90	26.10	24.30	38.10	-2.10	30.32
85.00	26.10	24.30	38.30	-1.90	30.33
85.10	26.10	24.30	38.10	-2.10	30.29
85.20	26.10	24.30	38.60	-1.60	30.27
85.30	26.20	24.40	38.60	-1.60	30.32
85.40	26.20	24.40	38.30	-1.70	30.26
85.50	26.00	24.20	38.30	-1.70	30.26
85.60	26.00	24.20	38.40	-2.50	30.26
85.70	26.10	24.40	38.30	-1.90	30.30
85.80	26.10	24.40	38.30	-1.90	30.33
85.90	26.00	24.10	38.40	-2.40	30.26
86.00	26.00	24.10	38.40	-2.20	30.29
86.10	26.20	24.30	38.70	-2.50	30.31
86.20	26.20	24.30	37.90	-2.50	30.31
86.30	26.00	24.10	38.60	-2.70	30.33
86.40	26.00	24.10	38.10	-2.20	30.30
86.50	26.00	24.10	38.10	-2.20	30.35
86.60	26.00	24.10	38.60	-2.50	30.27
86.70	26.00	24.10	38.30	-2.80	30.33
86.80	25.90	24.00	38.30	-2.80	30.30
86.90	25.90	24.00	38.30	-2.80	30.29
87.00	25.90	24.30	38.40	-2.80	30.24
87.10	25.90	24.30	38.40	-2.80	30.30
87.20	26.00	24.30	38.10	-2.40	30.27
87.30	26.10	24.30	38.40	-2.70	30.27
87.40	26.10	24.30	37.90	-3.00	30.31
87.50	26.00	24.20	38.60	-2.80	30.27
87.60	26.00	24.20	38.10	-3.10	30.30
87.70	26.00	24.20	38.40	-3.00	30.25
87.80	26.00	24.20	38.40	-3.00	30.26
87.90	25.90	24.20	38.60	-3.30	30.27
88.00	25.90	24.20	38.40	-3.00	30.29
88.10	26.10	24.30	38.40	-3.00	30.31
88.20	26.10	24.30	38.30	-2.50	30.31
88.30	26.10	24.30	38.70	-3.10	30.29
88.40	26.00	24.00	38.70	-3.10	30.22
88.50	26.00	24.20	38.10	-3.40	30.25
88.60	26.00	24.20	38.30	-2.80	30.24
88.70	25.90	24.00	38.30	-3.60	30.24
88.80	25.90	24.00	38.10	-3.30	30.27
88.90	26.00	24.10	38.10	-3.30	30.32
89.00	26.00	24.10	38.10	-3.10	30.23
89.10	26.00	24.10	38.10	-2.80	30.29
89.20	26.00	24.10	38.10	-2.80	30.32
89.30	26.00	24.20	38.60	-2.80	30.29
89.40	26.00	24.20	38.40	-2.80	30.30
89.50	26.00	24.20	38.40	-2.80	30.27
89.60	26.00	24.20	38.10	-3.10	30.25
89.70	25.80	24.20	37.90	-2.80	30.26
89.80	25.80	24.20	38.40	-3.30	30.26
89.90	25.90	24.30	38.40	-2.80	30.25
90.00	25.90	24.30	38.40	-2.70	30.27
90.10	26.00	24.30	38.30	-2.80	30.32
90.20	26.00	24.30	38.30	-3.00	30.29
90.30	26.00	24.40	38.60	-2.80	30.26
90.40	26.00	24.40	38.60	-2.80	30.27
90.50	25.90	24.30	38.30	-2.80	30.26
90.60	25.90	24.30	38.10	-3.00	30.27
90.70	26.00	24.30	38.10	-3.00	30.32
90.80	26.00	24.30	38.30	-2.80	30.25
90.90	25.90	24.20	38.40	-2.70	30.25
91.00	25.90	24.20	38.40	-2.70	30.25
91.10	26.00	24.40	37.90	-3.10	30.31
91.20	26.00	24.40	38.30	-2.80	30.26
91.30	26.10	24.50	38.40	-2.70	30.24
91.40	26.10	24.50	39.00	-2.70	30.22
91.50	25.90	24.40	38.70	-2.50	30.26
91.60	25.90	24.40	38.70	-2.50	30.33
91.70	25.90	24.40	38.60	-2.80	30.26
91.80	25.90	24.40	38.30	-2.50	30.22
91.90	25.90	24.40	38.30	-2.50	30.23
92.00	25.90	24.40	38.30	-2.50	30.24
92.10	25.90	24.40	38.30	-2.50	30.29
92.20	25.90	24.40	38.40	-2.50	30.26
92.30	26.00	24.50	38.10	-2.80	30.25
92.40	26.00	24.50	38.10	-2.80	30.25
92.50	26.00	24.50	38.30	-2.80	30.27
92.60	26.00	24.50	38.70	-3.00	30.30
92.70	26.00	24.40	38.30	-2.70	30.25
92.80	26.00	24.40	38.40	-2.50	30.26
92.90	26.00	24.40	38.60	-2.20	30.29
93.00	25.90	24.50	38.60	-2.20	30.30
93.10	25.90	24.50	38.30	-2.70	30.30
93.20	25.90	24.40	38.60	-2.50	30.23
93.30	25.90	24.40	38.60	-2.50	22.78
93.40	26.00	24.60	38.30	-2.80	28.34
93.50	26.00	24.60	38.30	-2.80	31.94
93.60	25.80	24.40	38.40	-2.70	32.96
93.70	25.80	24.40	38.40	-2.70	32.32
93.80	25.90	24.40	37.90	-3.00	31.58
93.90	25.90	24.40	38.90	-3.40	31.34
94.00	25.80	24.40	38.40	-2.80	31.09
94.10	25.80	24.40	38.30	-3.00	30.88
94.20	25.90	24.40	38.30	-3.00	30.69
94.30	25.90	24.40	38.30	-3.10	30.64
94.40	25.90	24.30	38.30	-3.30	30.55
94.50	25.90	24.30	38.30	-3.30	30.50
94.60	25.90	24.30	38.30	-3.30	30.45
94.70	25.90	24.30	38.30	-3.10	30.45
94.80	25.90	24.30	38.40	-3.30	30.44
94.90	25.90	24.30	38.40	-3.30	30.41
95.00	25.90	24.30	38.70	-3.00	30.42
95.10	26.00	24.30	38.70	-3.00	30.38
95.20	26.00	24.30	38.40	-3.10	30.38
95.30	26.00	24.40	38.30	-3.10	30.38
95.40	25.90	24.40	38.30	-3.10	30.38
95.50	25.90	24.40	38.30	-3.30	30.35
95.60	25.90	24.40	38.60	-3.00	30.38
95.70	25.90	24.40	38.10	-3.30	30.35
95.80	25.90	24.30	38.90	-3.00	30.33
95.90	25.90	24.30	38.40	-3.10	30.38
96.00	25.90	24.40	38.40	-3.10	30.33
96.10	25.90	24.40	38.40	-3.00	30.35
96.20	25.90	24.30	38.40	-3.00	30.38
96.30	25.90	24.30	38.40	-3.00	30.30
96.40	25.90	24.40	38.60	-3.10	30.36
96.50	25.90	24.40	38.60	-3.10	30.36
96.60	26.00	24.50	38.10	-3.10	30.33
96.70	26.00	24.50	37.90	-3.10	30.38
96.80	25.70	24.20	38.60	-3.10	30.37
96.90	25.70	24.20	38.40	-3.10	30.29
97.00	26.00	24.40	38.40	-3.10	30.33
97.10	25.90	24.60	38.10	-3.00	30.37
97.20	25.90	24.60	37.90	-3.30	30.41
97.30	25.90	24.50	38.10	-3.10	30.32
97.40	25.90	24.50	38.10	-3.10	30.33
97.50	25.80	24.30	38.30	-3.00	30.33
97.60	25.80	24.30	38.10	-3.10	30.35
97.70	25.80	24.50	37.80	-3.40	30.33
97.80	25.80	24.50	38.40	-3.30	30.39
97.90	25.90	24.40	38.30	-3.30	30.36
98.00	26.00	24.50	38.40	-3.00	30.42
98.10	26.00	24.50	38.40	-2.80	30.33
98.20	26.00	24.50	38.10	-2.80	30.35
98.30	25.90	24.50	38.10	-3.10	30.30
98.40	25.90	24.50	38.30	-3.10	30.39
98.50	25.90	24.50	38.30	-3.10	30.37
98.60	25.90	24.50	38.30	-3.10	30.26
98.70	25.80	24.50	38.30	-3.30	30.37
98.80	25.80	24.50	38.30	-2.70	30.33
98.90	25.80	24.50	38.10	-3.10	30.35
99.00	25.80	24.50	38.30	-3.00	30.41
99.10	25.90	24.50	38.10	-3.10	30.37
99.20	25.90	24.50	38.30	-3.40	30.41
99.30	25.90	24.50	38.10	-3.10	30.41
99.40	25.80	24.50	38.10	-3.10	30.35
99.50	25.80	24.50	38.30	-2.80	30.27
99.60	25.90	24.50	38.10	-2.40	30.37
99.70	25.90	24.50	38.10	-2.40	30.35
99.80	25.70	24.40	37.80	-3.10	30.38
99.90	25.70	24.40	37.80	-3.10	30.37
100.00	25.80	24.40	38.30	-3.60	30.37
100.10	25.80	24.40	38.10	-3.10	30.41
100.20	25.80	24.50	38.30	-3.00	30.41
100.30	25.80	24.50	38.30	-3.00	30.35
100.40	25.90	24.60	38.30	-3.00	30.33
100.50	25.90	24.60	38.40	-3.10	30.36
100.60	25.90	24.50	38.40	-3.00	30.41
100.70	25.90	24.50	38.40	-3.30	30.41
100.80	25.90	24.50	38.40	-3.30	30.33
100.90	25.90	24.50	38.40	-3.30	30.44
101.00	25.90	24.50	38.30	-3.00	30.38
101.10	25.90	24.50	38.30	-3.00	30.42
101.20	25.90	24.40	38.30	-3.00	30.41
101.30	25.90	24.40	38.30	-3.00	30.33
101.40	25.80	24.50	38.60	-3.40	30.41
101.50	25.80	24.50	38.10	-2.80	30.36
101.60	25.70	24.40	38.10	-2.80	30.37
101.70	25.70	24.40	38.10	-2.80	30.38
101.80	25.80	24.50	38.40	-3.00	30.33
101.90	25.80	24.50	38.30	-3.00	30.38
102.00	25.80	24.50	38.30	-3.40	30.33
102.10	25.80	24.50	37.90	-3.10	30.32
102.20	25.80	24.50	37.90	-3.10	30.36
102.30	25.80	24.50	38.10	-2.80	30.35
102.40	25.80	24.50	38.70	-3.40	30.35
102.50	25.80	24.50	38.70	-3.40	30.27
102.60	25.90	24.50	38.30	-3.00	30.27
102.70	25.90	24.50	38.70	-2.50	30.35
102.80	25.90	24.50	38.70	-3.00	30.39
102.90	25.90	24.50	38.70	-3.00	30.41
103.00	25.80	24.50	38.60	-4.70	30.35
103.10	25.80	24.50	38.10	-3.00	30.33
103.20	25.80	24.60	38.30	-3.00	30.35
103.30	25.80	24.60	37.90	-2.80	4.01
103.40	25.80	24.50	38.30	-2.80	3.72
103.50	25.80	24.50	38.70	-2.80	3.49
103.60	25.80	24.50	38.60	-2.80	3.39
103.70	25.80	24.50	38.60	-2.80	3.21
103.80	25.90	24.50	38.60	-2.80	3.05
103.90	25.90	24.50	38.30	-3.10	2.95
104.00	25.70	24.40	38.40	-3.10	2.78
104.10	25.70	24.40	38.40	-2.70	2.66
104.20	25.80	24.40	38.10	-3.00	0.00
104.30	25.80	24.40	38.40	-2.40	0.00
104.40	26.00	24.70	38.60	-2.80	0.00
104.50	26.00	24.70	38.10	-2.40	0.00
104.60	26.00	24.70	38.10	-2.40	0.00
104.70	26.00	24.70	37.90	-3.10	0.00
104.80	25.80	24.50	38.90	-3.30	0.00
104.90	25.80	24.50	38.40	-2.80	0.00
105.00	25.80	24.50	38.40	-2.80	0.00
105.10	25.90	24.60	38.40	-2.80	0.00
105.20	25.80	24.50	38.40	-3.10	0.00
105.30	25.80	24.50	38.30	-3.00	0.00
105.40	25.90	24.50	38.60	-3.60	0.00
105.50	25.90	24.50	38.60	-3.60	0.00
105.60	25.80	24.60	38.30	-2.70	0.00
105.70	25.80	24.60	38.30	-4.10	0.00
105.80	25.90	24.60	38.30	-2.80	0.00
105.90	25.90	24.60	38.30	-2.70	0.00
106.00	25.90	24.50	38.70	-3.10	0.00
106.10	25.90	24.50	38.70	-4.40	0.00
106.20	25.90	24.60	38.70	-4.40	0.00
106.30	25.90	24.60	38.90	-3.10	0.00
106.40	25.80	24.50	38.90	-3.10	0.00
106.50	25.80	24.50	38.40	-3.40	0.00
106.60	26.00	24.50	38.10	-3.00	0.00
106.70	26.00	24.50	38.30	-3.10	0.00
106.80	25.90	24.60	38.30	-3.10	0.00
106.90	25.90	24.60	37.90	-3.10	0.00
107.00	25.90	24.60	38.40	-3.00	0.00
107.10	25.70	24.50	38.10	-2.80	0.00
107.20	25.70	24.50	38.40	-3.40	0.00
107.30	25.80	24.60	38.30	-3.40	0.00
107.40	25.80	24.60	38.40	-3.10	0.00
107.50	25.90	24.60	38.40	-3.10	0.00
107.60	25.90	24.60	38.40	-3.00	0.00
107.70	25.90	24.60	38.40	-3.00	0.00
107.80	25.90	24.60	38.30	-2.70	0.00
107.90	25.70	24.50	38.30	-2.70	0.00
108.00	25.70	24.50	37.90	-3.30	0.00
108.10	25.90	24.60	38.30	-2.70	0.00
108.20	25.90	24.60	38.10	-2.80	0.00
108.30	25.80	24.60	38.10	-2.80	0.00
108.40	25.80	24.60	38.40	-3.10	0.00
108.50	25.90	24.60	38.30	-3.00	0.00
108.60	25.90	24.60	38.30	-3.10	0.00
108.70	25.90	24.40	38.10	-2.50	0.00
108.80	25.80	24.40	38.10	-2.50	0.00
108.90	25.80	24.40	38.40	-2.40	0.00
109.00	25.80	24.60	38.30	-2.70	0.00
109.10	25.80	24.60	38.30	-2.70	0.00
109.20	25.80	24.60	38.30	-2.70	0.00
109.30	25.80	24.60	38.10	-3.10	0.00
109.40	25.70	24.40	38.30	-3.10	0.00
109.50	25.70	24.40	38.30	-3.10	0.00
109.60	25.80	24.50	38.10	-3.30	0.00
109.70	25.80	24.50	38.40	-3.00	0.00
109.80	25.80	24.50	38.30	-3.00	0.00
109.90	25.80	24.50	38.30	-2.80	0.00
110.00	25.70	24.60	38.30	-2.80	0.00
110.10	25.70	24.60	37.60	-2.70	0.00
110.20	25.90	24.60	38.40	-2.80	0.00
110.30	25.90	24.60	38.40	-2.80	0.00
110.40	25.90	24.70	37.90	-2.80	0.00
110.50	25.90	24.70	37.90	-2.80	0.00
110.60	25.80	24.50	38.40	-2.70	0.00
110.70	25.80	24.50	38.40	-2.70	0.00
110.80	25.90	24.60	38.10	-3.40	0.00
110.90	25.90	24.60	38.40	-2.80	0.00
111.00	25.80	24.60	38.10	-3.10	0.00
111.10	25.80	24.60	38.60	-3.00	0.00
111.20	25.70	24.60	37.90	-2.70	0.00
111.30	25.70	24.60	38.40	-3.00	0.00
111.40	25.90	24.60	38.40	-3.10	0.00
111.50	25.90	24.60	38.40	-3.10	0.00
111.60	25.80	24.70	38.40	-3.40	0.00
111.70	25.80	24.70	38.30	-2.50	0.00
111.80	25.90	24.50	38.30	-2.50	0.00
111.90	25.90	24.50	38.30	-2.50	0.00
112.00	25.80	24.50	38.10	-3.30	0.00
112.10	25.80	24.50	38.30	-2.40	0.00
112.20	25.90	24.60	38.60	-3.00	0.00
112.30	25.90	24.60	38.60	-3.00	0.00
112.40	25.80	24.50	38.40	-2.80	0.00
112.50	25.80	24.50	38.30	-2.80	0.00
112.60	25.80	24.50	38.30	-3.40	0.00
112.70	25.90	24.60	38.60	-2.80	0.00
112.80	25.80	24.60	38.10	-2.70	0.00
112.90	25.80	24.60	37.90	-3.30	0.00
113.00	25.80	24.60	38.40	-3.30	0.00
113.10	25.70	24.60	38.40	-3.30	0.00
113.20	25.70	24.60	38.40	-3.30	0.00
113.30	25.80	24.50	38.40	-3.00	0.00
113.40	25.80	24.50	38.30	-2.40	0.00
113.50	25.80	24.60	38.30	-2.70	0.00
113.60	25.80	24.60	38.60	-2.80	0.00
113.70	25.70	24.50	38.60	-2.80	0.00
113.80	25.70	24.50	38.30	-3.10	0.00
113.90	25.70	24.40	38.40	-2.70	0.00
114.00	25.70	24.40	38.40	-2.70	0.00
114.10	25.70	24.50	38.40	-3.00	0.00
114.20	25.70	24.50	38.60	-3.30	0.00
114.30	25.70	24.50	38.60	-2.70	0.00
114.40	25.70	24.50	38.10	-3.00	0.00
114.50	25.80	24.50	38.10	-3.00	0.00
114.60	25.80	24.50	38.10	-3.00	0.00
114.70	25.80	24.50	38.10	-3.00	0.00
114.80	25.80	24.70	38.10	-3.00	0.00
114.90	25.80	24.70	38.70	-2.80	0.00
115.00	25.70	24.60	38.30	-2.80	0.00
115.10	25.70	24.60	38.30	-3.10	0.00
115.20	25.90	24.60	38.40	-3.00	0.00
115.30	25.90	24.60	38.30	-2.80	0.00
115.40	25.70	24.60	38.30	-3.00	0.00
115.50	25.70	24.60	38.40	-2.80	0.00
115.60	25.70	24.60	38.40	-2.80	0.00
115.70	25.70	24.60	38.30	-2.80	0.00
115.80	25.70	24.60	38.30	-2.80	0.00
115.90	25.70	24.60	38.30	-2.80	0.00
116.00	25.70	24.60	38.30	-2.80	0.00
116.10	25.70	24.60	38.40	-2.50	0.00
116.20	25.70	24.50	37.90	-3.10	0.00
116.30	25.70	24.50	37.90	-3.10	0.00
116.40	25.80	24.70	38.40	-3.30	0.00
116.50	25.80	24.70	38.60	-2.80	0.00
116.60	25.80	24.70	38.30	-2.80	0.00
116.70	25.80	24.60	38.40	-3.10	0.00
116.80	25.80	24.60	38.40	-3.10	0.00
116.90	25.90	24.60	38.10	-2.80	0.00
117.00	25.90	24.60	38.30	-3.10	0.00
117.10	25.80	24.50	38.30	-2.80	0.00
117.20	25.80	24.50	38.30	-2.80	0.00
117.30	25.90	24.60	38.30	-2.80	0.00
117.40	25.90	24.60	38.40	-2.50	0.00
117.50	25.80	24.60	38.40	-3.00	0.00
117.60	25.80	24.60	38.40	-3.00	0.00
117.70	25.80	24.70	38.10	-2.80	0.00
117.80	25.80	24.70	38.10	-2.80	0.00
117.90	25.70	24.50	37.90	-3.00	0.00
118.00	25.70	24.50	38.30	-3.00	0.00
118.10	25.90	24.60	38.60	-2.80	0.00
118.20	25.90	24.60	38.30	-2.80	0.00
118.30	25.90	24.60	38.30	-2.80	0.00
118.40	25.90	24.60	38.40	-3.10	0.00
118.50	25.90	24.60	38.40	-3.00	0.00
118.60	25.60	24.50	38.40	-3.00	0.00
118.70	25.60	24.50	38.70	-2.70	0.00
118.80	25.90	24.80	38.60	-3.10	0.00
118.90	25.90	24.80	38.60	-3.10	0.00
119.00	25.90	24.70	38.30	-3.10	0.00
119.10	25.90	24.70	38.30	-3.10	0.00
119.20	25.90	24.60	38.30	-2.80	0.00
119.30	25.90	24.60	38.40	-3.00	0.00
119.40	25.80	24.70	38.40	-2.80	0.00
119.50	25.80	24.70	38.40	-2.80	0.00
119.60	25.90	24.70	37.90	-2.80	0.00
119.70	25.80	24.60	37.60	-2.50	0.00
119.80	25.80	24.60	37.90	-2.70	0.00
119.90	25.80	24.60	37.90	-2.70	0.00
120.00	25.80	24.60	38.10	-3.30	0.00
120.10	25.80	24.60	37.90	-3.00	0.00
120.20	25.90	24.60	38.30	-2.70	0.00
120.30	25.90	24.60	38.60	-2.70	0.00
120.40	25.80	24.70	38.40	-3.00	0.00
120.50	25.80	24.70	38.40	-3.00	0.00
120.60	25.80	24.70	38.10	-3.10	0.00
120.70	25.80	24.70	38.60	-3.10	0.00
120.80	25.80	24.70	38.40	-2.20	0.00
120.90	25.80	24.70	38.40	-2.20	0.00
121.00	25.80	24.70	37.90	-2.80	0.00
121.10	25.80	24.70	38.70	-2.80	0.00
121.20	25.80	24.70	38.70	-2.80	0.00
121.30	25.90	24.70	38.40	-3.10	0.00
121.40	25.90	24.70	38.40	-3.10	0.00
121.50	25.80	24.50	38.10	-3.30	0.00
121.60	25.80	24.50	38.10	-2.80	0.00
121.70	25.90	24.60	38.40	-2.80	0.00
121.80	25.90	24.60	38.60	-3.90	0.00
121.90	25.80	24.60	38.60	-3.90	0.00
122.00	25.80	24.60	37.90	-3.10	0.00
122.10	25.80	24.70	38.30	-3.10	0.00
122.20	25.80	24.70	38.30	-3.00	0.00
122.30	25.80	24.60	38.40	-2.80	0.00
122.40	25.80	24.60	38.40	-3.00	0.00
122.50	25.70	24.70	38.40	-3.00	0.00
122.60	25.70	24.70	38.30	-3.10	0.00
122.70	25.70	24.40	38.30	-3.10	0.00
122.80	25.70	24.40	38.40	-2.80	0.00
122.90	25.80	24.70	37.90	-3.10	0.00
123.00	25.80	24.70	38.30	-2.80	0.00
123.10	25.90	24.60	38.30	-2.80	0.00
123.20	25.90	24.60	37.90	-2.80	0.00
123.30	25.90	24.70	37.90	-2.80	0.00
123.40	25.90	24.70	38.30	-2.50	0.00
123.50	25.80	24.60	38.30	-3.10	0.00
123.60	25.80	24.60	38.30	-3.10	0.00
123.70	25.70	24.70	38.30	-4.70	0.00
123.80	25.70	24.70	38.60	-3.00	0.00
123.90	25.90	24.60	38.60	-3.00	0.00
124.00	25.90	24.60	38.60	-3.00	0.00
124.10	25.70	24.70	38.40	-2.70	0.00
124.20	25.70	24.70	38.30	-2.70	0.00
124.30	25.90	24.70	38.30	-2.70	0.00
124.40	25.90	24.70	38.90	-2.80	0.00
124.50	25.80	24.60	38.60	-3.10	0.00
124.60	25.80	24.60	38.40	-3.30	0.00
124.70	25.80	24.70	38.30	-3.00	0.00
124.80	25.80	24.70	38.10	-3.30	0.00
124.90	25.70	24.60	38.60	-2.50	0.00
125.00	25.70	24.60	38.60	-2.50	0.00
125.10	25.80	24.70	38.10	-2.80	0.00
125.20	25.80	24.70	38.40	-3.00	0.00
125.30	25.80	24.60	38.40	-3.00	0.00
125.40	25.80	24.60	38.40	-3.00	0.00
125.50	25.70	24.50	37.90	-3.30	0.00
125.60	25.70	24.50	38.30	-3.00	0.00
125.70	25.70	24.50	38.30	-2.80	0.00
125.80	25.70	24.50	38.30	-2.80	0.00
125.90	25.70	24.50	38.70	-3.30	0.00
126.00	25.70	24.50	38.30	-2.80	0.00
126.10	25.80	24.60	38.60	-3.00	0.00
126.20	25.80	24.60	38.10	-2.70	0.00
126.30	25.80	24.60	38.10	-2.70	0.00
126.40	25.80	24.60	37.80	-3.00	0.00
126.50	25.80	24.60	38.10	-2.70	0.00
126.60	25.90	24.70	38.30	-2.80	0.00
126.70	25.90	24.70	38.30	-2.80	0.00
126.80	25.60	24.60	38.40	-3.00	0.00
126.90	25.60	24.60	38.40	-3.00	0.00
127.00	25.70	24.60	38.60	-3.00	0.00
127.10	25.70	24.60	37.90	-2.70	0.00
127.20	25.80	24.80	37.90	-2.70	0.00
127.30	25.80	24.80	38.40	-3.30	0.00
127.40	25.70	24.60	37.90	-2.70	0.00
127.50	25.70	24.60	37.90	-2.70	0.00
127.60	25.70	24.50	38.30	-2.70	0.00
127.70	25.70	24.50	38.70	-3.40	0.00
127.80	25.70	24.50	37.90	-3.30	0.00
127.90	25.70	24.50	37.90	-3.30	0.00
128.00	25.90	24.70	38.10	-2.70	0.00
128.10	25.90	24.70	38.60	-2.80	0.00
128.20	25.80	24.80	38.60	-2.80	0.00
128.30	25.80	24.80	38.60	-2.80	0.00
128.40	25.80	24.60	38.30	-2.80	0.00
128.50	25.80	24.60	38.30	-2.80	0.00
128.60	25.80	24.70	38.30	-2.80	0.00
128.70	25.80	24.70	39.20	-3.30	0.00
128.80	25.80	24.70	38.40	-2.80	0.00
128.90	25.80	24.70	38.40	-2.80	0.00
129.00	25.80	24.60	38.10	-3.00	0.00
129.10	25.80	24.60	38.10	-2.80	0.00
129.20	25.70	24.60	38.30	-3.00	0.00
129.30	25.70	24.60	38.30	-2.80	0.00
129.40	25.70	24.70	38.30	-2.80	0.00
129.50	25.70	24.70	38.30	-3.00	0.00
129.60	25.80	24.70	37.90	-3.00	0.00
129.70	25.80	24.70	37.90	-3.00	0.00
129.80	25.70	24.60	37.90	-3.00	0.00
129.90	25.70	24.60	38.30	-2.80	0.00
130.00	25.80	24.60	38.40	-2.50	0.00
130.10	25.80	24.60	38.60	-3.00	0.00
130.20	25.80	24.60	38.60	-3.00	0.00
130.30	25.80	24.60	38.60	-3.00	0.00
130.40	25.70	24.60	38.60	-3.10	0.00
130.50	25.70	24.60	38.40	-3.40	0.00
130.60	25.80	24.70	38.40	-3.40	0.00
130.70	25.80	24.70	38.60	-3.30	0.00
130.80	25.90	24.70	38.10	-3.10	0.00
130.90	25.90	24.70	38.10	-3.10	0.00
131.00	25.70	24.60	38.30	-3.30	0.00
131.10	25.70	24.60	36.70	-2.80	0.00
131.20	25.70	24.70	36.70	-2.80	0.00
131.30	25.70	24.70	36.70	-2.80	0.00
131.40	25.80	24.60	37.90	-2.80	0.00
131.50	25.80	24.60	38.40	-2.10	0.00
131.60	25.60	24.50	38.40	-2.10	0.00
131.70	25.60	24.50	37.90	-3.00	0.00
131.80	25.90	24.80	38.10	-3.00	0.00
131.90	25.90	24.80	38.10	-3.00	0.00
132.00	25.70	24.60	38.40	-3.10	0.00
132.10	25.70	24.60	38.10	-3.10	0.00
132.20	25.80	24.60	38.60	-2.80	0.00
132.30	25.80	24.60	38.30	-3.40	0.00
132.40	25.90	24.70	38.60	-3.10	0.00
132.50	25.90	24.70	38.40	-2.70	0.00
132.60	25.70	24.60	38.40	-2.70	0.00
132.70	25.70	24.60	38.40	-2.70	0.00
132.80	25.80	24.60	38.30	-3.00	0.00
132.90	25.80	24.60	38.10	-2.80	0.00
133.00	25.80	24.60	38.10	-2.80	0.00
133.10	25.80	24.60	38.70	-2.40	0.00
133.20	25.70	24.70	38.70	-3.40	0.00
133.30	25.70	24.70	38.70	-3.40	0.00
133.40	25.70	24.70	38.10	-2.80	0.00
133.50	25.90	24.80	38.40	-2.80	0.00
133.60	25.90	24.80	38.10	-3.00	0.00
133.70	25.70	24.70	38.10	-3.00	0.00
133.80	25.70	24.60	38.90	-3.10	0.00
133.90	25.70	24.60	37.90	-2.80	0.00
134.00	25.70	24.50	38.30	-5.30	0.00
134.10	25.70	24.50	38.30	-5.30	0.00
134.20	25.70	24.70	38.30	-5.30	0.00
134.30	25.70	24.70	37.90	-3.00	0.00
134.40	25.70	24.70	38.60	-3.00	0.00
134.50	25.50	24.60	38.30	-2.70	0.00
134.60	25.50	24.60	38.30	-3.10	0.00
134.70	25.80	24.70	38.30	-3.10	0.00
134.80	25.80	24.70	38.40	-2.40	0.00
134.90	25.70	24.60	38.10	-3.30	0.00
135.00	25.70	24.60	38.10	-3.30	0.00
135.10	25.80	24.60	38.30	-3.10	0.00
135.20	25.80	24.60	38.60	-2.40	0.00
135.30	25.80	24.60	38.30	-2.70	0.00
135.40	25.90	24.70	38.40	-2.80	0.00
135.50	25.90	24.70	38.40	-2.80	0.00
135.60	25.80	24.60	37.90	-3.10	0.00
135.70	25.80	24.60	37.90	-3.10	0.00
135.80	25.70	24.60	38.10	-5.00	0.00
135.90	25.70	24.60	38.10	-3.00	0.00
136.00	25.80	24.60	38.30	-2.80	0.00
136.10	25.80	24.60	37.90	-3.10	0.00
136.20	25.60	24.60	37.90	-3.10	0.00
136.30	25.60	24.60	38.40	-3.00	0.00
136.40	25.60	24.60	37.50	-2.80	0.00
136.50	25.60	24.60	37.80	-3.00	0.00
136.60	25.70	24.70	38.60	-3.10	0.00
136.70	25.70	24.70	38.60	-2.50	0.00
136.80	25.70	24.60	38.60	-2.50	0.00
136.90	25.70	24.60	38.60	-2.50	0.00
137.00	25.70	24.60	38.30	-2.70	0.00
137.10	25.70	24.60	38.30	-2.80	0.00
137.20	25.80	24.60	38.70	-3.10	0.00
137.30	25.80	24.60	38.30	-2.80	0.00
137.40	25.70	24.60	38.30	-2.80	0.00
137.50	25.70	24.60	38.40	-2.10	0.00
137.60	25.70	24.70	38.10	-2.80	0.00
137.70	25.70	24.70	38.10	-2.80	0.00
137.80	25.80	24.70	38.60	-3.30	0.00
137.90	25.80	24.70	38.10	-3.00	0.00
138.00	25.70	24.60	38.40	-2.70	0.00
138.10	25.70	24.60	39.00	-3.30	0.00
138.20	25.70	24.60	39.00	-3.30	0.00
138.30	25.70	24.60	39.00	-3.30	0.00
138.40	25.70	24.60	38.10	-2.70	0.00
138.50	25.70	24.70	38.10	-3.10	0.00
138.60	25.80	24.80	38.10	-3.30	0.00
138.70	25.80	24.80	38.10	-3.30	0.00
138.80	25.80	24.80	38.40	-2.40	0.00
138.90	25.80	24.60	38.40	-3.40	0.00
139.00	25.80	24.60	38.40	-3.40	0.00
139.10	25.60	24.50	38.30	-2.80	0.00
139.20	25.60	24.50	38.30	-3.10	0.00
139.30	25.80	24.70	37.90	-3.10	0.00
139.40	25.80	24.70	38.30	-1.90	0.00
139.50	25.70	24.60	38.30	-1.90	0.00
139.60	25.90	24.80	38.30	-3.00	0.00
139.70	25.90	24.80	38.30	-3.00	0.00
139.80	25.90	24.80	37.80	-3.10	0.00
139.90	25.80	24.60	37.80	-3.10	0.00
140.00	25.80	24.60	38.30	-2.80	0.00
140.10	25.80	24.80	38.70	-3.00	0.00
140.20	25.80	24.80	38.70	-3.00	0.00
140.30	25.70	24.70	38.30	-2.50	0.00
140.40	25.70	24.70	38.30	-2.80	0.00
140.50	25.60	24.50	38.30	-3.30	0.00
140.60	25.60	24.50	38.30	-2.50	0.00
140.70	25.60	24.50	38.30	-2.50	0.00
140.80	25.60	24.40	38.10	-3.00	0.00
140.90	25.80	24.70	38.10	-3.10	0.00
141.00	25.80	24.70	38.70	-3.10	0.00
141.10	25.90	24.70	38.70	-3.10	0.00
141.20	25.90	24.70	38.30	-3.00	0.00
141.30	25.80	24.70	38.30	-3.00	0.00
141.40	25.80	24.70	38.90	-2.80	0.00
141.50	25.70	24.50	38.30	-3.10	0.00
141.60	25.70	24.50	38.30	-3.10	0.00
141.70	25.70	24.60	38.10	-2.70	0.00
141.80	25.70	24.60	38.30	-2.80	0.00
141.90	25.60	24.60	37.90	-2.80	0.00
142.00	25.60	24.60	38.30	-3.10	0.00
142.10	25.70	24.60	38.30	-3.10	0.00
142.20	25.70	24.60	38.40	-3.10	0.00
142.30	25.70	24.60	38.40	-3.10	0.00
142.40	25.80	24.70	38.10	-3.10	0.00
142.50	25.80	24.70	38.10	-3.10	0.00
142.60	25.80	24.70	38.30	-3.00	0.00
142.70	25.80	24.70	38.30	-3.00	0.00
142.80	25.80	24.80	38.70	-3.00	0.00
142.90	25.80	24.80	38.10	-3.00	0.00
143.00	25.90	24.80	37.90	-2.70	0.00
143.10	25.90	24.80	37.80	-3.00	0.00
143.20	25.80	24.80	37.80	-3.00	0.00
143.30	25.80	24.80	38.10	-3.40	0.00
143.40	25.80	24.70	38.30	-2.70	0.00
143.50	25.80	24.70	38.60	-3.10	0.00
143.60	25.70	24.50	38.60	-3.10	0.00
143.70	25.70	24.50	38.60	-3.00	0.00
143.80	25.80	24.60	37.90	-3.10	0.00
143.90	25.80	24.60	37.90	-3.10	0.00
144.00	25.80	24.60	37.90	-3.10	0.00
144.10	25.60	24.60	38.40	-2.80	0.00
144.20	25.60	24.60	38.60	-3.00	0.00
144.30	25.90	24.70	36.60	-2.80	0.00
144.40	25.90	24.70	36.60	-2.80	0.00
144.50	25.80	24.60	38.30	-2.70	0.00
144.60	25.80	24.70	38.40	-2.80	0.00
144.70	25.80	24.70	38.60	-2.70	0.00
144.80	25.80	24.60	38.60	-2.70	0.00
144.90	25.80	24.60	38.10	-3.00	0.00
145.00	25.70	24.60	38.30	-2.80	0.00
145.10	25.70	24.60	38.30	-2.80	0.00
145.20	25.70	24.60	38.10	-2.50	0.00
145.30	25.80	24.60	38.60	-2.80	0.00
145.40	25.80	24.60	38.60	-2.80	0.00
145.50	25.70	24.70	38.60	-2.80	0.00
145.60	25.70	24.70	38.60	-2.80	0.00
145.70	25.70	24.70	38.10	-2.80	0.00
145.80	25.90	24.80	38.10	-3.00	0.00
145.90	25.90	24.80	38.60	-2.80	0.00
146.00	25.60	24.60	38.40	-3.10	0.00
146.10	25.60	24.60	38.60	-3.10	0.00
146.20	25.60	24.60	38.60	-3.10	0.00
146.30	25.60	24.60	38.40	-2.80	0.00
146.40	25.80	24.80	38.40	-3.10	0.00
146.50	25.80	24.80	38.10	-3.10	0.00
146.60	25.80	24.70	38.10	-3.10	0.00
146.70	25.80	24.70	38.10	-3.10	0.00
146.80	25.80	24.60	37.90	-3.10	0.00
146.90	25.80	24.60	37.90	-3.10	0.00
147.00	25.80	24.70	38.30	-3.10	0.00
147.10	25.70	24.60	38.30	-2.70	0.00
147.20	25.70	24.60	38.30	-2.70	0.00
147.30	25.70	24.60	37.90	-2.50	0.00
147.40	25.80	24.60	38.40	-2.80	0.00
147.50	25.80	24.60	38.30	-3.10	0.00
147.60	25.70	24.60	38.10	-3.00	0.00
147.70	25.70	24.60	38.10	-3.00	0.00
147.80	25.70	24.60	38.40	-2.70	0.00
147.90	25.70	24.60	38.40	-3.00	0.00
148.00	25.70	24.60	38.30	-3.00	0.00
148.10	25.60	24.50	38.30	-3.00	0.00
148.20	25.60	24.50	38.10	-3.30	0.00
148.30	25.70	24.70	38.10	-3.30	0.00
148.40	25.70	24.70	38.30	-3.10	0.00
148.50	25.70	24.70	38.30	-3.10	0.00
148.60	25.70	24.70	38.40	-2.70	0.00
148.70	25.60	24.50	38.30	-2.80	0.00
148.80	25.60	24.50	38.30	-3.00	0.00
148.90	25.60	24.50	38.40	-2.80	0.00
149.00	25.70	24.60	38.40	-2.50	0.00
149.10	25.70	24.60	38.10	-3.10	0.00
149.20	25.70	24.60	38.10	-3.10	0.00
149.30	25.70	24.60	38.40	-3.30	0.00
149.40	25.70	24.70	38.10	-3.30	0.00
149.50	25.70	24.70	38.40	-3.10	0.00
149.60	25.70	24.70	38.40	-3.10	0.00
149.70	25.60	24.70	38.40	-3.00	0.00
149.80	25.60	24.70	38.40	-3.00	0.00
149.90	25.70	24.80	38.30	-3.30	0.00
150.00	25.70	24.80	37.80	-2.70	0.00
150.10	25.80	24.70	37.80	-2.70	0.00
150.20	25.80	24.70	37.80	-2.50	0.00
150.30	25.80	24.80	38.30	-2.40	0.00
150.40	25.80	24.80	38.30	-2.70	0.00
150.50	25.80	24.60	38.60	-3.00	0.00
150.60	25.80	24.60	38.60	-2.80	0.00
150.70	25.70	24.70	38.60	-2.80	0.00
150.80	25.70	24.70	38.30	-2.70	0.00
150.90	25.70	24.70	38.40	-3.70	0.00
151.00	25.70	24.70	38.40	-3.70	0.00
151.10	25.70	24.60	38.30	-3.10	0.00
151.20	25.70	24.60	38.30	-3.40	0.00
151.30	25.80	24.70	38.30	-3.40	0.00
151.40	25.80	24.70	38.10	-3.00	0.00
151.50	25.80	24.70	38.30	-3.40	0.00
151.60	25.80	24.70	38.30	-3.10	0.00
151.70	25.90	24.80	38.30	-3.10	0.00
151.80	25.90	24.80	38.30	-2.40	0.00
151.90	25.70	24.70	38.30	-2.50	0.00
152.00	25.70	24.70	38.30	-2.50	0.00
152.10	25.70	24.70	38.30	-2.50	0.00
152.20	25.70	24.60	38.10	-2.50	0.00
152.30	25.70	24.60	38.30	-3.40	0.00
152.40	25.70	24.80	38.30	-3.40	0.00
152.50	25.70	24.80	38.30	-3.40	0.00
152.60	25.60	24.60	38.30	-2.20	0.00
152.70	25.60	24.60	38.40	-3.40	0.00
152.80	25.70	24.70	38.60	-3.30	0.00
152.90	25.70	24.70	38.30	-3.10	0.00
153.00	25.70	24.60	38.30	-3.10	0.00
153.10	25.70	24.60	37.90	-2.80	0.00
153.20	25.70	24.60	38.30	-2.80	0.00
153.30	25.70	24.70	38.30	-3.00	0.00
153.40	25.70	24.70	38.40	-3.30	0.00
153.50	25.60	24.70	38.40	-2.80	0.00
153.60	25.60	24.70	38.40	-2.80	0.00
153.70	25.70	24.60	37.90	-2.80	0.00
153.80	25.70	24.60	37.90	-2.80	0.00
153.90	25.70	24.60	38.30	-3.00	0.00
154.00	25.70	24.60	38.30	-2.50	0.00
154.10	25.70	24.80	38.30	-2.50	0.00
154.20	25.70	24.80	38.40	-2.40	0.00
154.30	25.70	24.70	37.90	-3.10	0.00
154.40	25.70	24.70	38.40	-3.00	0.00
154.50	25.80	24.70	38.30	-2.70	0.00
154.60	25.80	24.70	38.30	-2.70	0.00
154.70	25.80	24.60	38.30	-3.10	0.00
154.80	25.80	24.60	37.80	-2.80	0.00
154.90	25.70	24.70	38.10	-2.80	0.00
155.00	25.70	24.70	38.10	-3.10	0.00
155.10	25.80	24.70	38.10	-3.10	0.00
155.20	25.80	24.70	38.10	-3.10	0.00
155.30	25.70	24.80	38.10	-2.80	0.00
155.40	25.70	24.80	38.10	-3.00	0.00
155.50	25.70	24.70	38.30	-2.50	0.00
155.60	25.70	24.70	38.30	-2.50	0.00
155.70	25.70	24.70	38.10	-2.70	0.00
155.80	25.70	24.70	38.40	-3.00	0.00
155.90	25.60	24.70	37.90	-3.00	0.00
156.00	25.60	24.70	37.90	-3.30	0.00
156.10	25.70	24.70	37.90	-3.30	0.00
156.20	25.70	24.70	38.70	-3.10	0.00
156.30	25.70	24.80	38.70	-3.40	0.00
156.40	25.70	24.80	38.30	-2.50	0.00
156.50	25.80	24.70	38.30	-2.50	0.00
156.60	25.80	24.70	38.10	-3.00	0.00
156.70	25.70	24.70	38.30	-3.10	0.00
156.80	25.70	24.70	38.30	-3.10	0.00
156.90	25.80	24.70	38.10	-3.10	0.00
157.00	25.80	24.70	38.60	-2.70	0.00
157.10	25.80	24.80	38.40	-2.70	0.00
157.20	25.80	24.80	38.30	-2.70	0.00
157.30	25.80	24.60	38.30	-2.70	0.00
157.40	25.80	24.60	38.10	-2.80	0.00
157.50	25.60	24.60	38.30	-2.80	0.00
157.60	25.60	24.60	38.30	-2.80	0.00
157.70	25.70	24.80	38.10	-3.00	0.00
157.80	25.70	24.80	38.10	-2.80	0.00
157.90	25.60	24.70	38.10	-2.80	0.00
158.00	25.60	24.70	38.60	-3.00	0.00
158.10	25.60	24.70	38.60	-3.00	0.00
158.20	25.80	24.70	37.90	-2.80	0.00
158.30	25.70	24.70	37.90	-3.10	0.00
158.40	25.70	24.70	38.10	-2.70	0.00
158.50	25.70	24.70	37.80	-3.00	0.00
158.60	26.00	24.90	38.60	-2.80	0.00
158.70	26.00	24.90	38.60	-2.80	0.00
158.80	25.60	24.60	38.10	-2.80	0.00
158.90	25.60	24.60	38.10	-2.20	0.00
159.00	25.70	24.70	37.90	-3.10	0.00
159.10	25.70	24.70	38.40	-2.50	0.00
159.20	25.60	24.60	38.40	-2.50	0.00
159.30	25.60	24.60	38.40	-2.50	0.00
159.40	25.80	24.70	38.30	-2.80	0.00
159.50	25.80	24.70	38.30	-2.80	0.00
159.60	25.70	24.70	38.40	-3.10	0.00
159.70	25.70	24.70	38.10	-2.80	0.00
159.80	25.70	24.70	38.30	-2.80	0.00
159.90	25.70	24.70	38.30	-2.80	0.00
160.00	25.70	24.70	38.30	-3.00	0.00
160.10	25.60	24.70	38.60	-2.70	0.00
160.20	25.60	24.70	38.30	-2.80	0.00
160.30	25.70	24.70	37.90	-3.10	0.00
160.40	25.70	24.70	37.90	-3.10	0.00
160.50	25.70	24.70	38.30	-3.00	0.00
160.60	25.70	24.70	38.30	-3.00	0.00
160.70	25.60	24.60	38.30	-3.00	0.00
160.80	25.60	24.60	38.30	-3.00	0.00
160.90	25.70	24.60	38.10	-2.80	0.00
161.00	25.70	24.60	38.10	-2.70	0.00
161.10	25.70	24.60	38.30	-2.80	0.00
161.20	25.70	24.60	38.30	-2.80	0.00
161.30	25.70	24.60	38.60	-3.10	0.00
161.40	25.80	24.80	37.80	-2.80	0.00
161.50	25.80	24.80	38.10	-2.40	0.00
161.60	25.70	24.70	38.40	-2.70	0.00
161.70	25.70	24.70	37.90	-3.00	0.00
161.80	25.70	24.70	37.90	-3.00	0.00
161.90	25.70	24.70	38.30	-2.80	0.00
162.00	25.70	24.70	38.60	-3.00	0.00
162.10	25.70	24.70	38.60	-3.00	0.00
162.20	25.70	24.80	38.60	-3.00	0.00
162.30	25.70	24.80	38.60	-3.00	0.00
162.40	25.80	24.70	38.10	-2.70	0.00
162.50	25.80	24.70	38.30	-3.00	0.00
162.60	25.80	24.80	38.10	-3.10	0.00
162.70	25.80	24.80	37.90	-3.10	0.00
162.80	25.70	24.80	37.90	-3.10	0.00
162.90	25.70	24.80	38.30	-2.70	0.00
163.00	25.90	24.80	38.10	-3.00	0.00
163.10	25.90	24.80	38.30	-2.50	0.00
163.20	25.70	24.80	38.30	-2.50	0.00
163.30	25.70	24.80	38.40	-3.00	0.00
163.40	25.70	24.80	38.10	-2.40	0.00
163.50	25.70	24.80	38.10	-2.40	0.00
163.60	25.70	24.70	38.60	-2.40	0.00
163.70	25.70	24.70	38.60	-2.40	0.00
163.80	25.80	24.80	38.60	-2.40	0.00
163.90	25.80	24.80	38.30	-2.40	0.00
164.00	25.70	24.60	37.90	-2.70	0.00
164.10	25.70	24.60	38.60	-2.20	0.00
164.20	25.70	24.80	37.80	-2.70	0.00
164.30	25.70	24.80	38.30	-2.80	0.00
164.40	25.70	24.60	38.30	-2.80	0.00
164.50	25.70	24.70	38.30	-2.70	0.00
164.60	25.70	24.70	38.30	-3.00	0.00
164.70	25.70	24.70	37.90	-3.00	0.00
164.80	25.60	24.70	37.90	-3.00	0.00
164.90	25.60	24.70	37.80	-2.80	0.00
165.00	25.60	24.70	38.10	-2.80	0.00
165.10	25.60	24.70	38.10	-2.80	0.00
165.20	25.60	24.80	38.10	-2.80	0.00
165.30	25.60	24.80	37.60	-2.70	0.00
165.40	25.60	24.80	39.20	-3.10	0.00
165.50	25.60	24.70	39.20	-3.10	0.00
165.60	25.60	24.70	38.10	-2.80	0.00
165.70	25.60	24.70	38.30	-2.50	0.00
165.80	25.70	24.70	37.90	-3.00	0.00
165.90	25.70	24.70	37.80	-2.10	0.00
166.00	25.60	24.70	37.80	-2.10	0.00
166.10	25.60	24.70	38.10	-2.50	0.00
166.20	25.50	24.70	38.40	-2.70	0.00
166.30	25.70	24.80	38.10	-3.10	0.00
166.40	25.70	24.80	38.10	-3.00	0.00
166.50	25.70	24.80	38.10	-3.00	0.00
166.60	25.60	24.80	38.10	-3.00	0.00
166.70	25.60	24.80	38.40	-3.00	0.00
166.80	25.50	24.80	37.90	-2.80	0.00
166.90	25.50	24.80	37.90	-2.80	0.00
167.00	25.60	24.80	38.10	-2.70	0.00
167.10	25.60	24.80	37.90	-2.80	0.00
167.20	25.60	24.80	38.30	-2.50	0.00
167.30	25.60	24.80	38.40	-2.40	0.00
167.40	25.60	24.90	38.40	-2.40	0.00
167.50	25.60	24.90	38.10	-2.40	0.00
167.60	25.70	24.90	37.80	-2.20	0.00
167.70	25.70	24.90	37.80	-2.20	0.00
167.80	25.70	24.90	37.90	-2.70	0.00
167.90	25.70	24.90	37.90	-2.70	0.00
168.00	25.70	24.80	37.90	-2.70	0.00
168.10	25.70	24.80	37.90	-2.70	0.00
168.20	25.60	24.80	37.90	-2.50	0.00
168.30	25.60	24.80	37.90	-3.10	0.00
168.40	25.60	24.80	37.90	-2.20	0.00
168.50	25.60	24.80	38.40	-2.10	0.00
168.60	25.60	24.70	37.90	-2.50	0.00
168.70	25.70	24.90	37.80	-2.70	0.00
168.80	25.70	24.90	38.10	-2.70	0.00
168.90	25.50	24.80	38.10	-2.70	0.00
169.00	25.50	24.80	38.70	-3.00	0.00
169.10	25.80	24.90	37.90	-2.40	0.00
169.20	25.80	24.90	38.10	-2.70	0.00
169.30	25.80	24.90	38.10	-2.70	0.00
169.40	25.60	24.90	38.10	-2.70	0.00
169.50	25.60	24.90	38.10	-2.70	0.00
169.60	25.60	25.10	37.80	-2.50	0.00
169.70	25.60	25.10	38.10	-2.40	0.00
169.80	25.70	25.00	38.10	-2.50	0.00
169.90	25.70	25.00	37.90	-2.20	0.00
170.00	25.70	25.00	37.80	-2.20	0.00
170.10	25.50	24.90	37.80	-2.20	0.00
170.20	25.50	24.90	38.60	-2.40	0.00
170.30	25.60	24.90	38.40	-2.40	0.00
170.40	25.60	24.90	38.40	-2.40	0.00
170.50	25.70	24.80	38.10	-4.10	0.00
170.60	25.70	24.80	37.90	-1.70	0.00
170.70	25.70	25.00	37.60	-2.40	0.00
170.80	25.70	25.00	37.60	-2.40	0.00
170.90	25.70	25.00	37.60	-2.40	0.00
171.00	25.70	24.90	36.40	-2.40	0.00
171.10	25.70	24.90	38.10	-2.10	0.00
171.20	25.70	24.90	37.60	-2.20	0.00
171.30	25.70	24.90	38.10	-2.10	0.00
171.40	25.70	25.00	38.30	-1.70	0.00
171.50	25.70	25.00	38.30	-1.70	0.00
171.60	25.50	24.90	38.10	-2.20	0.00
171.70	25.50	24.90	37.90	-2.50	0.00
171.80	25.70	25.00	37.80	-2.10	0.00
171.90	25.70	25.00	37.80	-2.10	0.00
172.00	25.60	25.00	37.80	-2.40	0.00
172.10	25.60	25.00	37.60	-2.10	0.00
172.20	25.70	25.00	37.60	-2.10	0.00
172.30	25.70	25.00	37.60	-2.10	0.00
172.40	25.70	25.00	38.10	-1.30	0.00
172.50	25.70	25.00	37.90	-1.90	0.00
172.60	25.60	24.80	37.60	-2.20	0.00
172.70	25.60	24.80	37.60	-2.20	0.00
172.80	25.60	25.00	38.10	-2.10	0.00
172.90	25.60	25.00	37.80	-2.10	0.00
173.00	25.60	24.90	37.60	-1.90	0.00
173.10	25.60	24.90	37.60	-1.90	0.00
173.20	25.60	25.00	37.60	-1.70	0.00
173.30	25.60	25.00	38.10	-2.10	0.00
173.40	25.60	25.00	38.30	-1.60	0.00
173.50	25.60	25.00	37.60	-1.70	0.00
173.60	25.50	25.00	37.60	-1.70	0.00
173.70	25.50	25.00	37.60	-1.70	0.00
173.80	25.70	25.20	37.60	-1.90	0.00
173.90	25.70	25.20	37.90	-1.90	0.00
174.00	25.60	25.00	37.90	-0.80	0.00
174.10	25.60	25.00	37.90	-0.80	0.00
174.20	25.60	24.80	37.20	-1.90	0.00
174.30	25.60	24.80	38.10	-2.10	0.00
174.40	25.60	25.00	37.80	-1.90	0.00
174.50	25.60	25.00	37.90	-2.10	0.00
174.60	25.50	25.00	37.90	-2.40	0.00
174.70	25.50	25.00	37.90	-2.40	0.00
174.80	25.80	25.10	37.30	-1.90	0.00
174.90	25.80	25.10	37.60	-1.90	0.00
175.00	25.70	25.00	37.60	-1.90	0.00
175.10	25.70	25.00	37.60	-1.90	0.00
175.20	25.70	25.10	37.50	-2.20	0.00
175.30	25.70	25.10	37.90	-1.90	0.00
175.40	25.70	25.10	37.60	-1.60	0.00
175.50	25.60	25.20	37.60	-2.20	0.00
175.60	25.60	25.20	37.80	-1.70	0.00
175.70	25.60	25.10	37.30	-1.70	0.00
175.80	25.60	25.10	37.30	-1.70	0.00
175.90	25.60	25.10	37.80	-1.70	0.00
176.00	25.60	25.10	37.80	-2.10	0.00
176.10	25.70	25.10	38.10	-1.90	0.00
176.20	25.70	25.10	37.50	-2.10	0.00
176.30	25.70	25.10	37.50	-2.10	0.00
176.40	25.60	25.00	37.60	-1.70	0.00
176.50	25.60	25.00	37.60	-1.70	0.00
176.60	25.60	25.00	37.80	-1.60	0.00
176.70	25.60	25.00	37.50	-1.70	0.00
176.80	25.60	25.10	37.80	-1.10	0.00
176.90	25.60	25.10	37.60	-2.20	0.00
177.00	25.60	25.10	37.60	-2.20	0.00
177.10	25.60	25.10	37.50	-1.60	0.00
177.20	25.70	25.30	37.50	-1.60	0.00
177.30	25.70	25.30	37.60	-1.70	0.00
177.40	25.60	25.00	37.50	-1.70	0.00
177.50	25.60	25.00	37.50	-1.70	0.00
177.60	25.50	25.00	37.60	-1.40	0.00
177.70	25.50	25.00	37.60	-1.40	0.00
177.80	25.50	25.00	37.60	-1.40	0.00
177.90	25.70	25.10	37.60	-1.60	0.00
178.00	25.70	25.10	38.10	-2.20	0.00
178.10	25.60	25.00	37.80	-1.40	0.00
178.20	25.60	25.00	37.30	-1.90	0.00
178.30	25.70	25.10	37.30	-1.90	0.00
178.40	25.70	25.10	37.50	-1.60	0.00
178.50	25.50	25.00	37.90	-1.30	0.00
178.60	25.50	25.00	37.60	-1.70	0.00
178.70	25.60	25.20	37.60	-1.70	0.00
178.80	25.60	25.20	37.90	-1.60	0.00
178.90	25.60	25.00	37.60	-1.30	0.00
179.00	25.60	25.00	37.60	-1.70	0.00
179.10	25.50	25.00	37.60	-1.70	0.00
179.20	25.50	25.00	37.60	-1.70	0.00
179.30	25.60	25.00	37.60	-1.30	0.00
179.40	25.60	25.00	37.60	-1.60	0.00
179.50	25.60	25.10	37.60	-1.60	0.00
179.60	25.60	25.10	37.50	-1.60	0.00
179.70	25.50	25.00	37.50	-1.60	0.00
179.80	25.50	25.00	37.80	-1.60	0.00
179.90	25.60	25.00	37.20	-1.40	0.00
180.00	25.60	25.00	37.20	-1.40	0.00
180.10	25.70	25.00	37.20	-1.30	0.00
180.20	25.70	25.00	37.20	-1.30	0.00
180.30	25.70	25.00	37.60	-1.00	0.00
180.40	25.50	25.00	37.60	-1.00	0.00
180.50	25.50	25.00	37.30	-1.30	0.00
180.60	25.60	25.00	37.30	-1.30	0.00
180.70	25.60	25.00	37.60	-1.40	0.00
180.80	25.70	25.10	37.60	-1.40	0.00
180.90	25.70	25.10	37.20	-1.40	0.00
181.00	25.40	24.90	37.60	-1.30	0.00
181.10	25.40	24.90	37.60	-1.30	0.00
181.20	25.70	25.10	37.50	-1.40	0.00
181.30	25.70	25.10	37.30	-1.40	0.00
181.40	25.70	25.10	37.30	-1.40	0.00
181.50	25.70	25.10	37.30	-1.40	0.00
181.60	25.60	25.10	37.20	-1.60	0.00
181.70	25.60	25.10	37.00	-2.20	0.00
181.80	25.70	25.10	37.30	-1.40	0.00
181.90	25.70	25.10	37.30	-1.40	0.00
182.00	25.30	25.00	37.30	-1.00	0.00
182.10	25.30	25.00	37.30	-1.00	0.00
182.20	25.70	25.20	37.30	-1.00	0.00
182.30	25.70	25.20	37.30	-1.00	0.00
182.40	25.70	25.20	37.50	-1.70	0.00
182.50	25.50	25.20	35.30	-0.80	0.00
182.60	25.50	25.20	37.30	-0.80	0.00
182.70	25.60	25.10	37.50	-1.30	0.00
182.80	25.60	25.10	37.50	-1.30	0.00
182.90	25.60	25.30	37.30	-1.40	0.00
183.00	25.60	25.30	37.30	-1.10	0.00
183.10	25.50	25.30	37.80	-1.40	0.00
183.20	25.60	25.20	37.80	-1.40	0.00
183.30	25.60	25.20	37.20	-1.30	0.00
183.40	25.50	25.20	37.60	-3.30	0.00
183.50	25.50	25.20	37.60	-3.30	0.00
183.60	25.70	25.20	37.60	-3.30	0.00
183.70	25.50	25.20	37.60	-1.30	0.00
183.80	25.50	25.20	37.30	-1.40	0.00
183.90	25.50	25.20	37.50	-0.80	0.00
184.00	25.50	25.10	37.50	-1.40	0.00
184.10	25.50	25.10	37.30	-1.40	0.00
184.20	25.70	25.20	37.30	-1.40	0.00
184.30	25.70	25.20	37.20	-1.60	0.00
184.40	25.60	25.30	36.60	-0.80	0.00
184.50	25.60	25.30	37.00	-1.00	0.00
184.60	25.50	25.20	37.00	-1.00	0.00
184.70	25.50	25.20	36.90	-1.00	0.00
184.80	25.50	25.20	37.60	-1.60	0.00
184.90	25.50	25.30	37.60	-1.60	0.00
185.00	25.50	25.30	37.60	-1.60	0.00
185.10	25.50	25.20	37.50	-1.30	0.00
185.20	25.50	25.20	37.60	-1.10	0.00
185.30	25.60	25.30	37.30	-1.30	0.00
185.40	25.60	25.30	37.30	-1.30	0.00
185.50	25.60	25.20	37.50	-0.80	0.00
185.60	25.60	25.20	37.00	-1.30	0.00
185.70	25.60	25.20	37.80	-1.10	0.00
185.80	25.60	25.20	37.50	-1.10	0.00
185.90	25.60	25.20	37.50	-0.70	0.00
186.00	25.50	25.10	37.50	-0.70	0.00
186.10	25.50	25.10	36.90	-1.30	0.00
186.20	25.70	25.20	37.20	-3.10	0.00
186.30	25.70	25.20	37.20	-3.10	0.00
186.40	25.50	25.30	37.20	-3.10	0.00
186.50	25.50	25.30	37.90	-1.10	0.00
186.60	25.60	25.30	37.80	-0.80	0.00
186.70	25.60	25.30	37.80	-0.80	0.00
186.80	25.60	25.20	37.30	-1.00	0.00
186.90	25.60	25.20	37.60	-0.70	0.00
187.00	25.60	25.30	37.20	-0.40	0.00
187.10	25.60	25.30	37.20	-1.40	0.00
187.20	25.40	25.10	37.20	-1.40	0.00
187.30	25.40	25.10	37.00	-1.10	0.00
187.40	25.60	25.20	37.20	-3.00	0.00
187.50	25.60	25.20	37.30	-1.00	0.00
187.60	25.60	25.20	37.20	-0.70	0.00
187.70	25.70	25.30	37.20	-0.70	0.00
187.80	25.70	25.30	37.20	-1.10	0.00
187.90	25.40	25.20	37.20	-1.10	0.00
188.00	25.40	25.20	37.00	-1.30	0.00
188.10	25.40	25.10	37.20	-1.40	0.00
188.20	25.40	25.10	36.90	-0.70	0.00
188.30	25.50	25.20	36.90	-0.70	0.00
188.40	25.50	25.20	37.00	-0.80	0.00
188.50	25.60	25.20	36.90	-1.00	0.00
188.60	25.60	25.20	36.90	-1.00	0.00
188.70	25.70	25.30	37.30	-1.00	0.00
188.80	25.70	25.30	37.20	-0.70	0.00
188.90	25.60	25.30	37.00	-0.70	0.00
189.00	25.60	25.30	37.20	-0.70	0.00
189.10	25.60	25.20	37.20	-0.70	0.00
189.20	25.60	25.20	37.30	-0.70	0.00
189.30	25.70	25.40	37.30	-0.70	0.00
189.40	25.70	25.40	37.50	-0.80	0.00
189.50	25.50	25.20	37.50	-0.80	0.00
189.60	25.50	25.20	37.00	-1.10	0.00
189.70	25.60	25.30	37.20	-1.10	0.00
189.80	25.60	25.30	37.50	-0.70	0.00
189.90	25.60	25.30	36.90	-0.80	0.00
190.00	25.60	25.30	36.90	-0.80	0.00
190.10	25.60	25.30	37.20	-1.10	0.00
190.20	25.50	25.30	37.50	-0.80	0.00
190.30	25.50	25.30	37.30	-0.80	0.00
190.40	25.60	25.40	37.30	-0.80	0.00
190.50	25.60	25.40	37.30	-0.80	0.00
190.60	25.60	25.30	37.00	-1.00	0.00
190.70	25.60	25.30	37.00	-1.00	0.00
190.80	25.60	25.30	36.70	-0.70	0.00
190.90	25.60	25.20	37.20	-1.10	0.00
191.00	25.60	25.20	37.00	-1.00	0.00
191.10	25.60	25.40	37.00	-1.00	0.00
191.20	25.60	25.40	36.90	-0.70	0.00
191.30	25.50	25.40	37.00	-1.30	0.00
191.40	25.50	25.40	37.20	-0.80	0.00
191.50	25.50	25.40	37.30	-0.80	0.00
191.60	25.60	25.30	37.30	-0.80	0.00
191.70	25.60	25.30	37.30	-0.80	0.00
191.80	25.60	25.40	37.00	-0.40	0.00
191.90	25.60	25.40	37.00	-1.10	0.00
192.00	25.60	25.30	37.20	-1.00	0.00
192.10	25.70	25.40	37.20	-1.00	0.00
192.20	25.70	25.40	37.00	-0.50	0.00
192.30	25.60	25.40	36.70	-0.80	0.00
192.40	25.60	25.40	37.30	-0.40	0.00
192.50	25.60	25.40	37.20	-0.70	0.00
192.60	25.60	25.40	37.20	-0.40	0.00
192.70	25.60	25.30	36.70	-1.40	0.00
192.80	25.60	25.30	37.30	-0.70	0.00
192.90	25.60	25.30	37.30	-0.70	0.00
193.00	25.60	25.30	37.30	-0.70	0.00
193.10	25.60	25.30	37.00	-0.40	0.00
193.20	25.60	25.30	37.20	-0.50	0.00
193.30	25.60	25.50	37.20	-0.50	0.00
193.40	25.60	25.50	37.30	-0.50	0.00
193.50	25.50	25.40	36.90	-0.70	0.00
193.60	25.50	25.40	37.50	-0.50	0.00
193.70	25.60	25.50	37.30	-1.10	0.00
193.80	25.60	25.50	37.20	-0.80	0.00
193.90	25.50	25.50	37.20	-0.80	0.00
194.00	25.50	25.50	37.00	-1.00	0.00
194.10	25.50	25.30	37.00	-0.80	0.00
194.20	25.50	25.30	37.00	-0.80	0.00
194.30	25.50	25.50	37.20	-0.50	0.00
194.40	25.50	25.50	37.20	-0.50	0.00
194.50	25.50	25.50	37.20	-0.70	0.00
194.60	25.50	25.50	37.00	-0.50	0.00
194.70	25.50	25.40	37.00	-0.50	0.00
194.80	25.50	25.40	36.90	-0.70	0.00
194.90	25.40	25.30	36.90	-0.50	0.00
195.00	25.40	25.30	36.90	-0.70	0.00
195.10	25.60	25.40	36.90	-0.70	0.00
195.20	25.60	25.40	37.00	-0.50	0.00
195.30	25.60	25.40	37.00	-0.50	0.00
195.40	25.60	25.40	36.90	-0.50	0.00
195.50	25.50	25.40	37.20	-0.50	0.00
195.60	25.50	25.40	37.00	-0.70	0.00
195.70	25.50	25.40	37.00	-0.70	0.00
195.80	25.50	25.40	37.00	-0.70	0.00
195.90	25.60	25.40	37.00	-0.50	0.00
196.00	25.60	25.40	37.30	-0.40	0.00
196.10	25.50	25.40	37.30	-0.40	0.00
196.20	25.50	25.40	37.00	-0.40	0.00
196.30	25.60	25.60	37.00	-0.40	0.00
196.40	25.60	25.60	36.90	-0.70	0.00
196.50	25.40	25.40	36.60	-0.40	0.00
196.60	25.40	25.40	36.90	-0.40	0.00
196.70	25.50	25.40	36.90	-0.40	0.00
196.80	25.50	25.40	37.20	-0.40	0.00
196.90	25.50	25.40	36.70	-0.50	0.00
197.00	25.50	25.40	36.60	-0.20	0.00
197.10	25.50	25.40	36.60	-0.20	0.00
197.20	25.50	25.40	36.60	-0.20	0.00
197.30	25.50	25.40	37.00	-0.20	0.00
197.40	25.50	25.40	37.20	-0.40	0.00
197.50	25.70	25.40	36.90	-0.20	0.00
197.60	25.70	25.40	36.90	-0.20	0.00
197.70	25.50	25.50	37.00	-0.50	0.00
197.80	25.50	25.50	36.90	-0.50	0.00
197.90	25.50	25.20	37.20	0.10	0.00
198.00	25.50	25.20	37.20	0.30	0.00
198.10	25.50	25.50	37.00	0.10	0.00
198.20	25.50	25.50	36.60	-0.50	0.00
198.30	25.50	25.50	36.60	-0.20	0.00
198.40	25.50	25.50	36.60	-0.20	0.00
198.50	25.50	25.40	36.40	-0.40	0.00
198.60	25.50	25.40	36.90	-0.20	0.00
198.70	25.50	25.50	37.20	-0.10	0.00
198.80	25.50	25.50	37.20	-0.10	0.00
198.90	25.50	25.40	36.60	-0.10	0.00
199.00	25.50	25.40	36.90	-0.40	0.00
199.10	25.50	25.40	36.40	-0.40	0.00
199.20	25.50	25.40	36.30	-0.40	0.00
199.30	25.50	25.50	36.90	-0.40	0.00
199.40	25.50	25.50	36.70	-0.20	0.00
199.50	25.50	25.40	36.60	-0.10	0.00
199.60	25.50	25.40	36.60	-0.10	0.00
199.70	25.50	25.40	36.60	-0.10	0.00
199.80	25.50	25.40	36.90	-0.40	0.00
199.90	25.50	25.40	36.30	-0.20	0.00
200.00	25.50	25.40	36.60	0.10	0.00
200.10	25.50	25.40	37.00	0.10	0.00
200.20	25.50	25.40	37.00	0.10	0.00
200.30	25.60	25.50	36.70	-0.10	0.00
200.40	25.60	25.50	36.70	-0.10	0.00
200.50	25.70	25.60	37.00	-0.10	0.00
200.60	25.70	25.60	36.90	-0.20	0.00
200.70	25.50	25.40	36.60	-0.20	0.00
200.80	25.50	25.40	37.30	-0.10	0.00
200.90	25.60	25.60	37.30	-0.10	0.00
201.00	25.60	25.60	36.70	0.10	0.00
201.10	25.60	25.60	36.70	0.10	0.00
201.20	25.60	25.60	36.40	0.10	0.00
201.30	25.50	25.60	36.70	-1.40	0.00
201.40	25.50	25.60	37.00	-0.20	0.00
201.50	25.60	25.50	37.20	0.30	0.00
201.60	25.40	25.50	36.60	-0.50	0.00
201.70	25.40	25.50	36.70	-0.20	0.00
201.80	25.40	25.50	36.70	-0.20	0.00
201.90	25.60	25.50	36.70	-0.20	0.00
202.00	25.60	25.50	35.20	-0.10	0.00
202.10	25.60	25.60	36.60	-0.10	0.00
202.20	25.60	25.60	36.60	-0.10	0.00
202.30	25.60	25.60	36.40	0.10	0.00
202.40	25.60	25.60	36.40	0.10	0.00
202.50	25.50	25.50	36.70	0.30	0.00
202.60	25.40	25.60	36.60	0.10	0.00
202.70	25.40	25.60	37.20	-0.20	0.00
202.80	25.60	25.60	36.60	0.30	0.00
202.90	25.60	25.60	36.60	0.30	0.00
203.00	25.40	25.50	36.70	-0.10	0.00
203.10	25.40	25.50	36.70	0.30	0.00
203.20	25.70	25.70	36.90	0.10	0.00
203.30	25.70	25.70	36.60	0.30	0.00
203.40	25.60	25.50	36.70	-0.10	0.00
203.50	25.60	25.50	36.70	-0.10	0.00
203.60	25.50	25.60	37.00	-0.40	0.00
203.70	25.50	25.60	37.00	-0.40	0.00
203.80	25.50	25.50	36.90	0.10	0.00
203.90	25.50	25.50	36.70	0.70	0.00
204.00	25.60	25.50	36.70	0.70	0.00
204.10	25.60	25.50	36.60	0.10	0.00
204.20	25.50	25.60	36.60	0.40	0.00
204.30	25.50	25.60	36.60	-0.20	0.00
204.40	25.60	25.60	36.70	-0.10	0.00
204.50	25.60	25.60	36.70	0.10	0.00
204.60	25.50	25.50	36.60	0.10	0.00
204.70	25.50	25.50	36.60	0.40	0.00
204.80	25.70	25.50	36.60	0.40	0.00
204.90	25.70	25.50	36.60	0.40	0.00
205.00	25.60	25.60	36.70	-0.40	0.00
205.10	25.60	25.60	36.30	0.10	0.00
205.20	25.60	25.50	36.10	0.40	0.00
205.30	25.60	25.50	36.90	-1.40	0.00
205.40	25.50	25.50	36.30	0.40	0.00
205.50	25.50	25.50	36.40	0.10	0.00
205.60	25.50	25.50	36.10	0.30	0.00
205.70	25.50	25.50	36.70	0.60	0.00
205.80	25.40	25.40	36.60	-0.10	0.00
205.90	25.40	25.40	36.60	-0.10	0.00
206.00	25.50	25.60	36.30	-0.10	0.00
206.10	25.50	25.60	36.30	-0.10	0.00
206.20	25.40	25.50	37.00	0.30	0.00
206.30	25.40	25.50	37.00	0.30	0.00
206.40	25.50	25.50	36.30	0.30	0.00
206.50	25.50	25.50	36.60	0.40	0.00
206.60	25.60	25.50	36.30	-0.20	0.00
206.70	25.60	25.50	36.30	0.30	0.00
206.80	25.50	25.60	36.10	0.30	0.00
206.90	25.50	25.60	36.40	0.30	0.00
207.00	25.60	25.60	36.40	0.30	0.00
207.10	25.60	25.60	36.40	0.30	0.00
207.20	25.60	25.50	36.60	0.10	0.00
207.30	25.60	25.50	36.30	0.40	0.00
207.40	25.50	25.60	36.30	0.40	0.00
207.50	25.50	25.60	36.30	0.40	0.00
207.60	25.50	25.50	36.30	0.30	0.00
207.70	25.50	25.50	36.70	-0.10	0.00
207.80	25.60	25.70	36.60	0.60	0.00
207.90	25.40	25.60	36.10	0.70	0.00
208.00	25.40	25.60	36.10	-0.10	0.00
208.10	25.50	25.60	36.40	0.30	0.00
208.20	25.50	25.60	36.40	0.10	0.00
208.30	25.50	25.60	36.30	0.60	0.00
208.40	25.50	25.60	36.30	0.40	0.00
208.50	25.50	25.60	36.70	0.30	0.00
208.60	25.50	25.60	36.70	0.30	0.00
208.70	25.50	25.60	35.90	0.60	0.00
208.80	25.50	25.60	36.30	0.60	0.00
208.90	25.50	25.60	36.10	0.30	0.00
209.00	25.50	25.60	36.60	0.70	0.00
209.10	25.50	25.60	36.60	0.70	0.00
209.20	25.50	25.40	36.10	0.40	0.00
209.30	25.50	25.40	36.30	0.60	0.00
209.40	25.60	25.60	36.30	0.60	0.00
209.50	25.60	25.60	36.30	0.70	0.00
209.60	25.50	25.60	36.30	0.10	0.00
209.70	25.50	25.60	36.30	0.70	0.00
209.80	25.50	25.60	36.60	0.90	0.00
209.90	25.50	25.60	36.60	0.90	0.00
210.00	25.60	25.70	36.30	0.10	0.00
210.10	25.60	25.70	36.60	0.40	0.00
210.20	25.50	25.50	36.60	0.40	0.00
210.30	25.50	25.50	35.90	0.10	0.00
210.40	25.60	25.70	36.40	0.90	0.00
210.50	25.60	25.70	36.60	0.60	0.00
210.60	25.60	25.70	36.10	0.60	0.00
210.70	25.60	25.70	36.10	0.60	0.00
210.80	25.60	25.60	35.90	0.60	0.00
210.90	25.60	25.60	36.60	0.70	0.00
211.00	25.50	25.60	36.60	0.40	0.00
211.10	25.50	25.60	36.30	0.30	0.00
211.20	25.50	25.60	36.30	0.30	0.00
211.30	25.50	25.60	36.30	0.30	0.00
211.40	25.60	25.50	36.60	0.70	0.00
211.50	25.60	25.50	36.30	0.70	0.00
211.60	25.50	25.70	36.30	0.70	0.00
211.70	25.50	25.70	35.60	0.70	0.00
211.80	25.50	25.70	36.30	0.40	0.00
211.90	25.50	25.70	34.30	0.90	0.00
212.00	25.40	25.70	36.10	0.60	0.00
212.10	25.40	25.70	36.10	0.60	0.00
212.20	25.50	25.60	36.70	0.60	0.00
212.30	25.50	25.60	36.60	0.70	0.00
212.40	25.50	25.70	36.30	0.70	0.00
212.50	25.50	25.70	36.30	0.70	0.00
212.60	25.60	25.70	36.40	0.40	0.00
212.70	25.50	25.70	36.30	0.70	0.00
212.80	25.50	25.70	34.60	0.90	0.00
212.90	25.50	25.60	34.60	0.90	0.00
213.00	25.50	25.60	36.30	1.00	0.00
213.10	25.50	25.70	36.10	0.70	0.00
213.20	25.50	25.70	36.30	1.00	0.00
213.30	25.50	25.70	36.60	0.40	0.00
213.40	25.50	25.70	36.10	0.90	0.00
213.50	25.40	25.50	36.10	0.90	0.00
213.60	25.40	25.50	36.10	1.00	0.00
213.70	25.50	25.70	36.10	1.00	0.00
213.80	25.50	25.70	36.40	0.30	0.00
213.90	25.40	25.60	36.40	0.30	0.00
214.00	25.40	25.60	36.40	0.90	0.00
214.10	25.60	25.70	36.40	1.30	0.00
214.20	25.60	25.70	36.10	0.60	0.00
214.30	25.50	25.60	36.10	0.60	0.00
214.40	25.50	25.60	36.30	0.90	0.00
214.50	25.50	25.70	36.10	-1.10	0.00
214.60	25.50	25.60	36.30	0.60	0.00
214.70	25.50	25.60	36.40	1.30	0.00
214.80	25.50	25.70	36.30	0.70	0.00
214.90	25.50	25.70	36.30	0.70	0.00
215.00	25.50	25.70	36.60	0.70	0.00
215.10	25.50	25.70	36.60	0.70	0.00
215.20	25.50	25.70	36.30	0.70	0.00
215.30	25.40	25.70	36.30	0.70	0.00
215.40	25.40	25.70	36.10	1.00	0.00
215.50	25.50	25.70	36.10	0.60	0.00
215.60	25.50	25.70	36.40	0.60	0.00
215.70	25.50	25.80	36.30	1.00	0.00
215.80	25.50	25.80	36.60	1.20	0.00
215.90	25.60	25.70	36.60	1.20	0.00
216.00	25.60	25.70	35.90	1.20	0.00
216.10	25.40	25.60	36.10	1.00	0.00
216.20	25.40	25.60	35.80	1.00	0.00
216.30	25.50	25.80	36.10	0.90	0.00
216.40	25.50	25.80	36.10	0.90	0.00
216.50	25.40	25.70	36.10	0.90	0.00
216.60	25.40	25.70	36.10	0.90	0.00
216.70	25.50	25.70	35.90	1.00	0.00
216.80	25.50	25.70	36.10	0.90	0.00
216.90	25.50	25.70	34.40	1.30	0.00
217.00	25.50	25.70	35.90	1.30	0.00
217.10	25.60	25.80	35.90	1.30	0.00
217.20	25.60	25.80	35.90	0.90	0.00
217.30	25.50	25.70	35.90	0.90	0.00
217.40	25.50	25.70	35.90	0.70	0.00
217.50	25.50	25.70	36.10	1.60	0.00
217.60	25.50	25.70	36.10	1.30	0.00
217.70	25.50	25.70	36.10	1.30	0.00
217.80	25.50	25.70	36.10	1.30	0.00
217.90	25.50	25.80	35.80	1.20	0.00
218.00	25.50	25.80	35.90	1.20	0.00
218.10	25.50	25.60	36.40	1.00	0.00
218.20	25.50	25.60	36.40	1.00	0.00
218.30	25.60	25.80	34.90	1.30	0.00
218.40	25.60	25.80	36.10	1.20	0.00
218.50	25.50	25.70	35.90	1.30	0.00
218.60	25.50	25.70	35.90	1.20	0.00
218.70	25.50	25.70	35.90	1.20	0.00
218.80	25.50	25.80	36.10	1.30	0.00
218.90	25.50	25.80	35.90	0.90	0.00
219.00	25.60	25.90	35.90	0.90	0.00
219.10	25.60	25.90	36.10	0.90	0.00
219.20	25.40	25.60	36.10	0.90	0.00
219.30	25.40	25.60	35.90	1.20	0.00
219.40	25.40	25.60	35.80	1.20	0.00
219.50	25.50	25.80	35.80	0.70	0.00
219.60	25.50	25.80	35.80	0.70	0.00
219.70	25.50	25.70	36.10	1.30	0.00
219.80	25.50	25.70	36.10	1.50	0.00
219.90	25.60	25.80	36.10	0.90	0.00
220.00	25.60	25.80	35.60	1.30	0.00
220.10	25.50	25.80	36.30	1.30	0.00
220.20	25.50	25.80	36.30	1.30	0.00
220.30	25.50	25.70	35.90	0.70	0.00
220.40	25.50	25.70	35.60	1.60	0.00
220.50	25.40	25.70	35.60	1.60	0.00
220.60	25.40	25.70	35.60	1.60	0.00
220.70	25.60	25.70	36.10	1.30	0.00
220.80	25.60	25.70	36.10	1.60	0.00
220.90	25.50	25.60	35.90	1.20	0.00
221.00	25.50	25.60	36.10	1.00	0.00
221.10	25.50	25.70	36.30	1.20	0.00
221.20	25.50	25.70	36.30	1.20	0.00
221.30	25.50	25.80	36.10	2.10	0.00
221.40	25.50	25.80	35.30	1.00	0.00
221.50	25.50	25.80	35.30	1.00	0.00
221.60	25.50	25.80	36.30	1.50	0.00
221.70	25.50	25.80	35.90	0.70	0.00
221.80	25.50	25.80	36.10	1.60	0.00
221.90	25.40	25.80	36.10	1.60	0.00
222.00	25.40	25.80	36.10	0.70	0.00
222.10	25.50	25.70	35.50	1.60	0.00
222.20	25.50	25.70	36.30	1.20	0.00
222.30	25.50	25.70	35.90	1.00	0.00
222.40	25.50	25.70	35.60	1.60	0.00
222.50	25.40	25.80	35.50	1.00	0.00
222.60	25.40	25.80	35.60	1.60	0.00
222.70	25.50	25.70	36.10	1.00	0.00
222.80	25.50	25.70	35.30	1.30	0.00
222.90	25.40	25.70	35.50	1.00	0.00
223.00	25.40	25.70	35.50	1.00	0.00
223.10	25.60	25.80	35.50	1.00	0.00
223.20	25.60	25.80	35.50	1.60	0.00
223.30	25.50	25.80	36.30	1.60	0.00
223.40	25.50	25.80	36.10	1.50	0.00
223.50	25.60	25.60	36.10	1.50	0.00
223.60	25.60	25.60	35.90	1.60	0.00
223.70	25.50	25.80	35.50	1.60	0.00
223.80	25.50	25.80	36.60	1.20	0.00
223.90	25.60	25.80	36.70	1.50	0.00
224.00	25.60	25.80	34.60	1.90	0.00
224.10	25.50	25.80	35.80	1.60	0.00
224.20	25.50	25.80	35.60	1.60	0.00
224.30	25.60	25.90	35.60	1.60	0.00
224.40	25.60	25.90	35.60	1.60	0.00
224.50	25.60	25.90	35.60	1.30	0.00
224.60	25.50	25.80	35.60	1.60	0.00
224.70	25.50	25.80	35.60	1.60	0.00
224.80	25.50	25.90	35.60	1.80	0.00
224.90	25.50	25.90	35.30	1.60	0.00
225.00	25.50	25.90	35.90	1.90	0.00
225.10	25.50	25.90	35.90	1.90	0.00
225.20	25.50	25.90	35.90	1.80	0.00
225.30	25.60	25.80	36.30	1.80	0.00
225.40	25.60	25.80	35.50	1.30	0.00
225.50	25.60	25.80	35.60	1.60	0.00
225.60	25.60	25.80	35.60	1.60	0.00
225.70	25.50	25.90	35.80	1.60	0.00
225.80	25.50	25.90	35.80	1.60	0.00
225.90	25.50	25.80	35.80	2.10	0.00
226.00	25.50	25.80	35.60	1.60	0.00
226.10	25.70	26.00	35.80	1.80	0.00
226.20	25.70	26.00	35.90	2.10	0.00
226.30	25.50	25.90	35.90	1.50	0.00
226.40	25.50	25.90	36.40	1.90	0.00
226.50	25.40	25.80	36.10	1.50	0.00
226.60	25.40	25.80	35.60	1.80	0.00
226.70	25.50	25.80	35.60	1.80	0.00
226.80	25.50	25.80	35.60	1.90	0.00
226.90	25.60	25.90	35.80	2.60	0.00
227.00	25.60	25.90	35.80	2.60	0.00
227.10	25.50	25.90	35.80	2.60	0.00
227.20	25.50	25.90	35.50	1.50	0.00
227.30	25.50	25.70	35.80	1.50	0.00
227.40	25.50	25.70	35.80	1.50	0.00
227.50	25.60	25.90	35.80	1.80	0.00
227.60	25.60	25.90	35.50	1.90	0.00
227.70	25.50	25.90	36.10	1.90	0.00
227.80	25.50	25.90	36.10	1.90	0.00
227.90	25.40	25.90	35.90	1.90	0.00
228.00	25.40	25.90	35.60	1.80	0.00
228.10	25.40	25.90	35.50	1.30	0.00
228.20	25.40	25.80	35.90	1.50	0.00
228.30	25.40	25.80	35.90	1.50	0.00
228.40	25.50	25.80	35.50	1.60	0.00
228.50	25.50	25.80	35.50	1.60	0.00
228.60	25.50	25.80	35.50	1.60	0.00
228.70	25.50	25.80	35.30	1.80	0.00
228.80	25.60	26.00	35.90	1.80	0.00
228.90	25.60	26.00	35.80	1.60	0.00
229.00	25.60	26.00	35.80	1.60	0.00
229.10	25.60	26.00	35.80	1.90	0.00
229.20	25.50	25.90	35.60	1.80	0.00
229.30	25.50	25.90	35.80	2.10	0.00
229.40	25.60	25.90	35.80	2.10	0.00
229.50	25.60	25.90	35.60	1.50	0.00
229.60	25.40	25.80	35.80	1.60	0.00
229.70	25.40	25.80	35.60	1.90	0.00
229.80	25.60	25.80	35.60	2.40	0.00
229.90	25.60	25.80	35.60	2.40	0.00
230.00	25.50	25.80	35.60	2.40	0.00
230.10	25.50	25.80	35.60	2.40	0.00
230.20	25.50	25.90	35.30	2.10	0.00
230.30	25.50	25.90	35.50	1.60	0.00
230.40	25.50	25.70	35.60	1.90	0.00
230.50	25.50	25.70	35.80	2.10	0.00
230.60	25.50	25.80	35.80	2.30	0.00
230.70	25.50	25.80	35.80	2.30	0.00
230.80	25.50	25.90	35.80	2.30	0.00
230.90	25.50	25.90	36.10	2.40	0.00
231.00	25.50	25.90	35.60	1.60	0.00
231.10	25.50	25.90	35.50	2.30	0.00
231.20	25.50	25.90	35.50	2.30	0.00
231.30	25.50	25.90	35.60	1.90	0.00
231.40	25.60	25.80	35.60	1.90	0.00
231.50	25.60	25.80	35.60	1.90	0.00
231.60	25.50	25.90	35.80	1.90	0.00
231.70	25.50	25.90	35.50	2.10	0.00
231.80	25.60	25.90	35.60	2.10	0.00
231.90	25.60	25.90	35.60	1.90	0.00
232.00	25.40	25.80	35.50	1.80	0.00
232.10	25.40	25.80	36.30	2.30	0.00
232.20	25.50	25.80	35.60	2.10	0.00
232.30	25.50	25.80	35.60	2.10	0.00
232.40	25.60	25.90	35.60	1.90	0.00
232.50	25.60	25.90	35.30	1.80	0.00
232.60	25.40	25.70	35.30	2.30	0.00
232.70	25.40	25.70	35.30	2.30	0.00
232.80	25.50	25.90	35.30	2.30	0.00
232.90	25.50	25.90	35.30	2.30	0.00
233.00	25.60	25.80	35.30	2.40	0.00
233.10	25.60	25.80	35.60	2.40	0.00
233.20	25.70	26.10	35.80	2.10	0.00
233.30	25.70	26.10	35.50	2.30	0.00
233.40	25.40	25.80	35.30	2.10	0.00
233.50	25.40	25.80	35.30	2.10	0.00
233.60	25.40	25.80	35.60	2.10	0.00
233.70	25.40	25.80	35.30	2.30	0.00
233.80	25.60	25.90	35.60	2.60	0.00
233.90	25.60	25.90	35.60	2.60	0.00
234.00	25.50	25.70	35.50	1.90	0.00
234.10	25.50	25.70	35.50	1.90	0.00
234.20	25.60	26.00	35.50	1.90	0.00
234.30	25.60	26.00	35.30	2.10	0.00
234.40	25.40	25.80	35.50	2.30	0.00
234.50	25.40	25.80	35.50	2.10	0.00
234.60	25.50	25.90	35.60	1.90	0.00
234.70	25.50	25.90	35.60	1.90	0.00
234.80	25.60	25.90	35.60	1.90	0.00
234.90	25.60	25.90	35.90	2.70	0.00
235.00	25.50	25.90	35.30	2.40	0.00
235.10	25.50	25.90	35.30	2.40	0.00
235.20	25.40	25.80	35.60	2.70	0.00
235.30	25.40	25.80	35.50	1.90	0.00
235.40	25.50	25.90	35.60	1.80	0.00
235.50	25.50	25.90	35.60	1.80	0.00
235.60	25.50	25.90	35.60	1.80	0.00
235.70	25.50	25.90	35.60	2.30	0.00
235.80	25.50	26.00	35.60	2.40	0.00
235.90	25.50	26.00	35.60	2.40	0.00
236.00	25.50	26.00	35.20	1.90	0.00
236.10	25.50	26.00	35.20	2.10	0.00
236.20	25.30	25.80	35.50	2.40	0.00
236.30	25.30	25.80	35.50	2.40	0.00
236.40	25.60	26.00	35.30	2.10	0.00
236.50	25.60	26.00	35.30	2.70	0.00
236.60	25.60	26.10	35.60	0.10	0.00
236.70	25.60	26.10	35.30	1.60	0.00
236.80	25.50	26.00	35.30	2.30	0.00
236.90	25.50	26.00	35.30	2.30	0.00
237.00	25.40	26.00	35.30	2.30	0.00
237.10	25.40	26.00	35.30	2.30	0.00
237.20	25.50	25.90	35.30	2.70	0.00
237.30	25.50	25.90	35.30	2.60	0.00
237.40	25.50	25.90	34.90	2.40	0.00
237.50	25.50	25.90	35.00	2.40	0.00
237.60	25.50	26.10	35.00	2.40	0.00
237.70	25.50	26.10	35.20	2.60	0.00
237.80	25.40	25.90	35.30	2.40	0.00
237.90	25.40	25.90	35.50	2.70	0.00
238.00	25.70	26.10	35.20	2.40	0.00
238.10	25.70	26.10	35.20	2.40	0.00
238.20	25.40	25.90	35.80	2.60	0.00
238.30	25.40	25.90	34.90	2.60	0.00
238.40	25.40	25.90	34.90	2.60	0.00
238.50	25.40	25.90	34.90	2.60	0.00
238.60	25.50	25.80	35.00	2.40	0.00
238.70	25.50	25.80	35.00	2.40	0.00
238.80	25.50	26.10	35.60	2.10	0.00
238.90	25.50	26.10	35.00	2.60	0.00
239.00	25.30	25.90	35.20	2.60	0.00
239.10	25.30	25.90	35.20	2.60	0.00
239.20	25.40	25.90	35.50	2.70	0.00
239.30	25.40	25.90	35.30	2.70	0.00
239.40	25.60	26.00	35.50	2.70	0.00
239.50	25.60	26.00	35.60	2.90	0.00
239.60	25.40	26.00	35.60	2.90	0.00
239.70	25.40	26.00	35.20	2.40	0.00
239.80	25.60	26.10	35.30	2.30	0.00
239.90	25.60	26.10	35.30	2.30	0.00
240.00	25.60	26.00	35.20	2.70	0.00
240.10	25.60	26.00	35.20	2.70	0.00
240.20	25.50	25.90	35.00	2.40	0.00
240.30	25.50	25.90	35.00	2.40	0.00
240.40	25.50	25.90	35.20	2.40	0.00
240.50	25.50	26.00	35.20	2.40	0.00
240.60	25.50	26.00	35.30	2.60	0.00
240.70	25.50	25.90	35.00	2.40	0.00
240.80	25.50	25.90	35.00	2.40	0.00
240.90	25.40	26.00	35.50	2.40	0.00
241.00	25.40	26.00	34.90	2.60	0.00
241.10	25.50	25.90	35.20	2.40	0.00
241.20	25.50	25.90	35.50	1.80	0.00
241.30	25.50	26.10	35.50	1.80	0.00
241.40	25.50	26.10	35.50	1.80	0.00
241.50	25.50	26.10	35.60	3.00	0.00
241.60	25.60	26.10	35.20	3.00	0.00
241.70	25.60	26.10	35.00	2.70	0.00
241.80	25.60	26.00	35.00	2.70	0.00
241.90	25.60	26.00	35.20	2.40	0.00
242.00	25.60	26.10	35.20	2.30	0.00
242.10	25.60	26.10	35.20	2.30	0.00
242.20	25.50	26.00	35.00	2.90	0.00
242.30	25.50	26.00	35.30	3.00	0.00
242.40	25.60	26.10	35.30	3.20	0.00
242.50	25.60	26.10	35.30	3.00	0.00
242.60	25.50	26.00	35.20	3.90	0.00
242.70	25.50	26.00	35.20	3.90	0.00
242.80	25.50	26.10	35.30	2.60	0.00
242.90	25.50	26.10	35.00	2.70	0.00
243.00	25.50	26.10	35.00	2.70	0.00
243.10	25.50	26.10	35.00	2.70	0.00
243.20	25.50	26.10	35.00	3.00	0.00
243.30	25.60	26.10	33.20	3.20	0.00
243.40	25.60	26.10	35.30	2.70	0.00
243.50	25.50	26.00	35.30	2.70	0.00
243.60	25.50	26.00	35.50	2.90	0.00
243.70	25.60	26.10	34.90	3.30	0.00
243.80	25.60	26.10	35.20	2.90	0.00
243.90	25.50	26.00	35.20	2.90	0.00
244.00	25.50	26.00	35.00	2.60	0.00
244.10	25.50	26.10	35.00	2.60	0.00
244.20	25.50	26.10	35.00	2.60	0.00
244.30	25.50	26.00	35.00	2.70	0.00
244.40	25.50	26.00	35.20	2.90	0.00
244.50	25.30	26.00	35.30	2.90	0.00
244.60	25.30	26.00	35.30	2.90	0.00
244.70	25.60	26.00	35.50	3.20	0.00
244.80	25.60	26.00	35.00	2.70	0.00
244.90	25.50	26.00	34.90	3.00	0.00
245.00	25.50	26.00	35.30	3.00	0.00
245.10	25.50	26.00	35.30	3.00	0.00
245.20	25.50	26.00	34.90	2.40	0.00
245.30	25.40	25.90	34.90	3.30	0.00
245.40	25.40	25.90	35.30	3.20	0.00
245.50	25.40	26.00	35.30	3.20	0.00
245.60	25.40	26.00	35.30	3.20	0.00
245.70	25.40	26.00	35.20	2.60	0.00
245.80	25.40	26.00	35.00	2.90	0.00
245.90	25.40	26.00	35.00	2.90	0.00
246.00	25.50	26.10	35.00	3.30	0.00
246.10	25.50	26.10	35.20	3.00	0.00
246.20	25.30	25.90	35.00	3.20	0.00
246.30	25.30	25.90	34.60	2.90	0.00
246.40	25.30	25.90	35.30	3.20	0.00
246.50	25.50	26.10	34.90	2.70	0.00
246.60	25.50	26.10	35.30	2.90	0.00
246.70	25.40	26.00	35.90	2.60	0.00
246.80	25.40	26.00	35.90	2.60	0.00
246.90	25.40	26.00	35.90	2.60	0.00
247.00	25.40	26.00	35.20	3.50	0.00
247.10	25.50	26.10	35.20	3.50	0.00
247.20	25.50	26.10	34.90	3.30	0.00
247.30	25.60	26.00	35.30	2.90	0.00
247.40	25.60	26.00	35.30	2.70	0.00
247.50	25.60	26.10	34.70	3.00	0.00
247.60	25.60	26.10	34.90	3.30	0.00
247.70	25.60	26.10	34.90	3.30	0.00
247.80	25.50	26.00	34.90	2.90	0.00
247.90	25.50	26.00	34.90	3.60	0.00
248.00	25.50	26.00	34.60	3.00	0.00
248.10	25.50	26.00	34.90	3.30	0.00
248.20	25.60	26.20	34.90	3.30	0.00
248.30	25.60	26.20	34.90	3.30	0.00
248.40	25.60	26.20	34.60	3.00	0.00
248.50	25.50	26.10	34.70	2.90	0.00
248.60	25.50	26.10	34.70	2.90	0.00
248.70	25.50	26.20	34.60	3.20	0.00
248.80	25.50	26.20	34.70	3.00	0.00
248.90	25.50	26.00	34.90	3.20	0.00
249.00	25.50	26.00	34.90	3.20	0.00
249.10	25.40	26.10	34.90	3.20	0.00
249.20	25.40	26.10	35.00	2.60	0.00
249.30	25.60	26.10	34.70	3.80	0.00
249.40	25.60	26.10	34.70	3.80	0.00
249.50	25.50	26.00	34.70	2.90	0.00
249.60	25.50	26.00	35.00	2.90	0.00
249.70	25.50	26.00	35.00	2.90	0.00
249.80	25.50	26.00	35.00	2.90	0.00
249.90	25.40	26.00	34.90	3.00	0.00
250.00	25.40	26.00	35.00	3.50	0.00
250.10	25.70	26.10	35.00	3.50	0.00
250.20	25.70	26.10	34.60	3.20	0.00
250.30	25.60	26.20	34.60	2.90	0.00
250.40	25.60	26.20	35.30	3.00	0.00
250.50	25.60	25.90	35.00	3.30	0.00
250.60	25.60	25.90	35.00	3.30	0.00
250.70	25.60	25.90	35.00	2.60	0.00
250.80	25.50	26.00	34.60	3.60	0.00
250.90	25.50	26.00	34.60	3.60	0.00
251.00	25.50	26.00	34.60	3.30	0.00
251.10	25.50	26.00	34.70	3.30	0.00
251.20	25.50	26.10	34.70	3.30	0.00
251.30	25.50	26.10	34.70	3.20	0.00
251.40	25.50	26.20	34.70	3.20	0.00
251.50	25.50	26.20	34.90	3.30	0.00
251.60	25.40	26.00	34.90	3.50	0.00
251.70	25.40	26.00	34.90	3.50	0.00
251.80	25.40	26.20	35.00	3.60	0.00
251.90	25.40	26.20	34.70	3.30	0.00
252.00	25.40	26.00	35.00	3.30	0.00
252.10	25.40	26.00	35.00	3.30	0.00
252.20	25.60	26.10	34.60	3.60	0.00
252.30	25.60	26.10	35.00	2.90	0.00
252.40	25.60	26.10	34.90	3.30	0.00
252.50	25.50	26.10	34.70	3.80	0.00
252.60	25.50	26.10	34.70	3.80	0.00
252.70	25.70	26.20	34.70	3.80	0.00
252.80	25.70	26.20	35.00	3.60	0.00
252.90	25.40	26.10	35.30	3.50	0.00
253.00	25.40	26.10	35.30	3.50	0.00
253.10	25.40	26.00	34.90	3.50	0.00
253.20	25.40	26.00	35.00	3.50	0.00
253.30	25.50	26.10	34.90	3.30	0.00
253.40	25.50	26.10	34.90	3.20	0.00
253.50	25.50	26.00	35.00	1.80	0.00
253.60	25.50	26.00	34.60	3.50	0.00
253.70	25.50	26.10	34.60	3.50	0.00
253.80	25.50	26.10	34.60	3.20	0.00
253.90	25.50	26.10	34.70	3.30	0.00
254.00	25.50	26.10	34.70	3.30	0.00
254.10	25.50	26.10	34.70	4.10	0.00
254.20	25.50	26.10	34.70	4.10	0.00
254.30	25.30	26.00	34.70	3.60	0.00
254.40	25.30	26.00	34.40	3.20	0.00
254.50	25.50	26.10	34.40	3.00	0.00
254.60	25.50	26.10	34.40	3.50	0.00
254.70	25.50	26.20	34.40	3.50	0.00
254.80	25.50	26.20	34.90	3.60	0.00
254.90	25.40	26.10	34.60	3.60	0.00
255.00	25.40	26.10	34.70	3.80	0.00
255.10	25.60	26.00	34.70	3.80	0.00
255.20	25.60	26.00	34.30	3.80	0.00
255.30	25.50	26.20	35.20	3.80	0.00
255.40	25.50	26.20	35.20	3.80	0.00
255.50	25.60	26.10	35.20	3.80	0.00
255.60	25.60	26.10	34.70	3.50	0.00
255.70	25.30	26.00	34.70	3.60	0.00
255.80	25.30	26.00	34.70	3.60	0.00
255.90	25.50	26.10	34.40	3.80	0.00
256.00	25.50	26.10	34.60	4.10	0.00
256.10	25.50	26.10	34.90	3.90	0.00
256.20	25.40	25.90	34.70	3.60	0.00
256.30	25.40	25.90	34.30	3.60	0.00
256.40	25.40	26.10	34.30	3.60	0.00
256.50	25.40	26.10	35.00	3.80	0.00
256.60	25.40	26.10	34.70	3.90	0.00
256.70	25.50	26.10	35.30	3.50	0.00
256.80	25.50	26.10	35.30	3.50	0.00
256.90	25.50	26.10	34.90	3.80	0.00
257.00	25.50	26.10	34.70	3.90	0.00
257.10	25.60	26.10	34.60	3.90	0.00
257.20	25.60	26.10	34.40	3.50	0.00
257.30	25.60	26.10	34.40	3.80	0.00
257.40	25.60	26.20	34.40	3.80	0.00
257.50	25.60	26.20	34.70	3.50	0.00
257.60	25.30	26.10	34.40	3.60	0.00
257.70	25.30	26.10	34.30	3.90	0.00
257.80	25.30	26.10	34.30	3.90	0.00
257.90	25.60	26.20	34.60	3.90	0.00
258.00	25.60	26.20	34.60	3.80	0.00
258.10	25.50	26.20	34.60	3.80	0.00
258.20	25.50	26.20	34.60	3.80	0.00
258.30	25.50	26.20	34.30	3.90	0.00
258.40	25.50	26.20	34.30	3.80	0.00
258.50	25.40	26.10	34.40	3.90	0.00
258.60	25.40	26.10	34.40	3.90	0.00
258.70	25.50	26.20	34.60	3.90	0.00
258.80	25.40	26.10	34.60	4.10	0.00
258.90	25.40	26.10	34.40	3.90	0.00
259.00	25.50	26.20	34.90	3.90	0.00
259.10	25.50	26.20	34.90	3.90	0.00
259.20	25.40	26.10	34.60	3.50	0.00
259.30	25.40	26.10	34.70	3.90	0.00
259.40	25.40	26.10	32.60	3.60	0.00
259.50	25.40	26.10	32.60	3.60	0.00
259.60	25.50	26.20	32.60	3.60	0.00
259.70	25.50	26.20	34.40	3.90	0.00
259.80	25.60	26.20	34.30	3.80	0.00
259.90	25.60	26.20	34.40	3.80	0.00
260.00	25.50	26.20	34.60	4.10	0.00
260.10	25.50	26.20	34.70	2.10	0.00
260.20	25.50	26.20	34.70	2.10	0.00
260.30	25.50	26.20	34.60	3.60	0.00
260.40	25.50	26.30	34.10	4.30	0.00
260.50	25.50	26.30	35.60	3.00	0.00
260.60	25.60	26.30	34.30	3.90	0.00
260.70	25.60	26.30	34.30	3.60	0.00
260.80	25.40	26.10	34.30	3.60	0.00
260.90	25.40	26.10	35.00	3.80	0.00
261.00	25.50	26.20	35.00	3.80	0.00
261.10	25.50	26.20	34.30	3.60	0.00
261.20	25.40	26.10	34.40	3.60	0.00
261.30	25.40	26.10	34.60	4.10	0.00
261.40	25.40	26.20	34.40	4.10	0.00
261.50	25.40	26.20	34.30	3.80	0.00
261.60	25.50	26.20	34.30	3.80	0.00
261.70	25.50	26.20	34.60	3.90	0.00
261.80	25.40	26.20	34.60	3.90	0.00
261.90	25.40	26.20	34.40	4.30	0.00
262.00	25.50	26.20	34.70	2.90	0.00
262.10	25.50	26.20	34.70	2.90	0.00
262.20	25.50	26.20	34.60	3.90	0.00
262.30	25.50	26.20	34.40	4.10	0.00
262.40	25.60	26.20	34.90	3.90	0.00
262.50	25.60	26.20	34.30	3.80	0.00
262.60	25.50	26.20	34.40	4.10	0.00
262.70	25.50	26.20	34.30	4.30	0.00
262.80	25.50	26.10	34.60	4.30	0.00
262.90	25.50	26.10	34.40	4.70	0.00
263.00	25.50	26.30	34.40	4.10	0.00
263.10	25.50	26.30	34.60	3.80	0.00
263.20	25.50	26.20	34.60	3.80	0.00
263.30	25.50	26.20	34.60	3.80	0.00
263.40	25.50	26.20	35.00	4.30	0.00
263.50	25.50	26.20	34.90	3.90	0.00
263.60	25.50	26.30	34.60	4.10	0.00
263.70	25.50	26.30	35.50	3.60	0.00
263.80	25.50	26.30	34.70	4.40	0.00
263.90	25.50	26.30	34.70	4.30	0.00
264.00	25.30	26.10	34.70	4.30	0.00
264.10	25.30	26.10	34.70	4.30	0.00
264.20	25.50	26.20	34.10	4.30	0.00
264.30	25.50	26.20	34.40	4.30	0.00
264.40	25.50	26.20	34.40	4.40	0.00
264.50	25.50	26.20	34.40	4.40	0.00
264.60	25.50	26.20	34.40	4.40	0.00
264.70	25.50	26.20	33.80	4.10	0.00
264.80	25.50	26.20	34.70	4.60	0.00
264.90	25.50	26.40	34.30	3.90	0.00
265.00	25.50	26.40	34.30	4.30	0.00
265.10	25.60	26.30	34.30	4.30	0.00
265.20	25.60	26.30	35.00	4.10	0.00
265.30	25.50	26.30	34.70	3.90	0.00
265.40	25.50	26.20	34.30	4.40	0.00
265.50	25.50	26.20	34.10	4.40	0.00
265.60	25.40	26.20	34.10	4.10	0.00
265.70	25.40	26.20	33.80	4.90	0.00
265.80	25.50	26.30	33.80	4.90	0.00
265.90	25.50	26.30	33.80	4.90	0.00
266.00	25.50	26.20	34.10	4.30	0.00
266.10	25.50	26.20	34.40	4.40	0.00
266.20	25.50	26.30	34.60	4.10	0.00
266.30	25.50	26.30	34.70	4.60	0.00
266.40	25.50	26.30	34.70	4.40	0.00
266.50	25.40	26.20	34.70	4.40	0.00
266.60	25.40	26.20	34.30	4.40	0.00
266.70	25.40	26.30	33.50	4.60	0.00
266.80	25.40	26.30	33.50	4.60	0.00
266.90	25.60	26.30	34.60	4.30	0.00
267.00	25.60	26.30	34.70	4.40	0.00
267.10	25.40	26.30	34.10	3.80	0.00
267.20	25.40	26.30	34.10	3.80	0.00
267.30	25.60	26.40	34.60	4.30	0.00
267.40	25.60	26.40	34.60	4.30	0.00
267.50	25.60	26.30	34.10	4.30	0.00
267.60	25.60	26.30	34.10	4.30	0.00
267.70	25.40	26.30	34.30	4.10	0.00
267.80	25.40	26.30	34.30	4.10	0.00
267.90	25.50	26.30	34.40	4.40	0.00
268.00	25.50	26.30	34.70	4.60	0.00
268.10	25.50	26.30	34.30	4.60	0.00
268.20	25.50	26.30	34.30	4.60	0.00
268.30	25.60	26.30	34.40	4.40	0.00
268.40	25.60	26.30	33.90	4.70	0.00
268.50	25.50	26.20	34.30	4.60	0.00
268.60	25.50	26.20	34.30	4.60	0.00
268.70	25.50	26.30	34.30	4.60	0.00
268.80	25.50	26.30	34.30	4.60	0.00
268.90	25.50	26.30	34.40	4.70	0.00
269.00	25.50	26.30	34.40	4.60	0.00
269.10	25.40	26.30	34.30	4.70	0.00
269.20	25.40	26.30	34.10	4.40	0.00
269.30	25.50	26.30	34.10	4.60	0.00
269.40	25.50	26.30	34.40	4.40	0.00
269.50	25.40	26.30	34.40	4.40	0.00
269.60	25.40	26.30	34.70	4.60	0.00
269.70	25.40	26.20	34.30	4.60	0.00
269.80	25.40	26.20	34.40	4.40	0.00
269.90	25.50	26.20	34.40	4.40	0.00
270.00	25.50	26.30	34.30	2.70	0.00
270.10	25.50	26.30	34.30	2.70	0.00
270.20	25.50	26.30	34.60	4.70	0.00
270.30	25.50	26.30	34.10	4.10	0.00
270.40	25.50	26.30	34.10	4.10	0.00
270.50	25.50	26.30	34.30	4.60	0.00
270.60	25.50	26.30	34.30	4.90	0.00
270.70	25.50	26.30	34.30	4.90	0.00
270.80	25.40	26.40	33.60	4.40	0.00
270.90	25.40	26.40	35.00	4.30	0.00
271.00	25.50	26.30	33.90	4.60	0.00
271.10	25.50	26.30	34.30	4.70	0.00
271.20	25.40	26.40	34.10	4.40	0.00
271.30	25.40	26.40	34.40	4.30	0.00
271.40	25.40	26.40	34.40	4.30	0.00
271.50	25.50	26.40	34.40	4.30	0.00
271.60	25.50	26.40	34.30	4.60	0.00
271.70	25.50	26.40	34.30	4.90	0.00
271.80	25.50	26.40	34.70	4.70	0.00
271.90	25.60	26.40	34.30	5.20	0.00
272.00	25.60	26.40	34.10	4.40	0.00
272.10	25.50	26.40	33.90	4.60	0.00
272.20	25.50	26.40	34.60	4.70	0.00
272.30	25.50	26.30	34.60	4.90	0.00
272.40	25.50	26.30	34.30	4.70	0.00
272.50	25.50	26.40	34.10	5.20	0.00
272.60	25.50	26.40	34.10	5.20	0.00
272.70	25.50	26.50	34.10	5.20	0.00
272.80	25.50	26.50	34.30	4.60	0.00
272.90	25.50	26.50	34.10	4.90	0.00
273.00	25.60	26.40	34.10	4.90	0.00
273.10	25.60	26.40	34.10	5.00	0.00
273.20	25.50	26.40	34.10	4.70	0.00
273.30	25.60	26.50	33.80	5.00	0.00
273.40	25.60	26.50	34.30	4.10	0.00
273.50	25.40	26.20	33.90	4.70	0.00
273.60	25.40	26.20	34.10	5.00	0.00
273.70	25.50	26.30	34.10	5.00	0.00
273.80	25.50	26.30	33.90	4.90	0.00
273.90	25.60	26.30	34.40	4.90	0.00
274.00	25.60	26.30	34.40	4.90	0.00
274.10	25.40	26.40	34.40	4.90	0.00
274.20	25.40	26.40	34.10	4.70	0.00
274.30	25.50	26.40	34.60	5.00	0.00
274.40	25.50	26.40	33.90	4.90	0.00
274.50	25.50	26.40	33.80	4.70	0.00
274.60	25.50	26.40	33.80	5.00	0.00
274.70	25.50	26.50	33.50	4.70	0.00
274.80	25.50	26.50	34.30	4.70	0.00
274.90	25.50	26.40	33.90	5.00	0.00
275.00	25.50	26.40	33.80	5.20	0.00
275.10	25.50	26.30	33.80	5.20	0.00
275.20	25.50	26.30	34.40	5.00	0.00
275.30	25.50	26.40	34.40	5.00	0.00
275.40	25.50	26.40	34.40	5.00	0.00
275.50	25.40	26.30	34.10	4.90	0.00
275.60	25.40	26.30	33.90	4.90	0.00
275.70	25.50	26.40	34.10	5.00	0.00
275.80	25.50	26.40	33.90	5.00	0.00
275.90	25.60	26.40	34.40	4.90	0.00
276.00	25.60	26.40	34.40	4.90	0.00
276.10	25.60	26.40	33.80	4.90	0.00
276.20	25.60	26.40	33.80	5.20	0.00
276.30	25.60	26.50	34.10	5.20	0.00
276.40	25.60	26.50	34.10	4.70	0.00
276.50	25.60	26.50	34.10	4.90	0.00
276.60	25.60	26.50	34.10	4.90	0.00
276.70	25.60	26.50	34.10	4.90	0.00
276.80	25.60	26.50	33.60	4.90	0.00
276.90	25.50	26.50	33.90	5.00	0.00
277.00	25.50	26.50	33.80	5.30	0.00
277.10	25.50	26.30	34.10	4.90	0.00
277.20	25.50	26.30	33.90	5.00	0.00
277.30	25.50	26.30	33.90	5.00	0.00
277.40	25.40	26.30	34.10	5.60	0.00
277.50	25.40	26.30	33.90	5.20	0.00
277.60	25.50	26.30	33.60	5.20	0.00
277.70	25.50	26.30	33.60	5.20	0.00
277.80	25.50	26.40	33.60	5.00	0.00
277.90	25.50	26.40	34.30	5.00	0.00
278.00	25.50	26.30	34.30	5.00	0.00
278.10	25.50	26.30	34.10	5.00	0.00
278.20	25.60	26.40	33.80	5.20	0.00
278.30	25.60	26.40	33.80	5.30	0.00
278.40	25.50	26.40	33.90	5.50	0.00
278.50	25.50	26.40	33.90	5.50	0.00
278.60	25.40	26.30	33.80	5.30	0.00
278.70	25.40	26.30	34.10	5.20	0.00
278.80	25.60	26.40	34.30	5.00	0.00
278.90	25.60	26.40	33.90	5.00	0.00
279.00	25.50	26.40	33.90	5.00	0.00
279.10	25.50	26.40	34.40	5.20	0.00
279.20	25.40	26.30	34.10	5.50	0.00
279.30	25.40	26.30	34.10	5.50	0.00
279.40	25.50	26.30	34.10	4.90	0.00
279.50	25.50	26.30	33.80	4.90	0.00
279.60	25.60	26.40	33.90	4.90	0.00
279.70	25.60	26.40	33.90	4.90	0.00
279.80	25.50	26.40	34.10	5.30	0.00
279.90	25.50	26.40	33.80	5.20	0.00
280.00	25.50	26.30	33.60	5.20	0.00
280.10	25.50	26.30	34.10	5.20	0.00
280.20	25.50	26.40	34.10	5.20	0.00
280.30	25.50	26.40	33.80	5.50	0.00
280.40	25.50	26.40	34.10	5.30	0.00
280.50	25.50	26.30	33.80	5.20	0.00
280.60	25.50	26.30	33.80	5.20	0.00
280.70	25.40	26.30	33.60	5.00	0.00
280.80	25.40	26.30	33.80	5.50	0.00
280.90	25.40	26.30	33.90	3.30	0.00
281.00	25.40	26.30	33.60	5.30	0.00
281.10	25.40	26.30	33.80	5.00	0.00
281.20	25.50	26.40	33.80	5.00	0.00
281.30	25.50	26.40	33.80	5.50	0.00
281.40	25.50	26.30	33.60	5.20	0.00
281.50	25.50	26.30	34.30	5.30	0.00
281.60	25.40	26.30	33.50	5.30	0.00
281.70	25.40	26.30	33.80	5.00	0.00
281.80	25.60	26.40	33.80	5.00	0.00
281.90	25.60	26.40	33.80	5.00	0.00
282.00	25.60	26.50	34.10	5.30	0.00
282.10	25.60	26.50	34.10	5.60	0.00
282.20	25.60	26.40	33.60	5.20	0.00
282.30	25.60	26.40	33.60	5.20	0.00
282.40	25.50	26.30	33.60	5.00	0.00
282.50	25.50	26.30	33.60	5.30	0.00
282.60	25.60	26.40	33.60	5.50	0.00
282.70	25.60	26.40	33.90	4.90	0.00
282.80	25.60	26.40	34.40	5.00	0.00
282.90	25.60	26.40	34.40	5.00	0.00
283.00	25.50	26.30	33.30	5.30	0.00
283.10	25.50	26.30	33.60	5.50	0.00
283.20	25.60	26.40	33.60	5.50	0.00
283.30	25.60	26.40	33.60	5.50	0.00
283.40	25.60	26.40	33.50	5.80	0.00
283.50	25.60	26.40	33.50	5.80	0.00
283.60	25.30	26.30	33.90	5.50	0.00
283.70	25.30	26.30	33.50	5.20	0.00
283.80	25.50	26.40	33.50	5.20	0.00
283.90	25.50	26.40	33.60	5.00	0.00
284.00	25.60	26.50	33.80	5.50	0.00
284.10	25.60	26.50	33.90	5.60	0.00
284.20	25.60	26.50	33.60	5.30	0.00
284.30	25.60	26.50	33.50	5.50	0.00
284.40	25.60	26.40	33.80	5.50	0.00
284.50	25.60	26.40	33.80	5.50	0.00
284.60	25.50	26.30	33.30	5.30	0.00
284.70	25.50	26.30	33.30	5.30	0.00
284.80	25.60	26.50	33.90	5.30	0.00
284.90	25.60	26.50	33.90	5.30	0.00
285.00	25.50	26.40	33.80	5.50	0.00
285.10	25.50	26.40	33.60	4.90	0.00
285.20	25.60	26.50	33.60	5.60	0.00
285.30	25.60	26.50	33.80	5.20	0.00
285.40	25.60	26.40	33.90	5.60	0.00
285.50	25.60	26.40	33.50	5.30	0.00
285.60	25.50	26.50	33.80	5.60	0.00
285.70	25.50	26.50	34.10	6.60	0.00
285.80	25.50	26.40	34.10	6.60	0.00
285.90	25.50	26.40	33.30	5.50	0.00
286.00	25.50	26.40	33.30	5.50	0.00
286.10	25.50	26.40	33.30	5.50	0.00
286.20	25.60	26.50	33.50	5.80	0.00
286.30	25.60	26.50	33.20	5.60	0.00
286.40	25.50	26.50	33.90	5.60	0.00
286.50	25.50	26.50	33.90	5.90	0.00
286.60	25.50	26.50	33.20	5.50	0.00
286.70	25.50	26.50	33.50	5.30	0.00
286.80	25.60	26.50	33.50	6.10	0.00
286.90	25.60	26.50	33.50	6.10	0.00
287.00	25.60	26.60	33.80	5.60	0.00
287.10	25.60	26.60	33.60	5.60	0.00
287.20	25.60	26.60	33.30	5.30	0.00
287.30	25.40	26.30	33.30	5.30	0.00
287.40	25.40	26.30	33.30	5.30	0.00
287.50	25.40	26.40	33.00	5.80	0.00
287.60	25.40	26.50	34.10	5.30	0.00
287.70	25.40	26.50	33.90	5.30	0.00
287.80	25.50	26.50	33.50	5.50	0.00
287.90	25.50	26.50	33.80	5.30	0.00
288.00	25.50	26.50	33.80	5.30	0.00
288.10	25.50	26.50	33.80	5.80	0.00
288.20	25.50	26.60	33.20	6.10	0.00
288.30	25.50	26.60	33.20	5.50	0.00
288.40	25.50	26.40	33.20	5.50	0.00
288.50	25.50	26.40	33.50	5.60	0.00
288.60	25.40	26.40	33.80	5.90	0.00
288.70	25.40	26.40	33.80	5.90	0.00
288.80	25.50	26.40	33.80	5.90	0.00
288.90	25.50	26.40	33.80	5.80	0.00
289.00	25.50	26.40	33.50	6.10	0.00
289.10	25.50	26.40	33.50	6.10	0.00
289.20	25.60	26.60	33.50	6.10	0.00
289.30	25.60	26.60	33.30	6.30	0.00
289.40	25.60	26.50	33.60	5.50	0.00
289.50	25.60	26.50	33.60	5.50	0.00
289.60	25.60	26.50	33.50	5.50	0.00
289.70	25.60	26.50	33.30	6.10	0.00
289.80	25.60	26.50	33.30	5.60	0.00
289.90	25.50	26.60	33.80	5.60	0.00
290.00	25.50	26.50	33.80	5.60	0.00
290.10	25.50	26.50	33.90	5.30	0.00
290.20	25.60	26.50	33.90	5.30	0.00
290.30	25.60	26.50	34.40	5.60	0.00
290.40	25.70	26.50	33.20	5.80	0.00
290.50	25.70	26.50	33.50	5.80	0.00
290.60	25.40	26.50	33.50	5.80	0.00
290.70	25.40	26.50	33.80	5.80	0.00
290.80	25.50	26.60	33.30	5.90	0.00
290.90	25.50	26.60	33.30	5.90	0.00
291.00	25.50	26.70	33.00	5.90	0.00
291.10	25.50	26.70	33.50	6.30	0.00
291.20	25.50	26.60	33.80	5.90	0.00
291.30	25.50	26.60	33.50	5.80	0.00
291.40	25.60	26.60	33.50	5.80	0.00
291.50	25.60	26.60	33.50	5.80	0.00
291.60	25.60	26.60	33.00	6.40	0.00
291.70	25.50	26.60	33.60	6.30	0.00
291.80	25.50	26.60	33.30	5.80	0.00
291.90	25.30	26.40	33.60	5.80	0.00
292.00	25.30	26.40	33.30	5.90	0.00
292.10	25.50	26.40	33.30	5.90	0.00
292.20	25.50	26.40	33.90	5.90	0.00
292.30	25.50	26.60	33.50	5.90	0.00
292.40	25.50	26.60	33.60	6.10	0.00
292.50	25.50	26.50	33.30	5.60	0.00
292.60	25.40	26.40	33.30	5.60	0.00
292.70	25.40	26.40	33.50	5.80	0.00
292.80	25.40	26.40	33.50	5.80	0.00
292.90	25.60	26.60	33.20	5.80	0.00
293.00	25.60	26.60	33.60	6.40	0.00
293.10	25.50	26.50	33.50	6.70	0.00
293.20	25.50	26.50	33.30	6.10	0.00
293.30	25.40	26.40	33.30	6.10	0.00
293.40	25.40	26.40	33.80	6.40	0.00
293.50	25.50	26.60	33.30	6.10	0.00
293.60	25.50	26.60	33.30	6.10	0.00
293.70	25.50	26.40	33.30	5.60	0.00
293.80	25.50	26.40	33.20	5.60	0.00
293.90	25.50	26.50	33.30	6.40	0.00
294.00	25.50	26.50	32.90	5.60	0.00
294.10	25.40	26.40	32.90	5.60	0.00
294.20	25.40	26.40	33.30	6.40	0.00
294.30	25.50	26.60	33.30	6.40	0.00
294.40	25.50	26.60	33.60	6.10	0.00
294.50	25.50	26.60	33.20	6.10	0.00
294.60	25.60	26.60	33.60	6.40	0.00
294.70	25.60	26.60	33.30	5.80	0.00
294.80	25.50	26.50	33.50	6.10	0.00
294.90	25.50	26.50	33.50	5.50	0.00
295.00	25.40	26.50	33.00	6.30	0.00
295.10	25.40	26.50	33.60	5.60	0.00
295.20	25.60	26.70	33.20	5.80	0.00
295.30	25.50	26.40	33.20	5.80	0.00
295.40	25.50	26.40	33.20	5.80	0.00
295.50	25.40	26.50	34.40	5.90	0.00
295.60	25.40	26.50	33.30	6.60	0.00
295.70	25.50	26.40	33.30	6.60	0.00
295.80	25.50	26.40	33.80	5.80	0.00
295.90	25.40	26.40	33.20	6.10	0.00
296.00	25.40	26.40	33.60	6.60	0.00
296.10	25.50	26.50	33.50	6.30	0.00
296.20	25.50	26.50	33.50	6.60	0.00
296.30	25.50	26.50	33.30	6.40	0.00
296.40	25.50	26.50	32.90	6.10	0.00
296.50	25.50	26.60	33.50	6.30	0.00
296.60	25.50	26.60	33.50	6.30	0.00
296.70	25.50	26.50	33.50	6.30	0.00
296.80	25.50	26.50	33.30	6.60	0.00
296.90	25.40	26.60	34.40	6.30	0.00
297.00	25.40	26.60	33.50	6.60	0.00
297.10	25.40	26.60	32.90	6.30	0.00
297.20	25.60	26.60	33.30	6.60	0.00
297.30	25.60	26.60	33.60	4.60	0.00
297.40	25.50	26.50	33.00	6.30	0.00
297.50	25.50	26.50	33.30	6.30	0.00
297.60	25.40	26.40	32.90	6.40	0.00
297.70	25.40	26.40	33.20	6.90	0.00
297.80	25.50	26.60	33.20	6.90	0.00
297.90	25.50	26.60	33.20	6.90	0.00
298.00	25.50	26.70	33.00	6.10	0.00
298.10	25.50	26.70	33.50	6.30	0.00
298.20	25.50	26.60	33.50	6.30	0.00
298.30	25.50	26.60	33.00	6.40	0.00
298.40	25.50	26.50	33.00	6.10	0.00
298.50	25.50	26.50	33.20	6.10	0.00
298.60	25.50	26.50	33.30	6.60	0.00
298.70	25.50	26.50	33.20	6.60	0.00
298.80	25.50	26.50	32.70	6.40	0.00
298.90	25.50	26.50	32.70	6.40	0.00
299.00	25.50	26.50	33.20	6.60	0.00
299.10	25.50	26.50	32.90	6.30	0.00
299.20	25.40	26.60	32.90	6.30	0.00
299.30	25.40	26.60	33.20	6.30	0.00
299.40	25.40	26.60	33.20	6.30	0.00
299.50	25.40	26.60	33.00	6.10	0.00
299.60	25.60	26.60	33.30	6.40	0.00
299.70	25.60	26.60	33.50	6.40	0.00
299.80	25.50	26.50	33.30	6.30	0.00
299.90	25.50	26.50	33.20	6.60	0.00
300.00	25.50	26.50	33.60	6.30	0.00
300.10	25.50	26.50	33.20	6.40	0.00
300.20	25.50	26.50	33.20	6.40	0.00
300.30	25.50	26.50	32.90	5.80	0.00
300.40	25.50	26.60	33.20	6.40	0.00
300.50	25.50	26.60	33.20	6.40	0.00
300.60	25.60	26.60	33.20	6.40	0.00
300.70	25.60	26.60	33.20	6.30	0.00
300.80	25.40	26.60	32.90	6.40	0.00
300.90	25.40	26.60	32.90	6.40	0.00
301.00	25.60	26.70	33.30	6.40	0.00
301.10	25.60	26.70	33.30	6.40	0.00
301.20	25.50	26.60	33.80	6.30	0.00
301.30	25.50	26.60	33.00	6.30	0.00
301.40	25.50	26.50	33.00	6.40	0.00
301.50	25.50	26.50	33.00	6.40	0.00
301.60	25.50	26.50	32.70	6.60	0.00
301.70	25.50	26.50	33.00	6.40	0.00
301.80	25.50	26.70	33.00	6.60	0.00
301.90	25.50	26.70	33.00	6.60	0.00
302.00	25.60	26.60	33.50	6.90	0.00
302.10	25.60	26.60	33.20	6.40	0.00
302.20	25.50	26.50	33.00	6.30	0.00
302.30	25.50	26.50	32.90	6.60	0.00
302.40	25.60	26.50	32.90	6.60	0.00
302.50	25.60	26.50	33.00	6.10	0.00
302.60	25.60	26.50	33.00	6.70	0.00
302.70	25.60	26.50	33.00	6.70	0.00
302.80	25.60	26.60	33.50	6.10	0.00
302.90	25.60	26.60	33.30	6.40	0.00
303.00	25.50	26.60	33.20	6.60	0.00
303.10	25.50	26.60	33.20	6.60	0.00
303.20	25.50	26.60	33.20	6.60	0.00
303.30	25.50	26.60	33.20	6.60	0.00
303.40	25.60	26.70	33.00	6.90	0.00
303.50	25.60	26.70	32.40	6.60	0.00
303.60	25.50	26.70	32.70	6.60	0.00
303.70	25.50	26.70	33.60	6.40	0.00
303.80	25.50	26.70	33.20	6.60	0.00
303.90	25.50	26.70	33.20	6.60	0.00
304.00	25.50	26.60	33.00	7.00	0.00
304.10	25.50	26.60	33.30	6.60	0.00
304.20	25.40	26.50	31.30	7.00	0.00
304.30	25.40	26.50	32.70	7.00	0.00
304.40	25.50	26.60	33.20	6.40	0.00
304.50	25.50	26.60	33.20	6.40	0.00
304.60	25.50	26.60	32.70	7.00	0.00
304.70	25.50	26.60	32.70	7.00	0.00
304.80	25.50	26.60	32.70	7.20	0.00
304.90	25.50	26.60	32.90	7.00	0.00
305.00	25.40	26.60	33.00	6.30	0.00
305.10	25.40	26.60	33.20	7.00	0.00
305.20	25.50	26.50	32.70	6.90	0.00
305.30	25.50	26.50	32.70	6.90	0.00
305.40	25.50	26.60	32.90	6.40	0.00
305.50	25.50	26.60	31.90	6.70	0.00
305.60	25.50	26.60	32.70	7.00	0.00
305.70	25.50	26.60	33.20	6.70	0.00
305.80	25.60	26.60	33.20	6.70	0.00
305.90	25.60	26.60	33.20	6.70	0.00
306.00	25.40	26.50	32.90	6.70	0.00
306.10	25.40	26.50	33.00	6.60	0.00
306.20	25.60	26.60	32.70	6.30	0.00
306.30	25.60	26.60	33.00	6.40	0.00
306.40	25.60	26.80	33.00	6.90	0.00
306.50	25.60	26.80	33.00	6.90	0.00
306.60	25.40	26.60	32.90	6.90	0.00
306.70	25.40	26.60	33.00	6.70	0.00
306.80	25.60	26.60	32.70	6.70	0.00
306.90	25.60	26.60	33.20	6.90	0.00
307.00	25.60	26.60	32.90	7.00	0.00
307.10	25.60	26.60	32.90	7.00	0.00
307.20	25.50	26.70	32.70	6.70	0.00
307.30	25.50	26.70	32.70	7.20	0.00
307.40	25.50	26.70	32.70	7.30	0.00
307.50	25.50	26.70	32.70	7.30	0.00
307.60	25.50	26.70	32.90	6.40	0.00
307.70	25.50	26.70	32.90	7.20	0.00
307.80	25.40	26.60	33.30	6.90	0.00
307.90	25.40	26.60	33.00	7.00	0.00
308.00	25.40	26.60	32.90	6.70	0.00
308.10	25.40	26.60	33.20	6.70	0.00
308.20	25.60	26.70	33.20	6.70	0.00
308.30	25.60	26.70	32.90	6.90	0.00
308.40	25.50	26.70	32.90	6.90	0.00
308.50	25.50	26.70	32.90	6.90	0.00
308.60	25.60	26.60	33.20	7.30	0.00
308.70	25.60	26.60	33.00	7.60	0.00
308.80	25.50	26.50	33.00	6.90	0.00
308.90	25.50	26.50	32.70	6.90	0.00
309.00	25.60	26.60	32.70	6.90	0.00
309.10	25.60	26.60	32.90	6.70	0.00
309.20	25.50	26.80	32.70	7.20	0.00
309.30	25.50	26.80	32.60	7.30	0.00
309.40	25.50	26.60	33.00	4.90	0.00
309.50	25.50	26.60	33.00	6.70	0.00
309.60	25.50	26.50	32.60	7.00	0.00
309.70	25.50	26.50	32.60	7.00	0.00
309.80	25.60	26.70	32.60	7.00	0.00
309.90	25.60	26.70	33.20	6.60	0.00
310.00	25.50	26.60	33.20	6.60	0.00
310.10	25.50	26.60	33.00	7.20	0.00
310.20	25.60	26.60	30.90	7.30	0.00
310.30	25.60	26.60	33.00	7.90	0.00
310.40	25.50	26.80	33.30	7.00	0.00
310.50	25.50	26.80	33.20	7.00	0.00
310.60	25.50	26.60	33.20	7.20	0.00
310.70	25.50	26.60	33.00	6.60	0.00
310.80	25.60	26.70	33.00	7.00	0.00
310.90	25.60	26.70	33.00	7.00	0.00
311.00	25.50	26.50	32.90	6.60	0.00
311.10	25.50	26.50	32.90	6.60	0.00
311.20	25.40	26.70	32.70	7.20	0.00
311.30	25.40	26.70	33.20	7.30	0.00
311.40	25.60	26.70	32.60	6.70	0.00
311.50	25.60	26.70	33.20	6.10	0.00
311.60	25.60	26.80	32.40	7.50	0.00
311.70	25.40	26.70	32.40	7.50	0.00
311.80	25.40	26.70	32.60	7.30	0.00
311.90	25.70	26.80	33.00	7.30	0.00
312.00	25.70	26.80	32.40	7.00	0.00
312.10	25.70	26.80	33.00	7.20	0.00
312.20	25.60	26.60	33.00	7.20	0.00
312.30	25.50	26.80	32.60	6.90	0.00
312.40	25.50	26.80	32.60	6.90	0.00
312.50	25.40	26.60	32.30	7.30	0.00
312.60	25.40	26.60	32.30	7.30	0.00
312.70	25.50	26.60	32.90	7.00	0.00
312.80	25.40	26.60	32.70	7.20	0.00
312.90	25.40	26.60	32.60	7.20	0.00
313.00	25.50	26.60	32.60	7.50	0.00
313.10	25.50	26.60	32.90	5.50	0.00
313.20	25.50	26.60	32.90	7.30	0.00
313.30	25.40	26.70	32.60	7.50	0.00
313.40	25.40	26.70	32.60	7.50	0.00
313.50	25.50	26.70	32.30	7.20	0.00
313.60	25.50	26.70	32.70	7.80	0.00
313.70	25.50	26.70	32.70	7.80	0.00
313.80	25.50	26.70	32.70	7.80	0.00
313.90	25.50	26.70	32.70	6.90	0.00
314.00	25.50	26.70	32.40	7.50	0.00
314.10	25.40	26.60	32.70	7.30	0.00
314.20	25.40	26.60	33.00	7.30	0.00
314.30	25.50	26.80	32.70	7.30	0.00
314.40	25.50	26.80	33.30	7.30	0.00
314.50	25.40	26.70	33.30	7.30	0.00
314.60	25.40	26.70	32.60	7.20	0.00
314.70	25.60	26.70	32.70	7.00	0.00
314.80	25.60	26.70	33.20	7.00	0.00
314.90	25.50	26.80	32.70	7.00	0.00
315.00	25.50	26.80	32.70	7.00	0.00
315.10	25.60	26.70	32.90	7.50	0.00
315.20	25.60	26.70	32.60	7.00	0.00
315.30	25.50	26.70	32.70	7.50	0.00
315.40	25.50	26.70	32.90	7.60	0.00
315.50	25.60	26.70	32.60	7.00	0.00
315.60	25.60	26.70	32.60	7.30	0.00
315.70	25.60	26.80	32.60	7.30	0.00
315.80	25.60	26.80	32.60	7.50	0.00
315.90	25.50	26.80	32.60	7.60	0.00
316.00	25.50	26.80	32.30	7.30	0.00
316.10	25.50	26.80	32.30	7.30	0.00
316.20	25.50	26.80	32.40	7.80	0.00
316.30	25.40	26.70	32.40	7.80	0.00
316.40	25.40	26.70	32.40	7.60	0.00
316.50	25.40	26.70	33.30	7.80	0.00
316.60	25.40	26.70	32.70	7.30	0.00
316.70	25.50	26.70	32.10	7.60	0.00
316.80	25.50	26.70	32.40	7.00	0.00
316.90	25.50	26.60	32.40	7.00	0.00
317.00	25.50	26.60	32.90	7.60	0.00
317.10	25.50	26.70	32.90	7.60	0.00
317.20	25.50	26.70	32.10	7.00	0.00
317.30	25.40	26.60	32.70	7.50	0.00
317.40	25.40	26.60	32.30	7.80	0.00
317.50	25.50	26.70	32.30	7.80	0.00
317.60	25.50	26.70	32.30	7.80	0.00
317.70	25.50	26.70	32.60	7.50	0.00
317.80	25.50	26.70	33.00	7.30	0.00
317.90	25.50	26.80	32.90	7.50	0.00
318.00	25.50	26.80	32.90	7.50	0.00
318.10	25.50	26.60	32.90	7.80	0.00
318.20	25.50	26.60	32.40	7.50	0.00
318.30	25.40	26.70	32.90	7.50	0.00
318.40	25.40	26.70	32.70	7.90	0.00
318.50	25.40	26.70	32.70	7.90	0.00
318.60	25.50	26.70	32.60	7.50	0.00
318.70	25.50	26.70	32.30	7.30	0.00
318.80	25.50	26.70	32.70	8.40	0.00
318.90	25.50	26.70	32.70	8.40	0.00
319.00	25.50	26.60	32.70	8.40	0.00
319.10	25.50	26.60	32.60	7.50	0.00
319.20	25.50	26.60	32.40	7.80	0.00
319.30	25.40	26.70	32.40	7.60	0.00
319.40	25.40	26.70	32.40	8.10	0.00
319.50	25.50	26.70	32.40	8.10	0.00
319.60	25.50	26.70	32.70	7.60	0.00
319.70	25.60	26.70	32.60	7.20	0.00
319.80	25.60	26.70	32.60	7.60	0.00
319.90	25.40	26.70	32.60	7.60	0.00
320.00	25.40	26.70	32.40	7.80	0.00
320.10	25.40	26.70	32.40	7.50	0.00
320.20	25.40	26.70	32.30	7.80	0.00
320.30	25.50	26.70	32.30	7.80	0.00
320.40	25.50	26.70	33.00	7.90	0.00
320.50	25.60	27.00	33.00	7.90	0.00
320.60	25.60	27.00	33.00	7.50	0.00
320.70	25.60	27.00	32.60	7.90	0.00
320.80	25.50	26.70	32.30	7.50	0.00
320.90	25.50	26.70	32.30	7.50	0.00
321.00	25.50	26.80	32.40	7.30	0.00
321.10	25.50	26.80	32.30	7.90	0.00
321.20	25.50	26.80	32.60	7.80	0.00
321.30	25.50	26.80	32.60	7.80	0.00
321.40	25.40	26.70	32.70	7.60	0.00
321.50	25.40	26.70	32.90	7.50	0.00
321.60	25.40	26.70	32.90	7.50	0.00
321.70	25.40	26.70	32.90	7.50	0.00
321.80	25.50	26.80	32.40	7.90	0.00
321.90	25.60	26.80	31.60	8.30	0.00
322.00	25.60	26.80	32.70	6.70	0.00
322.10	25.40	26.70	32.40	7.60	0.00
322.20	25.40	26.70	32.40	7.90	0.00
322.30	25.60	26.80	32.60	8.90	0.00
322.40	25.60	26.80	32.40	7.60	0.00
322.50	25.20	26.60	32.70	7.80	0.00
322.60	25.20	26.60	32.60	7.60	0.00
322.70	25.50	26.80	32.30	7.80	0.00
322.80	25.50	26.80	32.30	7.80	0.00
322.90	25.40	26.60	32.10	7.30	0.00
323.00	25.40	26.60	32.70	7.60	0.00
323.10	25.40	26.80	32.30	7.80	0.00
323.20	25.40	26.80	32.30	7.50	0.00
323.30	25.60	26.80	32.30	7.50	0.00
323.40	25.50	26.80	32.70	7.90	0.00
323.50	25.50	26.80	32.30	8.10	0.00
323.60	25.60	26.90	32.10	8.10	0.00
323.70	25.60	26.90	32.60	8.30	0.00
323.80	25.50	26.80	32.60	8.30	0.00
323.90	25.50	26.80	32.70	8.10	0.00
324.00	25.60	26.80	32.30	8.40	0.00
324.10	25.60	26.80	32.30	8.40	0.00
324.20	25.50	26.80	32.30	8.40	0.00
324.30	25.50	26.80	32.40	7.90	0.00
324.40	25.50	26.70	32.30	7.60	0.00
324.50	25.50	26.70	32.10	7.80	0.00
324.60	25.50	26.80	32.60	8.10	0.00
324.70	25.50	26.80	32.60	8.30	0.00
324.80	25.50	26.80	32.10	7.50	0.00
324.90	25.50	26.80	32.30	8.40	0.00
325.00	25.50	26.80	32.70	8.90	0.00
325.10	25.50	26.80	32.70	8.90	0.00
325.20	25.50	26.70	32.40	8.40	0.00
325.30	25.50	26.70	31.80	8.30	0.00
325.40	25.50	26.70	31.80	8.30	0.00
325.50	25.50	26.70	31.80	8.30	0.00
325.60	25.50	26.70	31.90	7.60	0.00
325.70	25.50	26.70	32.40	8.60	0.00
325.80	25.50	26.80	32.30	8.10	0.00
325.90	25.50	26.80	31.90	7.90	0.00
326.00	25.40	26.80	32.40	7.90	0.00
326.10	25.50	26.70	32.40	7.90	0.00
326.20	25.50	26.70	32.10	7.90	0.00
326.30	25.40	26.70	31.90	8.30	0.00
326.40	25.40	26.70	31.90	8.30	0.00
326.50	25.40	26.70	32.40	7.90	0.00
326.60	25.40	26.70	32.10	8.30	0.00
326.70	25.60	26.80	31.90	8.60	0.00
326.80	25.60	26.80	31.90	8.60	0.00
326.90	25.30	26.70	31.90	8.60	0.00
327.00	25.30	26.70	32.30	7.80	0.00
327.10	25.50	26.80	32.40	8.30	0.00
327.20	25.50	26.80	32.30	7.90	0.00
327.30	25.50	26.70	32.40	8.10	0.00
327.40	25.50	26.70	32.40	8.10	0.00
327.50	25.60	26.80	32.70	7.00	0.00
327.60	25.60	26.80	32.10	7.90	0.00
327.70	25.50	26.80	31.90	8.10	0.00
327.80	25.50	26.80	32.10	7.90	0.00
327.90	25.50	26.80	31.50	8.60	0.00
328.00	25.50	26.80	32.70	8.60	0.00
328.10	25.50	26.80	32.70	8.60	0.00
328.20	25.40	26.90	31.80	7.90	0.00
328.30	25.40	26.90	32.60	8.30	0.00
328.40	25.40	26.60	31.90	8.40	0.00
328.50	25.40	26.60	32.40	8.10	0.00
328.60	25.40	26.80	31.90	7.80	0.00
328.70	25.40	26.80	32.30	8.40	0.00
328.80	25.60	26.80	32.30	8.30	0.00
328.90	25.50	26.70	32.70	8.10	0.00
329.00	25.50	26.70	31.90	8.40	0.00
329.10	25.60	26.90	32.10	8.10	0.00
329.20	25.60	26.90	32.10	8.10	0.00
329.30	25.50	26.80	32.10	8.10	0.00
329.40	25.50	26.80	32.10	8.30	0.00
329.50	25.50	26.80	32.30	7.90	0.00
329.60	25.50	26.80	31.90	7.90	0.00
329.70	25.50	26.80	32.10	8.60	0.00
329.80	25.50	26.80	31.80	8.10	0.00
329.90	25.40	26.70	31.80	8.10	0.00
330.00	25.40	26.70	31.90	8.10	0.00
330.10	25.50	26.80	32.10	8.90	0.00
330.20	25.50	26.80	32.30	8.30	0.00
330.30	25.50	26.80	32.30	9.00	0.00
330.40	25.50	26.80	32.10	8.30	0.00
330.50	25.40	26.80	32.10	8.30	0.00
330.60	25.40	26.80	31.90	8.30	0.00
330.70	25.40	26.80	31.90	8.40	0.00
330.80	25.40	26.80	31.90	8.40	0.00
330.90	25.50	26.80	32.70	7.90	0.00
331.00	25.50	26.80	32.30	8.60	0.00
331.10	25.60	26.90	32.30	8.60	0.00
331.20	25.60	26.90	32.40	8.10	0.00
331.30	25.40	26.80	32.30	7.90	0.00
331.40	25.40	26.80	32.30	7.90	0.00
331.50	25.50	26.70	31.80	7.60	0.00
331.60	25.50	26.70	32.30	8.70	0.00
331.70	25.40	26.70	32.10	8.30	0.00
331.80	25.40	26.70	32.10	8.30	0.00
331.90	25.50	26.80	32.10	8.30	0.00
332.00	25.50	26.90	31.80	8.90	0.00
332.10	25.50	26.90	32.30	8.10	0.00
332.20	25.50	26.80	31.80	8.40	0.00
332.30	25.50	26.80	32.30	8.30	0.00
332.40	25.50	26.90	31.60	8.30	0.00
332.50	25.50	26.90	31.60	8.30	0.00
332.60	25.50	26.80	32.10	8.60	0.00
332.70	25.50	26.80	31.90	8.30	0.00
332.80	25.50	26.90	31.90	8.30	0.00
332.90	25.50	26.90	32.40	7.90	0.00
333.00	25.50	26.80	32.10	8.40	0.00
333.10	25.50	26.80	32.40	8.40	0.00
333.20	25.50	26.80	32.40	8.40	0.00
333.30	25.40	26.80	32.40	8.40	0.00
333.40	25.40	26.80	31.80	9.00	0.00
333.50	25.40	26.80	31.60	8.30	0.00
333.60	25.40	26.80	31.60	8.70	0.00
333.70	25.50	26.90	31.90	8.40	0.00
333.80	25.50	26.90	32.10	8.90	0.00
333.90	25.40	26.60	31.80	8.70	0.00
334.00	25.40	26.60	31.80	8.70	0.00
334.10	25.50	26.90	32.40	8.40	0.00
334.20	25.50	26.90	31.80	8.60	0.00
334.30	25.50	26.80	32.10	8.60	0.00
334.40	25.50	26.80	31.90	8.90	0.00
334.50	25.70	27.00	31.90	8.90	0.00
334.60	25.70	27.00	31.90	8.90	0.00
334.70	25.40	26.80	32.10	9.20	0.00
334.80	25.40	26.80	31.90	8.70	0.00
334.90	25.40	26.80	31.80	8.30	0.00
335.00	25.40	26.80	32.10	6.40	0.00
335.10	25.50	26.90	32.10	8.40	0.00
335.20	25.50	26.90	32.10	8.40	0.00
335.30	25.40	26.90	31.90	8.10	0.00
335.40	25.40	26.90	31.80	8.60	0.00
335.50	25.50	26.80	31.80	8.60	0.00
335.60	25.50	26.80	32.10	8.90	0.00
335.70	25.40	26.90	31.90	8.60	0.00
335.80	25.40	26.90	31.90	8.60	0.00
335.90	25.50	26.90	32.30	8.60	0.00
336.00	25.50	26.90	32.30	8.60	0.00
336.10	25.50	26.90	31.60	8.30	0.00
336.20	25.50	26.90	31.60	8.30	0.00
336.30	25.60	26.90	31.90	8.70	0.00
336.40	25.60	26.90	31.90	8.70	0.00
336.50	25.60	26.90	31.90	8.70	0.00
336.60	25.50	26.90	31.90	8.70	0.00
336.70	25.50	26.90	31.90	8.70	0.00
336.80	25.40	26.90	32.30	8.40	0.00
336.90	25.40	26.90	32.10	8.90	0.00
337.00	25.50	26.90	32.10	8.90	0.00
337.10	25.50	26.90	31.80	8.60	0.00
337.20	25.50	26.90	31.90	8.30	0.00
337.30	25.50	26.90	32.30	8.70	0.00
337.40	25.50	27.00	31.80	8.30	0.00
337.50	25.50	27.00	31.80	8.30	0.00
337.60	25.50	26.90	31.80	8.30	0.00
337.70	25.50	26.80	31.80	8.60	0.00
337.80	25.50	26.80	31.50	8.60	0.00
337.90	25.50	26.80	31.50	8.60	0.00
338.00	25.50	26.80	32.10	8.70	0.00
338.10	25.50	26.90	32.10	8.70	0.00
338.20	25.50	26.90	31.80	9.20	0.00
338.30	25.60	27.00	32.30	8.70	0.00
338.40	25.60	27.00	31.60	8.60	0.00
338.50	25.60	26.90	32.30	8.70	0.00
338.60	25.60	26.90	31.60	8.70	0.00
338.70	25.60	27.00	31.50	8.90	0.00
338.80	25.60	27.00	31.50	8.90	0.00
338.90	25.50	26.90	31.50	8.90	0.00
339.00	25.50	26.90	31.50	8.70	0.00
339.10	25.40	26.80	31.80	9.30	0.00
339.20	25.40	26.80	31.80	8.30	0.00
339.30	25.50	27.10	32.10	8.90	0.00
339.40	25.50	27.10	32.60	8.90	0.00
339.50	25.40	26.90	31.80	8.40	0.00
339.60	25.40	26.90	31.80	8.40	0.00
339.70	25.60	26.90	32.10	9.00	0.00
339.80	25.60	26.90	31.90	8.40	0.00
339.90	25.50	26.70	31.60	9.30	0.00
340.00	25.50	26.70	31.80	9.00	0.00
340.10	25.60	27.00	31.80	9.00	0.00
340.20	25.60	27.00	31.80	9.00	0.00
340.30	25.60	26.90	32.10	8.90	0.00
340.40	25.60	26.90	32.10	8.90	0.00
340.50	25.50	26.90	31.80	8.70	0.00
340.60	25.50	26.90	31.80	8.70	0.00
340.70	25.50	26.80	31.90	9.20	0.00
340.80	25.50	26.80	31.80	8.70	0.00
340.90	25.60	26.90	31.80	8.70	0.00
341.00	25.60	26.90	31.80	9.00	0.00
341.10	25.40	26.70	31.60	8.70	0.00
341.20	25.40	26.70	30.10	9.20	0.00
341.30	25.60	27.00	31.60	9.00	0.00
341.40	25.60	27.00	31.80	9.00	0.00
341.50	25.60	27.00	31.80	9.00	0.00
341.60	25.60	27.00	31.60	8.90	0.00
341.70	25.60	26.90	31.60	9.00	0.00
341.80	25.60	26.90	31.60	8.70	0.00
341.90	25.40	26.80	31.60	8.70	0.00
342.00	25.40	26.80	31.60	9.20	0.00
342.10	25.50	26.80	31.80	8.60	0.00
342.20	25.50	26.80	31.80	8.60	0.00
342.30	25.40	26.90	31.30	9.00	0.00
342.40	25.40	26.90	31.90	8.60	0.00
342.50	25.40	26.90	32.70	9.20	0.00
342.60	25.40	26.90	32.40	8.90	0.00
342.70	25.40	26.90	31.90	8.90	0.00
342.80	25.40	26.90	31.90	8.90	0.00
342.90	25.40	26.90	31.90	8.90	0.00
343.00	25.40	26.90	31.80	8.90	0.00
343.10	25.50	27.00	31.60	9.00	0.00
343.20	25.50	27.00	31.60	9.00	0.00
343.30	25.50	26.90	31.60	9.00	0.00
343.40	25.50	26.90	31.80	9.00	0.00
343.50	25.40	27.00	31.90	9.30	0.00
343.60	25.40	27.00	31.80	9.50	0.00
343.70	25.30	26.80	31.80	8.30	0.00
343.80	25.30	26.80	31.80	9.30	0.00
343.90	25.50	26.90	31.60	7.50	0.00
344.00	25.50	26.90	31.80	9.30	0.00
344.10	25.40	26.80	31.80	9.30	0.00
344.20	25.40	26.80	31.80	9.30	0.00
344.30	25.40	26.90	31.80	9.00	0.00
344.40	25.40	26.90	31.80	9.00	0.00
344.50	25.50	27.00	31.60	9.20	0.00
344.60	25.50	27.00	31.60	8.90	0.00
344.70	25.40	27.00	31.80	9.60	0.00
344.80	25.40	27.00	31.80	9.60	0.00
344.90	25.40	26.90	31.80	9.00	0.00
345.00	25.40	26.90	31.90	8.90	0.00
345.10	25.50	26.90	31.80	9.00	0.00
345.20	25.50	26.90	32.10	9.00	0.00
345.30	25.60	26.90	31.60	9.20	0.00
345.40	25.60	26.90	31.00	9.20	0.00
345.50	25.40	26.80	31.00	9.20	0.00
345.60	25.40	26.80	31.00	9.20	0.00
345.70	25.60	27.00	31.80	9.30	0.00
345.80	25.60	27.00	31.50	9.30	0.00
345.90	25.40	26.90	31.50	9.00	0.00
346.00	25.40	26.90	31.60	9.20	0.00
346.10	25.40	27.00	31.80	8.90	0.00
346.20	25.40	27.00	32.10	9.50	0.00
346.30	25.50	27.00	31.60	9.00	0.00
346.40	25.50	27.00	31.60	9.00	0.00
346.50	25.50	27.00	31.60	9.30	0.00
346.60	25.50	27.00	31.60	9.30	0.00
346.70	25.60	26.90	31.50	9.20	0.00
346.80	25.60	26.90	31.50	9.20	0.00
346.90	25.60	26.90	31.50	9.20	0.00
347.00	25.60	26.90	31.50	9.20	0.00
347.10	25.50	27.00	31.60	9.50	0.00
347.20	25.50	27.00	31.60	9.50	0.00
347.30	25.50	27.00	31.60	9.50	0.00
347.40	25.50	27.00	31.50	9.30	0.00
347.50	25.50	27.00	31.50	9.30	0.00
347.60	25.60	27.10	31.90	9.80	0.00
347.70	25.60	27.10	31.50	9.30	0.00
347.80	25.50	27.10	31.20	9.00	0.00
347.90	25.50	27.10	31.60	9.30	0.00
348.00	25.50	26.90	31.30	9.30	0.00
348.10	25.50	26.90	31.30	9.30	0.00
348.20	25.40	26.90	31.20	9.50	0.00
348.30	25.40	26.90	31.30	9.50	0.00
348.40	25.40	26.90	31.60	9.30	0.00
348.50	25.50	26.90	31.50	9.50	0.00
348.60	25.50	26.90	31.50	9.50	0.00
348.70	25.40	26.90	31.50	9.50	0.00
348.80	25.40	26.90	31.60	9.00	0.00
348.90	25.40	26.90	30.90	9.30	0.00
349.00	25.50	27.00	31.50	9.30	0.00
349.10	25.50	27.00	31.80	9.50	0.00
349.20	25.50	27.00	31.80	8.70	0.00
349.30	25.60	27.00	31.80	8.70	0.00
349.40	25.60	27.00	31.80	9.00	0.00
349.50	25.50	27.00	29.60	9.60	0.00
349.60	25.50	27.00	31.50	9.30	0.00
349.70	25.50	26.90	31.80	9.00	0.00
349.80	25.50	26.90	31.80	9.00	0.00
349.90	25.50	26.90	31.50	9.30	0.00
350.00	25.50	26.90	31.50	9.30	0.00
350.10	25.50	27.00	31.50	9.50	0.00
350.20	25.50	27.00	31.60	9.50	0.00
350.30	25.40	26.80	31.50	9.20	0.00
350.40	25.40	26.80	31.50	9.20	0.00
350.50	25.50	27.00	31.50	9.30	0.00
350.60	25.50	27.00	32.40	9.60	0.00
350.70	25.60	27.00	31.60	9.20	0.00
350.80	25.60	27.00	31.60	9.20	0.00
350.90	25.50	27.10	31.80	9.50	0.00
351.00	25.50	27.10	31.30	9.60	0.00
351.10	25.40	27.00	31.30	9.60	0.00
351.20	25.40	27.00	31.30	9.60	0.00
351.30	25.50	27.00	31.20	9.50	0.00
351.40	25.50	27.00	31.20	9.50	0.00
351.50	25.50	26.80	31.60	9.60	0.00
351.60	25.50	26.80	31.60	9.50	0.00
351.70	25.50	26.90	31.60	9.50	0.00
351.80	25.40	26.90	31.60	9.20	0.00
351.90	25.40	26.90	31.60	9.20	0.00
352.00	25.40	27.00	31.30	9.50	0.00
352.10	25.40	27.00	31.50	9.60	0.00
352.20	25.50	26.90	31.50	9.60	0.00
352.30	25.50	26.90	31.60	9.30	0.00
352.40	25.40	26.90	31.60	9.50	0.00
352.50	25.40	26.90	31.80	9.50	0.00
352.60	25.50	26.90	31.60	9.30	0.00
352.70	25.50	26.90	31.60	9.30	0.00
352.80	25.50	27.00	31.60	9.30	0.00
352.90	25.40	27.10	31.50	9.50	0.00
353.00	25.40	27.10	31.60	9.30	0.00
353.10	25.60	26.90	31.90	9.60	0.00
353.20	25.60	26.90	31.60	9.90	0.00
353.30	25.50	26.90	31.60	9.60	0.00
353.40	25.50	26.90	31.50	9.50	0.00
353.50	25.60	27.00	31.50	9.50	0.00
353.60	25.50	26.90	31.50	7.90	0.00
353.70	25.50	26.90	31.80	9.80	0.00
353.80	25.40	27.00	31.30	9.90	0.00
353.90	25.40	27.00	31.20	9.60	0.00
354.00	25.40	26.90	31.20	9.60	0.00
354.10	25.40	26.90	31.20	9.60	0.00
354.20	25.60	26.90	31.50	9.60	0.00
354.30	25.60	26.90	31.60	10.10	0.00
354.40	25.40	26.90	31.50	9.80	0.00
354.50	25.40	26.90	31.50	9.50	0.00
354.60	25.50	26.90	31.30	9.80	0.00
354.70	25.50	26.90	31.50	9.50	0.00
354.80	25.50	26.90	31.50	9.50	0.00
354.90	25.50	26.90	31.30	9.90	0.00
355.00	25.40	26.80	31.60	9.80	0.00
355.10	25.40	26.80	31.50	9.50	0.00
355.20	25.50	27.00	31.30	9.60	0.00
355.30	25.50	27.00	31.30	9.60	0.00
355.40	25.40	26.90	31.30	9.60	0.00
355.50	25.40	26.90	31.20	9.80	0.00
355.60	25.60	26.90	31.50	9.50	0.00
355.70	25.60	26.90	31.50	9.50	0.00
355.80	25.50	27.00	31.30	9.20	0.00
355.90	25.40	27.00	32.40	9.50	0.00
356.00	25.40	27.00	31.20	9.60	0.00
356.10	25.50	27.00	31.20	9.80	0.00
356.20	25.50	27.00	31.30	9.50	0.00
356.30	25.50	27.00	31.50	9.90	0.00
356.40	25.50	27.00	31.20	9.60	0.00
356.50	25.60	26.90	31.50	9.60	0.00
356.60	25.60	26.90	31.50	9.60	0.00
356.70	25.50	27.00	31.50	9.80	0.00
356.80	25.50	27.00	31.50	9.80	0.00
356.90	25.50	27.00	31.50	9.50	0.00
357.00	25.50	26.90	31.00	9.80	0.00
357.10	25.50	27.00	31.20	10.30	0.00
357.20	25.50	27.00	31.50	9.90	0.00
357.30	25.40	27.10	30.40	9.80	0.00
357.40	25.40	27.10	31.60	9.60	0.00
357.50	25.40	27.10	29.30	10.10	0.00
357.60	25.50	27.00	31.30	9.80	0.00
357.70	25.50	27.00	31.30	9.80	0.00
357.80	25.40	27.10	30.70	9.60	0.00
357.90	25.40	27.10	30.70	9.60	0.00
358.00	25.50	26.90	31.60	8.40	0.00
358.10	25.50	26.90	31.50	8.10	0.00
358.20	25.60	27.00	30.90	10.40	0.00
358.30	25.60	27.00	31.60	9.80	0.00
358.40	25.60	27.10	31.50	9.60	0.00
358.50	25.50	26.90	31.50	9.60	0.00
358.60	25.50	26.90	31.20	10.10	0.00
358.70	25.50	26.90	31.00	9.60	0.00
358.80	25.50	26.90	31.00	10.10	0.00
358.90	25.50	27.10	31.00	9.80	0.00
359.00	25.50	27.10	31.60	9.60	0.00
359.10	25.50	27.00	31.60	9.60	0.00
359.20	25.50	27.00	31.30	10.10	0.00
359.30	25.50	27.10	31.30	10.10	0.00
359.40	25.50	27.00	31.60	9.80	0.00
359.50	25.50	27.00	31.20	9.90	0.00
359.60	25.60	27.10	31.00	10.40	0.00
359.70	25.60	27.10	30.90	10.10	0.00
359.80	25.50	27.10	30.90	10.10	0.00
359.90	25.40	27.00	30.90	9.90	0.00
360.00	25.40	27.00	31.30	10.70	0.00
360.10	25.50	27.00	31.20	9.60	0.00
360.20	25.50	27.00	31.20	10.60	0.00
360.30	25.50	27.00	31.20	9.80	0.00
360.40	25.50	27.00	31.20	9.80	0.00
360.50	25.50	27.00	31.20	9.90	0.00
360.60	25.50	27.00	31.20	9.90	0.00
360.70	25.50	27.00	31.30	10.30	0.00
360.80	25.50	27.00	31.30	9.60	0.00
360.90	25.40	26.90	31.30	9.60	0.00
361.00	25.40	26.90	31.20	9.90	0.00
361.10	25.40	27.00	31.30	10.10	0.00
361.20	25.40	27.00	31.30	10.10	0.00
361.30	25.50	27.00	31.20	10.30	0.00
361.40	25.50	27.00	30.70	9.90	0.00
361.50	25.50	26.80	31.50	9.90	0.00
361.60	25.50	26.80	31.00	10.60	0.00
361.70	25.60	27.00	31.00	10.60	0.00
361.80	25.60	27.00	31.00	10.60	0.00
361.90	25.40	26.90	31.00	9.90	0.00
362.00	25.40	26.90	31.50	9.90	0.00
362.10	25.40	27.00	30.90	10.30	0.00
362.20	25.40	27.00	31.30	10.40	0.00
362.30	25.50	27.00	31.20	10.60	0.00
362.40	25.50	27.00	30.70	10.10	0.00
362.50	25.40	27.00	30.70	10.10	0.00
362.60	25.40	27.00	31.20	10.30	0.00
362.70	25.50	27.00	30.70	10.10	0.00
362.80	25.50	27.00	30.90	9.60	0.00
362.90	25.50	27.00	31.30	10.40	0.00
363.00	25.50	27.00	31.30	10.40	0.00
363.10	25.40	26.90	31.30	10.40	0.00
363.20	25.40	26.90	31.00	10.10	0.00
363.30	25.40	26.90	30.90	9.60	0.00
363.40	25.50	27.00	31.20	8.10	0.00
363.50	25.50	27.00	31.20	10.40	0.00
363.60	25.60	27.10	31.20	9.60	0.00
363.70	25.60	27.10	30.90	9.90	0.00
363.80	25.40	27.00	31.50	9.00	0.00
363.90	25.40	27.00	31.20	10.60	0.00
364.00	25.60	27.10	31.20	10.60	0.00
364.10	25.60	27.10	31.00	10.30	0.00
364.20	25.50	27.10	31.00	10.30	0.00
364.30	25.60	27.10	31.00	10.30	0.00
364.40	25.60	27.10	31.00	10.40	0.00
364.50	25.30	27.00	31.00	10.60	0.00
364.60	25.30	27.00	30.70	9.90	0.00
364.70	25.40	26.90	30.60	9.80	0.00
364.80	25.40	26.90	30.60	9.80	0.00
364.90	25.50	27.00	31.00	10.10	0.00
365.00	25.50	27.00	31.00	10.30	0.00
365.10	25.40	27.00	31.20	10.60	0.00
365.20	25.40	27.00	30.90	10.30	0.00
365.30	25.50	27.00	31.20	10.60	0.00
365.40	25.50	27.00	31.00	10.10	0.00
365.50	25.50	27.00	31.00	10.10	0.00
365.60	25.50	27.00	31.20	10.40	0.00
365.70	25.50	27.00	31.20	10.30	0.00
365.80	25.50	27.00	31.20	10.30	0.00
365.90	25.50	27.00	30.70	10.30	0.00
366.00	25.40	27.00	31.00	10.40	0.00
366.10	25.40	27.00	31.00	10.40	0.00
366.20	25.60	27.00	31.50	10.30	0.00
366.30	25.60	27.00	30.70	10.60	0.00
366.40	25.50	27.20	31.00	10.40	0.00
366.50	25.50	27.00	31.00	10.40	0.00
366.60	25.50	27.00	30.70	10.10	0.00
366.70	25.50	27.00	31.30	10.30	0.00
366.80	25.50	27.00	31.30	10.30	0.00
366.90	25.50	27.10	31.30	10.30	0.00
367.00	25.50	27.10	31.00	10.30	0.00
367.10	25.50	27.00	31.20	10.60	0.00
367.20	25.50	27.00	31.50	10.40	0.00
367.30	25.50	26.90	31.20	10.30	0.00
367.40	25.50	26.90	30.90	10.10	0.00
367.50	25.40	27.00	31.30	10.60	0.00
367.60	25.40	27.00	31.30	10.40	0.00
367.70	25.50	27.00	31.30	10.40	0.00
367.80	25.40	27.00	31.30	10.40	0.00
367.90	25.40	27.00	31.30	10.30	0.00
368.00	25.50	27.00	31.00	10.40	0.00
368.10	25.50	27.00	31.00	10.40	0.00
368.20	25.50	27.10	31.00	10.40	0.00
368.30	25.50	27.10	31.20	10.60	0.00
368.40	25.50	27.10	29.50	10.30	0.00
368.50	25.50	27.00	30.90	10.60	0.00
368.60	25.50	27.00	30.90	10.30	0.00
368.70	25.50	27.10	31.30	10.40	0.00
368.80	25.50	27.00	30.90	10.40	0.00
368.90	25.50	27.00	30.90	10.60	0.00
369.00	25.50	27.00	31.20	10.40	0.00
369.10	25.50	27.20	31.00	9.80	0.00
369.20	25.50	27.10	30.90	10.40	0.00
369.30	25.50	27.10	30.90	10.40	0.00
369.40	25.50	27.00	30.90	10.40	0.00
369.50	25.50	27.00	31.30	10.70	0.00
369.60	25.40	26.90	31.20	10.70	0.00
369.70	25.40	26.90	31.30	10.40	0.00
369.80	25.40	27.10	31.20	10.60	0.00
369.90	25.40	27.10	30.70	10.10	0.00
370.00	25.70	27.10	30.70	10.10	0.00
370.10	25.70	27.10	31.00	10.10	0.00
370.20	25.50	27.10	31.20	10.60	0.00
370.30	25.50	27.10	30.70	10.70	0.00
370.40	25.50	27.10	30.90	10.70	0.00
370.50	25.40	27.10	30.60	10.90	0.00
370.60	25.40	27.10	30.60	10.90	0.00
370.70	25.50	27.00	30.60	10.90	0.00
370.80	25.50	27.00	31.00	10.70	0.00
370.90	25.50	27.10	31.00	10.60	0.00
371.00	25.50	27.10	31.00	10.70	0.00
371.10	25.50	27.10	31.20	10.30	0.00
371.20	25.40	27.10	30.90	9.90	0.00
371.30	25.40	27.10	30.90	9.90	0.00
371.40	25.50	27.10	31.00	10.60	0.00
371.50	25.50	27.10	31.00	10.70	0.00
371.60	25.50	27.10	30.40	10.70	0.00
371.70	25.50	27.10	31.00	11.00	0.00
371.80	25.40	27.20	30.60	10.70	0.00
371.90	25.40	27.20	30.60	10.70	0.00
372.00	25.50	26.90	30.60	10.70	0.00
372.10	25.50	26.90	31.00	10.90	0.00
372.20	25.50	27.10	30.70	11.00	0.00
372.30	25.50	27.10	30.70	11.00	0.00
372.40	25.40	27.00	30.40	10.90	0.00
372.50	25.40	27.00	30.40	10.90	0.00
372.60	25.40	27.10	31.00	10.70	0.00
372.70	25.40	27.10	30.90	10.70	0.00
372.80	25.50	27.00	30.70	10.40	0.00
372.90	25.50	27.00	30.60	10.70	0.00
373.00	25.40	27.20	30.60	10.70	0.00
373.10	25.40	27.20	31.30	10.70	0.00
373.20	25.50	27.10	30.70	10.40	0.00
373.30	25.50	27.10	30.70	10.40	0.00
373.40	25.30	27.00	30.90	10.70	0.00
373.50	25.30	27.00	30.90	10.70	0.00
373.60	25.50	27.20	30.70	11.00	0.00
373.70	25.50	27.20	31.00	11.00	0.00
373.80	25.50	27.00	31.20	10.70	0.00
373.90	25.50	27.00	30.60	10.60	0.00
374.00	25.50	27.00	31.00	9.90	0.00
374.10	25.50	27.00	31.00	10.30	0.00
374.20	25.50	27.10	31.00	11.60	0.00
374.30	25.50	27.10	30.60	10.70	0.00
374.40	25.50	27.10	30.60	10.70	0.00
374.50	25.50	27.10	30.90	10.90	0.00
374.60	25.40	27.10	30.90	10.90	0.00
374.70	25.40	27.10	30.60	11.20	0.00
374.80	25.40	27.20	30.60	11.20	0.00
374.90	25.40	27.20	30.30	11.20	0.00
375.00	25.60	27.10	30.90	10.90	0.00
375.10	25.60	27.10	31.00	10.70	0.00
375.20	25.50	27.10	30.60	10.90	0.00
375.30	25.50	27.10	30.70	10.70	0.00
375.40	25.40	27.00	30.70	10.70	0.00
375.50	25.40	27.00	29.30	10.70	0.00
375.60	25.50	27.20	31.00	10.70	0.00
375.70	25.50	27.20	30.90	10.90	0.00
375.80	25.60	27.00	30.90	10.90	0.00
375.90	25.60	27.00	28.70	11.00	0.00
376.00	25.60	27.10	28.70	11.00	0.00
376.10	25.60	27.10	30.90	11.00	0.00
376.20	25.50	27.10	30.90	11.00	0.00
376.30	25.50	27.10	30.60	10.90	0.00
376.40	25.40	27.00	30.70	11.20	0.00
376.50	25.40	27.00	30.70	11.20	0.00
376.60	25.50	27.10	30.70	11.00	0.00
376.70	25.50	27.10	30.90	11.00	0.00
376.80	25.60	27.20	30.60	10.60	0.00
376.90	25.60	27.20	30.70	10.60	0.00
377.00	25.50	27.10	31.00	11.90	0.00
377.10	25.50	27.10	30.40	11.00	0.00
377.20	25.60	27.10	30.40	10.90	0.00
377.30	25.60	27.10	30.40	10.90	0.00
377.40	25.40	27.00	30.70	10.90	0.00
377.50	25.40	27.00	30.90	9.80	0.00
377.60	25.50	27.00	30.90	9.80	0.00
377.70	25.50	27.00	30.90	10.40	0.00
377.80	25.60	27.20	30.90	10.70	0.00
377.90	25.60	27.20	30.60	10.90	0.00
378.00	25.50	27.10	30.70	11.00	0.00
378.10	25.50	27.10	30.70	11.30	0.00
378.20	25.50	27.10	30.70	11.30	0.00
378.30	25.50	27.10	31.00	11.30	0.00
378.40	25.40	27.10	30.90	10.70	0.00
378.50	25.40	27.10	30.70	11.00	0.00
378.60	25.60	27.10	30.70	11.00	0.00
378.70	25.60	27.10	30.70	11.00	0.00
378.80	25.50	27.00	30.90	11.50	0.00
378.90	25.50	27.00	30.40	11.00	0.00
379.00	25.50	27.00	30.40	10.70	0.00
379.10	25.50	27.00	30.40	10.70	0.00
379.20	25.50	27.00	30.70	11.00	0.00
379.30	25.50	27.10	30.30	11.30	0.00
379.40	25.50	27.10	30.70	11.00	0.00
379.50	25.50	27.20	30.70	11.00	0.00
379.60	25.50	27.10	30.60	11.00	0.00
379.70	25.50	27.10	30.60	11.00	0.00
379.80	25.50	27.10	30.90	11.30	0.00
379.90	25.40	27.00	31.20	10.90	0.00
380.00	25.40	27.00	31.20	10.90	0.00
380.10	25.50	27.20	31.20	11.30	0.00
380.20	25.50	27.20	31.20	11.30	0.00
380.30	25.50	27.00	31.00	10.90	0.00
380.40	25.50	27.00	31.00	10.90	0.00
380.50	25.50	27.00	31.00	11.30	0.00
380.60	25.40	27.00	30.30	11.00	0.00
380.70	25.40	27.00	30.40	10.90	0.00
380.80	25.40	27.00	30.40	10.90	0.00
380.90	25.40	27.00	30.90	11.00	0.00
381.00	25.50	27.20	30.70	10.90	0.00
381.10	25.50	27.20	30.90	11.20	0.00
381.20	25.50	26.90	30.60	11.30	0.00
381.30	25.50	26.90	30.90	10.90	0.00
381.40	25.40	27.10	30.90	10.90	0.00
381.50	25.40	27.10	30.90	10.90	0.00
381.60	25.60	27.10	30.70	11.30	0.00
381.70	25.60	27.10	30.70	11.30	0.00
381.80	25.50	27.10	30.10	11.30	0.00
381.90	25.50	27.10	30.40	11.00	0.00
382.00	25.50	27.10	30.90	11.20	0.00
382.10	25.50	27.10	30.90	11.60	0.00
382.20	25.60	27.10	30.70	11.20	0.00
382.30	25.60	27.10	30.40	11.00	0.00
382.40	25.70	27.20	30.90	11.30	0.00
382.50	25.70	27.20	31.00	11.20	0.00
382.60	25.70	27.20	31.00	11.20	0.00
382.70	25.50	27.10	30.60	11.20	0.00
382.80	25.50	27.10	30.60	11.20	0.00
382.90	25.50	27.00	30.60	11.20	0.00
383.00	25.50	27.00	30.60	11.20	0.00
383.10	25.50	27.20	30.70	11.00	0.00
383.20	25.50	27.20	30.70	11.30	0.00
383.30	25.40	27.10	30.70	11.60	0.00
383.40	25.40	27.10	30.30	11.30	0.00
383.50	25.40	27.20	30.90	11.50	0.00
383.60	25.40	27.20	30.10	11.50	0.00
383.70	25.50	27.10	30.10	11.50	0.00
383.80	25.50	27.10	30.40	11.60	0.00
383.90	25.40	27.20	30.30	11.00	0.00
384.00	25.40	27.20	30.10	11.20	0.00
384.10	25.50	27.10	30.10	11.20	0.00
384.20	25.50	27.10	30.10	11.20	0.00
384.30	25.50	27.20	30.40	11.50	0.00
384.40	25.50	27.20	30.40	10.90	0.00
384.50	25.60	27.20	30.40	11.50	0.00
384.60	25.60	27.20	30.10	11.30	0.00
384.70	25.50	27.10	30.10	11.30	0.00
384.80	25.50	27.10	30.10	11.30	0.00
384.90	25.50	27.20	30.40	11.50	0.00
385.00	25.50	27.20	30.70	11.50	0.00
385.10	25.40	27.10	30.90	11.50	0.00
385.20	25.40	27.10	30.60	11.50	0.00
385.30	25.40	27.10	30.40	11.50	0.00
385.40	25.40	27.10	30.40	11.50	0.00
385.50	25.50	27.10	30.40	11.50	0.00
385.60	25.50	27.10	30.10	11.50	0.00
385.70	25.50	27.10	30.40	11.20	0.00
385.80	25.50	27.10	30.30	11.20	0.00
385.90	25.50	27.20	30.30	11.80	0.00
386.00	25.50	27.20	30.70	11.20	0.00
386.10	25.50	27.20	30.30	11.60	0.00
386.20	25.50	27.20	30.90	11.50	0.00
386.30	25.50	27.10	30.90	11.50	0.00
386.40	25.50	27.10	30.60	11.60	0.00
386.50	25.60	27.30	30.90	11.50	0.00
386.60	25.60	27.10	30.70	11.20	0.00
386.70	25.60	27.10	30.70	11.20	0.00
386.80	25.50	27.20	30.70	11.20	0.00
386.90	25.50	27.20	30.10	11.50	0.00
387.00	25.60	27.20	30.60	11.20	0.00
387.10	25.60	27.20	30.60	11.60	0.00
387.20	25.40	27.10	30.30	11.30	0.00
387.30	25.40	27.10	30.40	11.50	0.00
387.40	25.50	27.10	30.40	11.50	0.00
387.50	25.50	27.10	30.40	11.50	0.00
387.60	25.50	27.10	30.60	11.30	0.00
387.70	25.50	27.20	28.90	11.60	0.00
387.80	25.50	27.20	30.30	11.60	0.00
387.90	25.50	27.20	31.00	11.50	0.00
388.00	25.50	27.20	31.00	11.50	0.00
388.10	25.50	27.10	31.00	11.50	0.00
388.20	25.50	27.10	30.30	11.60	0.00
388.30	25.50	27.20	30.30	11.30	0.00
388.40	25.50	27.20	30.30	11.30	0.00
388.50	25.60	27.30	30.30	11.30	0.00
388.60	25.60	27.30	30.40	11.50	0.00
388.70	25.60	27.30	30.40	11.50	0.00
388.80	25.50	27.10	30.10	11.80	0.00
388.90	25.50	27.10	30.10	11.80	0.00
389.00	25.40	27.00	30.90	11.20	0.00
389.10	25.40	27.00	30.40	11.60	0.00
389.20	25.50	27.20	30.70	11.50	0.00
389.30	25.50	27.20	30.60	12.60	0.00
389.40	25.40	27.10	30.60	12.60	0.00
389.50	25.50	27.20	30.60	12.60	0.00
389.60	25.50	27.20	30.40	11.60	0.00
389.70	25.40	27.20	30.60	10.90	0.00
389.80	25.40	27.20	30.60	10.90	0.00
389.90	25.40	27.00	30.40	11.60	0.00
390.00	25.40	27.00	30.90	12.10	0.00
390.10	25.40	27.00	30.90	11.50	0.00
390.20	25.60	27.30	29.30	11.80	0.00
390.30	25.50	27.20	30.30	11.90	0.00
390.40	25.50	27.20	28.30	12.10	0.00
390.50	25.50	27.10	30.10	11.60	0.00
390.60	25.50	27.10	30.30	11.80	0.00
390.70	25.50	27.10	30.30	11.80	0.00
390.80	25.50	27.30	30.30	11.80	0.00
390.90	25.50	27.30	30.30	11.50	0.00
391.00	25.60	27.30	30.30	11.80	0.00
391.10	25.60	27.30	30.30	11.80	0.00
391.20	25.50	27.20	30.40	11.80	0.00
391.30	25.50	27.20	29.90	11.50	0.00
391.40	25.50	27.10	30.10	11.80	0.00
391.50	25.50	27.10	30.10	11.60	0.00
391.60	25.60	27.30	29.80	11.60	0.00
391.70	25.60	27.30	30.40	11.80	0.00
391.80	25.40	27.20	30.10	11.50	0.00
391.90	25.40	27.20	30.10	11.60	0.00
392.00	25.40	27.00	30.10	11.60	0.00
392.10	25.40	27.00	30.10	11.60	0.00
392.20	25.50	27.10	30.30	11.90	0.00
392.30	25.50	27.10	30.10	11.50	0.00
392.40	25.50	27.20	29.80	11.30	0.00
392.50	25.50	27.20	29.80	11.90	0.00
392.60	25.60	27.20	29.90	11.90	0.00
392.70	25.60	27.20	29.90	11.90	0.00
392.80	25.60	27.20	29.90	11.90	0.00
392.90	25.60	27.20	30.70	11.80	0.00
393.00	25.50	27.20	30.10	12.10	0.00
393.10	25.50	27.20	30.70	11.60	0.00
393.20	25.40	27.30	30.40	11.80	0.00
393.30	25.40	27.30	30.40	11.80	0.00
393.40	25.50	27.10	30.40	11.80	0.00
393.50	25.50	27.10	30.40	11.80	0.00
393.60	25.50	27.10	29.90	11.80	0.00
393.70	25.50	27.10	29.90	11.80	0.00
393.80	25.60	27.30	30.10	12.30	0.00
393.90	25.60	27.30	29.80	11.50	0.00
394.00	25.50	27.10	30.10	11.60	0.00
394.10	25.50	27.10	30.60	11.90	0.00
394.20	25.50	27.10	29.80	11.80	0.00
394.30	25.50	27.10	29.80	12.10	0.00
394.40	25.40	27.20	30.10	11.80	0.00
394.50	25.40	27.20	30.10	11.80	0.00
394.60	25.50	27.20	30.10	11.50	0.00
394.70	25.50	27.20	30.10	11.50	0.00
394.80	25.50	27.20	30.60	11.60	0.00
394.90	25.50	27.20	30.40	11.90	0.00
395.00	25.50	27.20	30.40	11.90	0.00
395.10	25.50	27.20	29.80	11.90	0.00
395.20	25.60	27.20	29.90	11.90	0.00
395.30	25.60	27.20	30.10	12.70	0.00
395.40	25.60	27.20	29.90	11.30	0.00
395.50	25.60	27.20	29.90	11.30	0.00
395.60	25.60	27.20	30.10	11.90	0.00
395.70	25.70	27.20	30.40	12.30	0.00
395.80	25.70	27.20	30.40	12.30	0.00
395.90	25.30	27.00	29.90	11.80	0.00
396.00	25.30	27.00	30.30	11.50	0.00
396.10	25.30	27.00	30.30	11.50	0.00
396.20	25.60	27.20	30.30	11.50	0.00
396.30	25.40	27.20	29.90	11.90	0.00
396.40	25.40	27.20	29.60	12.30	0.00
396.50	25.60	27.30	29.90	11.60	0.00
396.60	25.60	27.30	30.40	11.90	0.00
396.70	25.60	27.30	29.90	11.50	0.00
396.80	25.60	27.30	29.80	11.90	0.00
396.90	25.40	27.10	29.60	12.10	0.00
397.00	25.40	27.10	29.90	12.30	0.00
397.10	25.50	27.20	29.90	11.90	0.00
397.20	25.50	27.20	29.90	11.90	0.00
397.30	25.40	27.20	30.30	11.90	0.00
397.40	25.40	27.20	30.30	11.90	0.00
397.50	25.50	27.20	30.30	11.90	0.00
397.60	25.50	27.20	30.10	11.00	0.00
397.70	25.50	27.20	30.10	12.40	0.00
397.80	25.50	27.20	30.10	12.40	0.00
397.90	25.50	27.20	30.10	11.50	0.00
398.00	25.50	27.20	30.40	12.30	0.00
398.10	25.60	27.20	29.90	11.80	0.00
398.20	25.60	27.20	29.90	11.80	0.00
398.30	25.50	27.20	30.30	12.10	0.00
398.40	25.60	27.20	30.10	12.40	0.00
398.50	25.60	27.20	30.10	11.80	0.00
398.60	25.50	27.30	30.10	11.80	0.00
398.70	25.50	27.30	30.10	11.80	0.00
398.80	25.50	27.20	30.10	12.60	0.00
398.90	25.50	27.20	30.30	12.10	0.00
399.00	25.50	27.20	29.50	12.30	0.00
399.10	25.50	27.20	30.10	12.40	0.00
399.20	25.50	27.20	30.10	12.40	0.00
399.30	25.50	27.20	29.80	12.10	0.00
399.40	25.40	27.10	30.10	12.10	0.00
399.50	25.40	27.10	30.70	12.60	0.00
399.60	25.40	27.10	29.90	12.30	0.00
399.70	25.40	27.10	30.10	11.90	0.00
399.80	25.60	27.30	30.30	12.40	0.00
399.90	25.60	27.30	30.30	12.40	0.00
400.00	25.60	27.30	29.90	12.30	0.00
400.10	25.60	27.30	30.40	12.60	0.00
400.20	25.50	27.30	30.40	12.60	0.00
400.30	25.50	27.30	29.80	12.30	0.00
400.40	25.40	27.20	30.30	11.90	0.00
400.50	25.40	27.20	30.30	12.30	0.00
400.60	25.50	27.30	29.90	12.10	0.00
400.70	25.50	27.30	29.90	12.10	0.00
400.80	25.60	27.20	29.80	12.40	0.00
400.90	25.60	27.20	29.30	12.30	0.00
401.00	25.50	27.20	30.30	12.30	0.00
401.10	25.50	27.20	29.80	12.60	0.00
401.20	25.40	27.10	29.80	12.60	0.00
401.30	25.40	27.10	29.50	12.30	0.00
401.40	25.60	27.30	29.60	12.30	0.00
401.50	25.50	27.20	29.60	12.30	0.00
401.60	25.50	27.20	29.90	12.10	0.00
401.70	25.50	27.20	30.30	12.40	0.00
401.80	25.50	27.10	30.40	11.90	0.00
401.90	25.50	27.10	29.90	12.40	0.00
402.00	25.50	27.20	29.90	11.90	0.00
402.10	25.50	27.20	30.10	11.90	0.00
402.20	25.60	27.20	29.80	11.90	0.00
402.30	25.60	27.20	29.60	12.30	0.00
402.40	25.50	27.20	29.60	12.30	0.00
402.50	25.50	27.20	29.60	12.30	0.00
402.60	25.40	27.20	29.80	12.60	0.00
402.70	25.40	27.20	30.10	12.30	0.00
402.80	25.50	27.40	30.40	12.30	0.00
402.90	25.50	27.40	30.30	12.30	0.00
403.00	25.60	27.30	30.30	12.30	0.00
403.10	25.60	27.30	29.50	12.30	0.00
403.20	25.60	27.30	29.90	11.90	0.00
403.30	25.40	27.30	29.80	12.10	0.00
403.40	25.40	27.30	29.60	12.30	0.00
403.50	25.70	27.30	29.80	12.60	0.00
403.60	25.70	27.30	30.10	11.90	0.00
403.70	25.40	27.10	30.10	11.90	0.00
403.80	25.40	27.10	30.10	11.90	0.00
403.90	25.50	27.20	29.90	12.10	0.00
404.00	25.50	27.20	30.30	13.00	0.00
404.10	25.40	27.20	30.10	12.30	0.00
404.20	25.40	27.20	29.80	12.60	0.00
404.30	25.60	27.20	29.80	12.60	0.00
404.40	25.60	27.20	30.60	12.70	0.00
404.50	25.60	27.30	29.80	12.30	0.00
404.60	25.60	27.30	30.10	12.10	0.00
404.70	25.40	27.10	29.80	12.90	0.00
404.80	25.40	27.10	29.80	12.90	0.00
404.90	25.40	27.20	29.60	12.60	0.00
405.00	25.40	27.20	29.90	12.70	0.00
405.10	25.50	27.20	29.90	12.70	0.00
405.20	25.50	27.20	29.90	12.70	0.00
405.30	25.50	27.20	29.80	12.40	0.00
405.40	25.50	27.20	30.70	12.10	0.00
405.50	25.50	27.20	29.80	12.10	0.00
405.60	25.50	27.20	29.80	12.10	0.00
405.70	25.50	27.30	30.30	12.10	0.00
405.80	25.50	27.30	29.60	12.70	0.00
405.90	25.60	27.30	29.90	12.60	0.00
406.00	25.60	27.30	30.30	12.70	0.00
406.10	25.40	27.20	29.80	12.10	0.00
406.20	25.40	27.20	29.60	12.60	0.00
406.30	25.40	27.20	29.60	12.60	0.00
406.40	25.50	27.20	29.90	12.10	0.00
406.50	25.50	27.20	29.90	12.10	0.00
406.60	25.50	27.20	29.60	12.70	0.00
406.70	25.50	27.20	29.80	12.60	0.00
406.80	25.50	27.10	29.80	12.60	0.00
406.90	25.50	27.10	29.90	12.60	0.00
407.00	25.50	27.30	29.60	12.10	0.00
407.10	25.50	27.30	29.60	12.40	0.00
407.20	25.40	27.20	29.90	12.30	0.00
407.30	25.40	27.20	29.60	12.40	0.00
407.40	25.70	27.30	29.60	12.70	0.00
407.50	25.70	27.30	29.60	12.70	0.00
407.60	25.40	27.30	30.10	12.40	0.00
407.70	25.40	27.30	30.40	12.40	0.00
407.80	25.40	27.30	30.40	12.40	0.00
407.90	25.30	27.10	30.40	12.40	0.00
408.00	25.30	27.10	29.60	12.40	0.00
408.10	25.50	27.20	29.80	12.40	0.00
408.20	25.50	27.20	29.80	12.70	0.00
408.30	25.60	27.20	29.80	12.70	0.00
408.40	25.50	27.20	29.60	12.60	0.00
408.50	25.50	27.20	29.60	12.60	0.00
408.60	25.60	27.20	29.30	12.40	0.00
408.70	25.60	27.20	29.60	12.60	0.00
408.80	25.50	27.20	29.60	12.60	0.00
408.90	25.50	27.20	29.90	12.60	0.00
409.00	25.50	27.20	29.60	12.40	0.00
409.10	25.50	27.20	30.30	12.60	0.00
409.20	25.60	27.20	30.30	12.60	0.00
409.30	25.40	27.20	30.30	12.60	0.00
409.40	25.40	27.20	29.50	12.60	0.00
409.50	25.50	27.30	29.60	12.70	0.00
409.60	25.50	27.30	30.10	12.60	0.00
409.70	25.40	27.20	29.90	12.40	0.00
409.80	25.40	27.20	29.80	12.40	0.00
409.90	25.50	27.20	29.30	12.60	0.00
410.00	25.50	27.20	29.30	12.60	0.00
410.10	25.50	27.20	29.30	12.60	0.00
410.20	25.50	27.20	29.80	12.90	0.00
410.30	25.50	27.20	29.30	12.70	0.00
410.40	25.50	27.30	29.30	12.70	0.00
410.50	25.50	27.30	29.90	12.70	0.00
410.60	25.50	27.20	29.90	12.70	0.00
410.70	25.50	27.20	29.60	12.70	0.00
410.80	25.40	27.30	29.90	12.70	0.00
410.90	25.40	27.30	29.80	13.00	0.00
411.00	25.60	27.20	30.10	12.90	0.00
411.10	25.60	27.20	29.80	12.60	0.00
411.20	25.50	27.30	29.80	12.60	0.00
411.30	25.50	27.30	29.90	12.60	0.00
411.40	25.50	27.30	30.10	12.70	0.00
411.50	25.50	27.30	29.80	13.20	0.00
411.60	25.60	27.30	29.80	13.20	0.00
411.70	25.60	27.30	29.20	12.60	0.00
411.80	25.40	27.30	29.80	12.40	0.00
411.90	25.40	27.30	29.80	12.40	0.00
412.00	25.50	27.20	29.60	13.00	0.00
412.10	25.50	27.20	29.60	13.00	0.00
412.20	25.40	27.30	30.10	12.60	0.00
412.30	25.40	27.30	30.10	12.60	0.00
412.40	25.50	27.30	30.30	13.00	0.00
412.50	25.50	27.30	29.60	13.00	0.00
412.60	25.50	27.30	29.20	12.40	0.00
412.70	25.50	27.30	29.20	12.40	0.00
412.80	25.40	27.20	29.60	12.70	0.00
412.90	25.40	27.20	29.80	12.90	0.00
413.00	25.50	27.20	29.50	12.40	0.00
413.10	25.50	27.20	29.60	13.00	0.00
413.20	25.40	27.20	29.30	12.70	0.00
413.30	25.40	27.20	29.30	12.70	0.00
413.40	25.50	27.20	29.30	12.70	0.00
413.50	25.50	27.20	29.80	12.70	0.00
413.60	25.50	27.20	29.30	12.70	0.00
413.70	25.40	27.20	29.80	13.20	0.00
413.80	25.40	27.20	29.30	12.70	0.00
413.90	25.40	27.20	29.30	12.70	0.00
414.00	25.40	27.20	29.50	12.90	0.00
414.10	25.50	27.20	29.60	13.50	0.00
414.20	25.50	27.20	29.20	13.20	0.00
414.30	25.40	27.30	29.50	13.00	0.00
414.40	25.40	27.30	29.50	13.00	0.00
414.50	25.50	27.30	29.30	13.20	0.00
414.60	25.50	27.30	30.30	12.70	0.00
414.70	25.60	27.30	30.30	12.70	0.00
414.80	25.60	27.30	30.30	12.70	0.00
414.90	25.40	27.20	29.30	12.70	0.00
415.00	25.40	27.20	29.30	12.70	0.00
415.10	25.40	27.30	29.50	13.00	0.00
415.20	25.40	27.30	29.30	12.90	0.00
415.30	25.50	27.40	29.60	12.70	0.00
415.40	25.50	27.40	29.50	12.70	0.00
415.50	25.50	27.20	29.50	13.00	0.00
415.60	25.50	27.20	29.20	12.90	0.00
415.70	25.50	27.30	29.60	12.90	0.00
415.80	25.50	27.30	29.30	13.20	0.00
415.90	25.50	27.20	29.30	13.20	0.00
416.00	25.50	27.20	29.50	13.30	0.00
416.10	25.50	27.30	29.50	13.30	0.00
416.20	25.50	27.30	29.50	13.30	0.00
416.30	25.50	27.30	29.80	13.00	0.00
416.40	25.50	27.30	29.60	12.60	0.00
416.50	25.60	27.20	29.50	13.00	0.00
416.60	25.60	27.20	29.30	12.90	0.00
416.70	25.50	27.20	29.50	13.00	0.00
416.80	25.50	27.20	29.50	13.00	0.00
416.90	25.50	27.30	29.30	13.00	0.00
417.00	25.50	27.30	29.90	12.70	0.00
417.10	25.50	27.30	29.90	12.70	0.00
417.20	25.50	27.30	29.60	12.70	0.00
417.30	25.50	27.30	29.80	13.00	0.00
417.40	25.50	27.30	29.80	13.00	0.00
417.50	25.40	27.10	29.50	11.00	0.00
417.60	25.40	27.10	29.50	11.00	0.00
417.70	25.50	27.30	29.50	13.20	0.00
417.80	25.50	27.30	29.50	13.00	0.00
417.90	25.40	27.20	29.20	12.90	0.00
418.00	25.40	27.20	29.20	12.90	0.00
418.10	25.60	27.30	29.30	13.00	0.00
418.20	25.60	27.30	29.90	13.20	0.00
418.30	25.60	27.30	29.90	13.20	0.00
418.40	25.50	27.30	29.30	13.30	0.00
418.50	25.50	27.30	29.80	13.30	0.00
418.60	25.50	27.30	29.90	13.00	0.00
418.70	25.50	27.30	29.50	12.70	0.00
418.80	25.60	27.30	29.20	13.50	0.00
418.90	25.60	27.30	29.20	13.50	0.00
419.00	25.50	27.20	29.30	13.00	0.00
419.10	25.50	27.20	29.50	13.20	0.00
419.20	25.50	27.20	29.50	13.20	0.00
419.30	25.50	27.20	29.50	12.60	0.00
419.40	25.50	27.20	29.80	12.90	0.00
419.50	25.50	27.20	29.50	12.90	0.00
419.60	25.40	27.30	29.60	13.50	0.00
419.70	25.40	27.30	29.30	12.70	0.00
419.80	25.40	27.30	29.50	12.90	0.00
419.90	25.40	27.20	29.30	13.20	0.00
420.00	25.40	27.20	29.30	13.20	0.00
420.10	25.50	27.30	29.00	13.30	0.00
420.20	25.50	27.30	29.00	13.30	0.00
420.30	25.50	27.30	29.30	13.00	0.00
420.40	25.50	27.30	29.30	13.00	0.00
420.50	25.50	27.30	29.50	12.90	0.00
420.60	25.50	27.30	29.60	12.60	0.00
420.70	25.50	27.20	29.20	13.80	0.00
420.80	25.50	27.20	29.20	13.80	0.00
420.90	25.50	27.30	29.30	13.00	0.00
421.00	25.50	27.30	29.20	12.70	0.00
421.10	25.40	27.30	29.20	13.00	0.00
421.20	25.40	27.30	29.30	13.50	0.00
421.30	25.50	27.20	29.00	13.20	0.00
421.40	25.50	27.20	29.30	12.60	0.00
421.50	25.60	27.40	29.30	12.60	0.00
421.60	25.60	27.40	29.30	12.60	0.00
421.70	25.40	27.20	29.30	13.50	0.00
421.80	25.40	27.20	29.00	13.50	0.00
421.90	25.40	27.20	29.00	13.20	0.00
422.00	25.40	27.20	29.00	13.20	0.00
422.10	25.40	27.20	29.20	13.80	0.00
422.20	25.40	27.30	29.30	13.00	0.00
422.30	25.40	27.30	29.50	13.20	0.00
422.40	25.60	27.30	29.30	13.30	0.00
422.50	25.60	27.30	29.30	13.30	0.00
422.60	25.60	27.30	29.20	13.60	0.00
422.70	25.60	27.30	29.30	13.30	0.00
422.80	25.60	27.30	29.30	13.30	0.00
422.90	25.50	27.20	29.60	13.30	0.00
423.00	25.50	27.20	29.60	13.30	0.00
423.10	25.60	27.30	29.50	12.90	0.00
423.20	25.60	27.30	29.50	12.90	0.00
423.30	25.40	27.40	29.30	13.50	0.00
423.40	25.40	27.40	29.20	13.30	0.00
423.50	25.50	27.40	29.00	13.50	0.00
423.60	25.50	27.40	29.00	13.50	0.00
423.70	25.40	27.30	29.50	13.30	0.00
423.80	25.40	27.30	29.30	13.30	0.00
423.90	25.40	27.30	29.50	13.00	0.00
424.00	25.40	27.30	29.50	13.30	0.00
424.10	25.50	27.40	29.60	13.20	0.00
424.20	25.50	27.40	29.60	13.20	0.00
424.30	25.70	27.30	29.60	12.60	0.00
424.40	25.70	27.30	29.60	12.60	0.00
424.50	25.70	27.30	29.00	13.60	0.00
424.60	25.50	27.40	29.50	13.50	0.00
424.70	25.50	27.30	29.30	14.10	0.00
424.80	25.50	27.30	29.30	14.10	0.00
424.90	25.60	27.40	29.30	13.30	0.00
425.00	25.60	27.40	29.30	13.50	0.00
425.10	25.50	27.30	29.50	13.80	0.00
425.20	25.50	27.30	29.50	13.50	0.00
425.30	25.40	27.20	29.60	13.60	0.00
425.40	25.40	27.20	29.60	13.60	0.00
425.50	25.50	27.30	29.20	13.60	0.00
425.60	25.50	27.30	29.20	13.30	0.00
425.70	25.50	27.40	29.20	13.30	0.00
425.80	25.50	27.40	29.20	13.30	0.00
425.90	25.40	27.20	29.30	13.60	0.00
426.00	25.40	27.20	29.00	13.00	0.00
426.10	25.40	27.30	29.50	13.00	0.00
426.20	25.40	27.30	29.60	13.50	0.00
426.30	25.40	27.40	29.50	12.90	0.00
426.40	25.40	27.40	29.00	13.60	0.00
426.50	25.50	27.40	29.50	13.80	0.00
426.60	25.60	27.40	29.30	13.60	0.00
426.70	25.60	27.40	29.80	13.30	0.00
426.80	25.40	27.20	29.30	13.50	0.00
426.90	25.40	27.20	29.30	13.50	0.00
427.00	25.40	27.20	29.30	13.50	0.00
427.10	25.50	27.30	29.50	13.20	0.00
427.20	25.30	27.20	29.30	12.60	0.00
427.30	25.30	27.20	29.50	13.60	0.00
427.40	25.50	27.30	29.20	13.00	0.00
427.50	25.50	27.30	29.30	13.60	0.00
427.60	25.40	27.20	29.60	13.60	0.00
427.70	25.40	27.20	29.30	13.80	0.00
427.80	25.50	27.40	29.30	13.80	0.00
427.90	25.50	27.40	29.50	13.60	0.00
428.00	25.60	27.40	29.50	13.90	0.00
428.10	25.60	27.40	29.20	13.50	0.00
428.20	25.50	27.40	29.20	13.50	0.00
428.30	25.50	27.40	29.30	13.00	0.00
428.40	25.50	27.30	29.30	13.00	0.00
428.50	25.40	27.40	29.20	13.50	0.00
428.60	25.40	27.40	29.20	13.50	0.00
428.70	25.60	27.40	29.20	13.60	0.00
428.80	25.60	27.40	29.20	13.00	0.00
428.90	25.50	27.30	29.00	13.60	0.00
429.00	25.50	27.30	29.20	13.30	0.00
429.10	25.50	27.30	29.20	13.30	0.00
429.20	25.50	27.30	29.30	13.30	0.00
429.30	25.50	27.30	29.50	13.20	0.00
429.40	25.50	27.40	29.20	13.60	0.00
429.50	25.50	27.40	29.20	13.60	0.00
429.60	25.50	27.40	29.20	13.60	0.00
429.70	25.50	27.40	29.30	13.80	0.00
429.80	25.50	27.30	29.20	13.80	0.00
429.90	25.50	27.30	29.20	13.80	0.00
430.00	25.60	27.50	29.00	13.90	0.00
430.10	25.60	27.50	29.00	13.60	0.00
430.20	25.50	27.30	29.00	13.80	0.00
430.30	25.50	27.30	29.00	13.80	0.00
430.40	25.50	27.30	29.00	13.20	0.00
430.50	25.50	27.30	28.90	13.50	0.00
430.60	25.40	27.20	28.60	13.80	0.00
430.70	25.40	27.20	28.90	13.00	0.00
430.80	25.40	27.30	28.90	13.00	0.00
430.90	25.40	27.30	29.20	13.90	0.00
431.00	25.50	27.20	29.30	13.60	0.00
431.10	25.50	27.20	29.20	13.80	0.00
431.20	25.50	27.30	29.50	13.50	0.00
431.30	25.50	27.30	29.00	13.60	0.00
431.40	25.60	27.30	28.90	13.90	0.00
431.50	25.60	27.30	29.20	13.90	0.00
431.60	25.50	27.40	29.20	13.90	0.00
431.70	25.50	27.40	29.20	13.30	0.00
431.80	25.60	27.30	28.90	13.60	0.00
431.90	25.60	27.30	29.30	13.90	0.00
432.00	25.50	27.40	29.30	13.90	0.00
432.10	25.50	27.20	29.30	13.90	0.00
432.20	25.50	27.20	29.30	13.90	0.00
432.30	25.50	27.20	29.30	13.80	0.00
432.40	25.40	27.20	29.00	13.60	0.00
432.50	25.40	27.20	28.90	14.10	0.00
432.60	25.60	27.40	28.90	14.10	0.00
432.70	25.60	27.40	29.50	13.60	0.00
432.80	25.50	27.40	29.20	13.90	0.00
432.90	25.50	27.40	29.00	13.90	0.00
433.00	25.60	27.30	29.00	13.90	0.00
433.10	25.60	27.30	29.30	13.60	0.00
433.20	25.50	27.40	28.70	13.80	0.00
433.30	25.50	27.40	29.50	14.10	0.00
433.40	25.40	27.10	29.50	14.10	0.00
433.50	25.40	27.10	29.30	13.90	0.00
433.60	25.40	27.20	29.00	13.80	0.00
433.70	25.40	27.20	29.00	13.80	0.00
433.80	25.50	27.40	29.20	14.30	0.00
433.90	25.50	27.40	29.00	13.80	0.00
434.00	25.50	27.40	28.90	13.90	0.00
434.10	25.40	27.20	29.50	13.60	0.00
434.20	25.40	27.20	29.20	13.60	0.00
434.30	25.50	27.30	29.00	13.80	0.00
434.40	25.50	27.30	29.00	13.80	0.00
434.50	25.60	27.30	27.90	13.90	0.00
434.60	25.60	27.30	27.90	13.90	0.00
434.70	25.60	27.40	29.30	13.60	0.00
434.80	25.60	27.40	29.30	13.60	0.00
434.90	25.50	27.30	29.20	13.80	0.00
435.00	25.50	27.30	29.00	13.80	0.00
435.10	25.50	27.30	29.00	14.10	0.00
435.20	25.50	27.30	29.00	14.10	0.00
435.30	25.40	27.30	29.20	14.10	0.00
435.40	25.40	27.30	29.20	14.10	0.00
435.50	25.60	27.30	29.30	14.10	0.00
435.60	25.60	27.30	28.60	14.30	0.00
435.70	25.50	27.30	29.20	13.90	0.00
435.80	25.50	27.30	29.30	14.40	0.00
435.90	25.50	27.30	29.30	14.40	0.00
436.00	25.50	27.30	28.90	13.80	0.00
436.10	25.60	27.30	29.00	13.80	0.00
436.20	25.60	27.30	29.20	14.60	0.00
436.30	25.40	27.40	29.20	14.60	0.00
436.40	25.40	27.40	29.00	13.80	0.00
436.50	25.60	27.20	29.50	14.30	0.00
436.60	25.60	27.20	29.00	14.10	0.00
436.70	25.40	27.20	28.90	13.90	0.00
436.80	25.40	27.20	29.20	14.10	0.00
436.90	25.40	27.20	29.30	14.60	0.00
437.00	25.40	27.20	28.90	14.10	0.00
437.10	25.60	27.40	28.90	14.10	0.00
437.20	25.60	27.40	29.50	13.90	0.00
437.30	25.40	27.30	29.20	14.70	0.00
437.40	25.40	27.30	29.20	14.70	0.00
437.50	25.50	27.40	29.00	14.10	0.00
437.60	25.50	27.40	29.20	14.30	0.00
437.70	25.40	27.30	28.90	14.10	0.00
437.80	25.40	27.30	29.20	13.80	0.00
437.90	25.50	27.30	29.00	14.40	0.00
438.00	25.50	27.30	29.00	14.30	0.00
438.10	25.50	27.30	29.00	14.30	0.00
438.20	25.40	27.40	29.00	13.90	0.00
438.30	25.40	27.40	29.00	13.90	0.00
438.40	25.40	27.40	29.00	13.90	0.00
438.50	25.40	27.30	28.90	14.10	0.00
438.60	25.40	27.30	29.60	14.30	0.00
438.70	25.50	27.40	29.60	14.30	0.00
438.80	25.50	27.40	28.70	13.80	0.00
438.90	25.60	27.30	29.20	14.30	0.00
439.00	25.60	27.30	29.30	14.40	0.00
439.10	25.70	27.40	29.00	14.40	0.00
439.20	25.70	27.40	28.70	14.30	0.00
439.30	25.50	27.30	29.30	13.90	0.00
439.40	25.50	27.30	29.20	13.90	0.00
439.50	25.30	27.10	29.00	14.30	0.00
439.60	25.30	27.10	29.00	14.30	0.00
439.70	25.60	27.40	29.00	14.30	0.00
439.80	25.60	27.40	28.60	14.10	0.00
439.90	25.50	27.30	28.90	14.30	0.00
440.00	25.50	27.30	28.90	14.30	0.00
440.10	25.30	27.20	29.30	14.30	0.00
440.20	25.30	27.20	29.30	14.30	0.00
440.30	25.50	27.30	28.70	14.30	0.00
440.40	25.50	27.30	28.90	14.10	0.00
440.50	25.50	27.20	29.20	14.30	0.00
440.60	25.50	27.20	29.50	14.10	0.00
440.70	25.40	27.30	28.70	14.30	0.00
440.80	25.40	27.30	29.20	14.60	0.00
440.90	25.50	27.40	29.20	14.60	0.00
441.00	25.50	27.40	28.60	14.40	0.00
441.10	25.50	27.40	28.60	14.40	0.00
441.20	25.40	27.30	29.20	14.40	0.00
441.30	25.40	27.30	29.20	14.60	0.00
441.40	25.40	27.30	29.00	14.30	0.00
441.50	25.40	27.30	28.70	13.90	0.00
441.60	25.50	27.40	29.20	14.40	0.00
441.70	25.50	27.40	29.20	14.40	0.00
441.80	25.50	27.30	29.00	14.30	0.00
441.90	25.50	27.30	28.90	13.90	0.00
442.00	25.40	27.40	28.90	13.90	0.00
442.10	25.40	27.40	28.90	14.10	0.00
442.20	25.50	27.40	28.90	13.60	0.00
442.30	25.50	27.40	28.90	13.60	0.00
442.40	25.50	27.30	28.90	13.60	0.00
442.50	25.50	27.30	29.00	14.30	0.00
442.60	25.40	27.20	29.00	14.30	0.00
442.70	25.40	27.20	29.20	14.30	0.00
442.80	25.40	27.30	28.70	13.90	0.00
442.90	25.40	27.30	28.90	14.40	0.00
443.00	25.50	27.30	28.40	14.10	0.00
443.10	25.50	27.30	28.40	14.10	0.00
443.20	25.60	27.30	28.70	14.40	0.00
443.30	25.60	27.30	28.70	14.40	0.00
443.40	25.60	27.50	28.60	13.90	0.00
443.50	25.60	27.50	28.90	14.40	0.00
443.60	25.50	27.10	28.90	14.30	0.00
443.70	25.50	27.10	28.90	14.30	0.00
443.80	25.50	27.30	29.00	14.10	0.00
443.90	25.50	27.30	29.00	14.10	0.00
444.00	25.40	27.30	28.90	14.60	0.00
444.10	25.40	27.30	28.90	14.40	0.00
444.20	25.40	27.30	28.90	14.40	0.00
444.30	25.40	27.30	29.00	14.70	0.00
444.40	25.50	27.20	28.60	14.10	0.00
444.50	25.50	27.20	28.70	14.40	0.00
444.60	25.60	27.40	28.70	14.40	0.00
444.70	25.60	27.40	28.70	14.10	0.00
444.80	25.50	27.30	29.00	14.60	0.00
444.90	25.50	27.30	29.00	14.60	0.00
445.00	25.60	27.40	28.70	14.10	0.00
445.10	25.60	27.40	28.90	14.30	0.00
445.20	25.40	27.30	28.90	14.60	0.00
445.30	25.40	27.30	28.90	14.60	0.00
445.40	25.50	27.30	28.90	14.60	0.00
445.50	25.50	27.30	28.90	14.30	0.00
445.60	25.50	27.30	29.20	14.40	0.00
445.70	25.50	27.40	28.90	14.70	0.00
445.80	25.50	27.40	28.90	14.70	0.00
445.90	25.50	27.30	28.90	14.30	0.00
446.00	25.50	27.30	28.70	14.30	0.00
446.10	25.50	27.50	28.60	14.40	0.00
446.20	25.50	27.50	28.40	14.40	0.00
446.30	25.50	27.40	29.00	14.40	0.00
446.40	25.50	27.40	28.90	14.30	0.00
446.50	25.40	27.40	28.90	14.30	0.00
446.60	25.40	27.40	29.00	15.20	0.00
446.70	25.40	27.40	29.00	15.20	0.00
446.80	25.40	27.40	29.00	14.40	0.00
446.90	25.60	27.40	29.00	14.70	0.00
447.00	25.60	27.40	29.00	14.70	0.00
447.10	25.50	27.40	29.00	14.30	0.00
447.20	25.50	27.40	29.20	13.90	0.00
447.30	25.50	27.40	28.70	14.40	0.00
447.40	25.40	27.30	28.90	14.30	0.00
447.50	25.40	27.30	28.90	14.30	0.00
447.60	25.60	27.30	28.90	14.40	0.00
447.70	25.60	27.30	26.90	14.60	0.00
447.80	25.50	27.30	29.00	14.40	0.00
447.90	25.50	27.30	28.90	14.30	0.00
448.00	25.50	27.30	28.90	14.30	0.00
448.10	25.50	27.30	28.90	14.30	0.00
448.20	25.50	27.30	29.00	14.30	0.00
448.30	25.50	27.30	28.90	14.60	0.00
448.40	25.50	27.30	28.70	15.00	0.00
448.50	25.40	27.30	28.70	14.30	0.00
448.60	25.40	27.30	28.60	14.60	0.00
448.70	25.50	27.30	28.40	14.30	0.00
448.80	25.50	27.30	28.40	14.30	0.00
448.90	25.50	27.30	28.60	14.40	0.00
449.00	25.50	27.30	28.90	14.90	0.00
449.10	25.50	27.30	28.70	14.10	0.00
449.20	25.50	27.30	28.70	14.40	0.00
449.30	25.50	27.30	28.70	14.40	0.00
449.40	25.50	27.30	28.70	14.40	0.00
449.50	25.50	27.40	28.90	14.10	0.00
449.60	25.50	27.40	28.90	14.40	0.00
449.70	25.50	27.50	28.60	14.70	0.00
449.80	25.50	27.50	28.60	13.60	0.00
449.90	25.50	27.30	29.00	14.40	0.00
450.00	25.50	27.30	28.70	14.60	0.00
450.10	25.60	27.30	28.70	14.60	0.00
450.20	25.60	27.30	28.90	14.60	0.00
450.30	25.50	27.40	29.00	14.70	0.00
450.40	25.50	27.40	28.90	14.60	0.00
450.50	25.40	27.30	28.90	14.40	0.00
450.60	25.40	27.30	28.90	14.40	0.00
450.70	25.40	27.30	29.20	14.90	0.00
450.80	25.40	27.30	28.70	14.70	0.00
450.90	25.50	27.20	28.90	14.60	0.00
451.00	25.50	27.20	28.90	14.70	0.00
451.10	25.50	27.40	28.90	14.70	0.00
451.20	25.60	27.40	28.70	14.70	0.00
451.30	25.60	27.40	28.30	14.70	0.00
451.40	25.40	27.30	28.70	14.40	0.00
451.50	25.40	27.30	28.90	14.60	0.00
451.60	25.60	27.30	28.40	14.70	0.00
451.70	25.60	27.30	28.90	15.00	0.00
451.80	25.60	27.40	28.90	15.00	0.00
451.90	25.60	27.40	28.90	15.00	0.00
452.00	25.50	27.40	28.60	14.70	0.00
452.10	25.50	27.40	28.60	14.70	0.00
452.20	25.50	27.40	28.60	14.90	0.00
452.30	25.50	27.40	29.00	14.90	0.00
452.40	25.50	27.40	28.60	14.60	0.00
452.50	25.50	27.40	29.20	14.60	0.00
452.60	25.40	27.20	28.30	14.40	0.00
452.70	25.40	27.20	29.00	14.40	0.00
452.80	25.30	27.30	28.70	14.60	0.00
452.90	25.30	27.30	28.70	14.60	0.00
453.00	25.60	27.30	28.40	14.40	0.00
453.10	25.60	27.30	28.40	14.40	0.00
453.20	25.50	27.40	28.40	14.40	0.00
453.30	25.50	27.40	28.90	14.70	0.00
453.40	25.50	27.30	28.70	14.90	0.00
453.50	25.50	27.30	29.50	14.70	0.00
453.60	25.40	27.40	28.60	15.00	0.00
453.70	25.40	27.40	28.60	15.00	0.00
453.80	25.40	27.30	28.40	15.00	0.00
453.90	25.40	27.30	29.00	14.90	0.00
454.00	25.60	27.40	28.90	14.60	0.00
454.10	25.60	27.40	28.40	14.60	0.00
454.20	25.40	27.30	28.40	14.60	0.00
454.30	25.40	27.30	29.00	14.90	0.00
454.40	25.50	27.30	28.70	14.30	0.00
454.50	25.50	27.30	28.70	14.30	0.00
454.60	25.60	27.50	28.70	14.30	0.00
454.70	25.60	27.50	28.90	14.60	0.00
454.80	25.60	27.40	29.00	14.70	0.00
454.90	25.60	27.40	28.40	14.70	0.00
455.00	25.50	27.30	28.40	15.00	0.00
455.10	25.50	27.30	28.30	14.90	0.00
455.20	25.30	27.20	28.90	14.90	0.00
455.30	25.30	27.20	28.90	14.90	0.00
455.40	25.50	27.30	28.90	15.30	0.00
455.50	25.50	27.30	28.60	12.70	0.00
455.60	25.40	27.40	28.40	14.90	0.00
455.70	25.40	27.40	28.40	14.90	0.00
455.80	25.50	27.30	28.60	14.90	0.00
455.90	25.50	27.30	28.60	14.90	0.00
456.00	25.60	27.40	28.70	15.90	0.00
456.10	25.60	27.40	28.60	14.40	0.00
456.20	25.50	27.20	28.90	14.90	0.00
456.30	25.50	27.20	28.70	14.60	0.00
456.40	25.40	27.30	28.70	14.60	0.00
456.50	25.40	27.30	28.60	14.90	0.00
456.60	25.40	27.20	28.70	14.90	0.00
456.70	25.40	27.20	28.70	14.90	0.00
456.80	25.40	27.30	28.10	14.70	0.00
456.90	25.40	27.30	28.10	14.90	0.00
457.00	25.50	27.40	28.60	14.90	0.00
457.10	25.50	27.40	28.60	15.00	0.00
457.20	25.40	27.20	28.60	15.00	0.00
457.30	25.40	27.20	28.60	14.90	0.00
457.40	25.50	27.30	28.60	14.90	0.00
457.50	25.50	27.30	28.60	14.90	0.00
457.60	25.50	27.40	28.30	14.70	0.00
457.70	25.50	27.40	28.30	14.70	0.00
457.80	25.60	27.30	28.40	14.90	0.00
457.90	25.60	27.30	28.60	14.90	0.00
458.00	25.40	27.20	28.60	14.90	0.00
458.10	25.40	27.20	28.10	14.70	0.00
458.20	25.60	27.40	28.60	14.60	0.00
458.30	25.60	27.40	28.40	14.40	0.00
458.40	25.60	27.40	28.30	15.00	0.00
458.50	25.60	27.40	28.30	15.00	0.00
458.60	25.60	27.50	28.40	15.00	0.00
458.70	25.60	27.50	28.40	15.00	0.00
458.80	25.60	27.50	28.40	15.00	0.00
458.90	25.40	27.40	28.90	14.90	0.00
459.00	25.40	27.40	28.40	14.90	0.00
459.10	25.50	27.40	28.90	15.00	0.00
459.20	25.50	27.40	28.70	15.60	0.00
459.30	25.60	27.30	29.00	14.90	0.00
459.40	25.60	27.30	28.40	15.30	0.00
459.50	25.50	27.40	27.90	14.60	0.00
459.60	25.50	27.40	27.90	14.60	0.00
459.70	25.50	27.30	28.60	15.00	0.00
459.80	25.50	27.30	28.70	14.90	0.00
459.90	25.60	27.40	28.60	15.30	0.00
460.00	25.60	27.40	28.60	15.30	0.00
460.10	25.50	27.40	28.60	15.20	0.00
460.20	25.50	27.40	28.60	15.20	0.00
460.30	25.40	27.30	28.40	15.60	0.00
460.40	25.40	27.30	28.30	15.00	0.00
460.50	25.60	27.40	28.70	15.20	0.00
460.60	25.60	27.40	28.90	14.90	0.00
460.70	25.50	27.30	28.60	15.20	0.00
460.80	25.50	27.30	28.60	15.00	0.00
460.90	25.50	27.40	28.60	15.00	0.00
461.00	25.50	27.40	28.40	15.50	0.00
461.10	25.40	27.40	26.70	15.20	0.00
461.20	25.40	27.40	29.00	15.00	0.00
461.30	25.50	27.40	29.00	15.00	0.00
461.40	25.50	27.40	28.30	15.50	0.00
461.50	25.60	27.50	28.10	15.30	0.00
461.60	25.60	27.50	28.10	15.30	0.00
461.70	25.50	27.40	27.90	15.20	0.00
461.80	25.50	27.40	29.00	15.20	0.00
461.90	25.50	27.40	28.60	15.50	0.00
462.00	25.60	27.30	28.60	15.50	0.00
462.10	25.60	27.30	28.60	15.50	0.00
462.20	25.60	27.40	28.60	15.00	0.00
462.30	25.60	27.40	28.10	15.20	0.00
462.40	25.60	27.40	28.40	15.30	0.00
462.50	25.50	27.40	28.40	14.90	0.00
462.60	25.50	27.40	28.40	14.90	0.00
462.70	25.50	27.30	28.40	14.90	0.00
462.80	25.50	27.30	28.60	15.20	0.00
462.90	25.50	27.40	28.60	15.20	0.00
463.00	25.50	27.40	27.80	15.00	0.00
463.10	25.40	27.30	28.70	14.90	0.00
463.20	25.40	27.30	28.60	15.30	0.00
463.30	25.50	27.40	28.40	15.20	0.00
463.40	25.50	27.40	28.40	13.80	0.00
463.50	25.40	27.30	28.40	13.80	0.00
463.60	25.40	27.30	28.30	15.50	0.00
463.70	25.50	27.30	28.10	15.50	0.00
463.80	25.50	27.30	28.60	15.00	0.00
463.90	25.50	27.40	28.60	15.00	0.00
464.00	25.50	27.40	28.40	15.00	0.00
464.10	25.50	27.40	28.40	15.00	0.00
464.20	25.50	27.40	28.40	15.30	0.00
464.30	25.50	27.20	28.30	15.30	0.00
464.40	25.50	27.20	28.30	15.30	0.00
464.50	25.40	27.30	28.10	15.20	0.00
464.60	25.40	27.30	28.40	15.50	0.00
464.70	25.60	27.40	29.30	15.30	0.00
464.80	25.60	27.40	28.40	15.30	0.00
464.90	25.50	27.40	28.30	15.50	0.00
465.00	25.50	27.40	28.30	15.50	0.00
465.10	25.40	27.30	28.40	15.50	0.00
465.20	25.40	27.30	28.30	15.00	0.00
465.30	25.50	27.30	28.10	15.00	0.00
465.40	25.50	27.30	28.10	15.00	0.00
465.50	25.50	27.40	28.10	15.00	0.00
465.60	25.60	27.30	28.40	15.90	0.00
465.70	25.60	27.30	28.40	15.30	0.00
465.80	25.50	27.40	28.10	15.60	0.00
465.90	25.50	27.40	28.30	15.60	0.00
466.00	25.50	27.50	27.90	15.50	0.00
466.10	25.50	27.50	27.90	15.50	0.00
466.20	25.60	27.40	28.40	15.50	0.00
466.30	25.60	27.40	28.60	15.50	0.00
466.40	25.40	27.40	28.30	15.20	0.00
466.50	25.40	27.40	28.30	15.20	0.00
466.60	25.50	27.40	28.30	15.80	0.00
466.70	25.50	27.40	28.10	15.20	0.00
466.80	25.40	27.20	28.10	15.20	0.00
466.90	25.40	27.20	28.90	15.30	0.00
467.00	25.50	27.40	28.90	15.50	0.00
467.10	25.50	27.40	28.60	15.50	0.00
467.20	25.50	27.30	28.60	15.50	0.00
467.30	25.50	27.50	28.60	15.00	0.00
467.40	25.50	27.50	27.90	15.20	0.00
467.50	25.50	27.50	28.90	15.30	0.00
467.60	25.60	27.50	28.90	15.30	0.00
467.70	25.60	27.50	28.60	15.30	0.00
467.80	25.40	27.30	28.40	15.20	0.00
467.90	25.40	27.30	28.10	15.50	0.00
468.00	25.60	27.50	28.40	15.50	0.00
468.10	25.60	27.50	28.40	15.50	0.00
468.20	25.50	27.30	28.10	15.30	0.00
468.30	25.50	27.30	28.40	15.50	0.00
468.40	25.60	27.40	28.30	15.30	0.00
468.50	25.60	27.40	28.30	15.30	0.00
468.60	25.60	27.40	27.90	15.60	0.00
468.70	25.60	27.40	27.90	15.30	0.00
468.80	25.50	27.30	28.40	15.30	0.00
468.90	25.50	27.30	28.30	15.00	0.00
469.00	25.50	27.30	28.30	15.00	0.00
469.10	25.50	27.30	28.40	15.30	0.00
469.20	25.50	27.30	28.30	15.50	0.00
469.30	25.50	27.30	28.10	15.20	0.00
469.40	25.50	27.30	28.10	15.20	0.00
469.50	25.50	27.30	27.20	15.50	0.00
469.60	25.50	27.30	28.10	15.00	0.00
469.70	25.50	27.30	26.60	15.30	0.00
469.80	25.50	27.30	28.30	15.30	0.00
469.90	25.50	27.30	28.40	15.30	0.00
470.00	25.60	27.40	28.40	15.30	0.00
470.10	25.60	27.40	28.40	15.50	0.00
470.20	25.30	27.30	28.40	15.50	0.00
470.30	25.30	27.30	28.40	15.20	0.00
470.40	25.50	27.30	28.10	15.20	0.00
470.50	25.40	27.50	28.10	15.20	0.00
470.60	25.40	27.50	28.40	15.50	0.00
470.70	25.40	27.40	28.40	15.50	0.00
470.80	25.40	27.40	28.30	16.10	0.00
470.90	25.50	27.30	28.30	15.60	0.00
471.00	25.50	27.30	27.90	15.60	0.00
471.10	25.40	27.30	27.90	15.80	0.00
471.20	25.40	27.30	27.90	15.80	0.00
471.30	25.50	27.50	28.40	15.50	0.00
471.40	25.50	27.50	27.90	15.50	0.00
471.50	25.40	27.40	28.30	15.50	0.00
471.60	25.40	27.40	28.10	15.50	0.00
471.70	25.40	27.40	28.40	15.60	0.00
471.80	25.40	27.40	29.00	15.30	0.00
471.90	25.50	27.30	29.00	15.30	0.00
472.00	25.50	27.30	28.10	15.80	0.00
472.10	25.40	27.20	28.40	15.80	0.00
472.20	25.40	27.20	28.40	15.80	0.00
472.30	25.40	27.30	28.30	15.30	0.00
472.40	25.40	27.30	28.40	15.80	0.00
472.50	25.50	27.20	27.90	15.50	0.00
472.60	25.50	27.20	27.80	15.50	0.00
472.70	25.50	27.30	27.90	16.10	0.00
472.80	25.50	27.30	27.90	15.90	0.00
472.90	25.50	27.20	28.10	15.50	0.00
473.00	25.50	27.20	27.80	15.60	0.00
473.10	25.50	27.30	27.80	15.60	0.00
473.20	25.50	27.30	28.30	15.50	0.00
473.30	25.50	27.40	28.30	15.50	0.00
473.40	25.60	27.50	27.90	15.80	0.00
473.50	25.60	27.50	27.90	16.10	0.00
473.60	25.60	27.50	27.60	15.60	0.00
473.70	25.50	27.40	28.30	15.80	0.00
473.80	25.50	27.40	27.90	15.30	0.00
473.90	25.50	27.40	28.10	15.50	0.00
474.00	25.50	27.40	28.40	15.80	0.00
474.10	25.60	27.60	28.10	15.80	0.00
474.20	25.60	27.60	28.60	15.60	0.00
474.30	25.50	27.50	28.60	15.60	0.00
474.40	25.50	27.50	28.30	15.90	0.00
474.50	25.60	27.40	28.30	15.90	0.00
474.60	25.60	27.40	27.60	15.30	0.00
474.70	25.50	27.50	28.40	15.50	0.00
474.80	25.50	27.50	28.40	15.50	0.00
474.90	25.40	27.30	27.60	15.80	0.00
475.00	25.40	27.30	27.90	15.80	0.00
475.10	25.50	27.40	28.10	15.60	0.00
475.20	25.50	27.40	27.60	15.80	0.00
475.30	25.60	27.30	28.10	15.80	0.00
475.40	25.60	27.30	28.30	15.90	0.00
475.50	25.40	27.40	28.30	15.90	0.00
475.60	25.40	27.40	28.10	15.30	0.00
475.70	25.40	27.40	28.10	15.30	0.00
475.80	25.50	27.40	28.10	15.30	0.00
475.90	25.50	27.40	28.30	15.60	0.00
476.00	25.60	27.40	28.30	15.90	0.00
476.10	25.60	27.40	28.10	15.60	0.00
476.20	25.50	27.30	28.10	15.50	0.00
476.30	25.50	27.30	27.90	15.50	0.00
476.40	25.60	27.50	28.10	15.60	0.00
476.50	25.60	27.50	25.90	15.50	0.00
476.60	25.50	27.40	27.90	15.50	0.00
476.70	25.50	27.40	28.40	15.80	0.00
476.80	25.60	27.50	27.90	16.10	0.00
476.90	25.60	27.50	27.90	16.10	0.00
477.00	25.40	27.40	28.30	15.80	0.00
477.10	25.40	27.40	28.30	15.60	0.00
477.20	25.40	27.40	28.30	15.60	0.00
477.30	25.40	27.40	27.80	16.10	0.00
477.40	25.50	27.30	27.60	15.80	0.00
477.50	25.50	27.30	27.80	15.90	0.00
477.60	25.60	27.40	27.90	16.10	0.00
477.70	25.60	27.40	28.30	15.90	0.00
477.80	25.50	27.30	27.90	15.90	0.00
477.90	25.50	27.30	28.10	15.80	0.00
478.00	25.60	27.40	28.10	16.30	0.00
478.10	25.60	27.40	28.10	16.30	0.00
478.20	25.50	27.30	28.10	16.30	0.00
478.30	25.50	27.30	28.10	15.50	0.00
478.40	25.40	27.30	28.10	15.50	0.00
478.50	25.40	27.30	28.40	15.60	0.00
478.60	25.50	27.40	28.10	15.80	0.00
478.70	25.50	27.40	27.90	15.80	0.00
478.80	25.50	27.30	28.30	15.90	0.00
478.90	25.50	27.30	27.80	15.90	0.00
479.00	25.50	27.40	28.10	15.90	0.00
479.10	25.50	27.40	28.10	15.90	0.00
479.20	25.50	27.40	28.10	15.90	0.00
479.30	25.50	27.40	28.10	15.00	0.00
479.40	25.50	27.50	28.70	15.90	0.00
479.50	25.50	27.50	28.70	15.90	0.00
479.60	25.60	27.50	27.90	15.60	0.00
479.70	25.50	27.40	27.90	15.60	0.00
479.80	25.50	27.40	28.10	15.80	0.00
479.90	25.50	27.30	27.80	15.80	0.00
480.00	25.50	27.30	28.30	15.80	0.00
480.10	25.50	27.30	28.30	16.40	0.00
480.20	25.50	27.30	28.60	16.10	0.00
480.30	25.50	27.30	28.10	15.50	0.00
480.40	25.40	27.30	28.10	15.50	0.00
480.50	25.50	27.30	27.90	15.50	0.00
480.60	25.50	27.30	27.90	15.80	0.00
480.70	25.50	27.40	27.90	15.90	0.00
480.80	25.50	27.40	27.90	15.90	0.00
480.90	25.40	27.40	27.90	15.90	0.00
481.00	25.40	27.40	27.90	15.80	0.00
481.10	25.40	27.40	27.90	15.90	0.00
481.20	25.40	27.40	28.10	15.80	0.00
481.30	25.60	27.40	28.10	16.40	0.00
481.40	25.60	27.40	28.30	15.50	0.00
481.50	25.50	27.40	28.10	15.90	0.00
481.60	25.50	27.40	28.10	16.30	0.00
481.70	25.60	27.40	28.10	16.30	0.00
481.80	25.60	27.40	28.40	15.80	0.00
481.90	25.70	27.40	27.50	15.80	0.00
482.00	25.70	27.40	27.50	15.80	0.00
482.10	25.40	27.40	27.90	15.90	0.00
482.20	25.40	27.40	27.90	15.90	0.00
482.30	25.60	27.40	27.80	15.90	0.00
482.40	25.60	27.40	27.80	15.50	0.00
482.50	25.50	27.40	27.80	15.90	0.00
482.60	25.50	27.40	27.90	16.10	0.00
482.70	25.50	27.40	27.90	16.10	0.00
482.80	25.50	27.40	27.80	15.90	0.00
482.90	25.50	27.30	27.90	15.80	0.00
483.00	25.50	27.30	27.80	15.80	0.00
483.10	25.40	27.40	27.80	16.10	0.00
483.20	25.40	27.40	27.90	16.10	0.00
483.30	25.40	27.40	29.20	15.60	0.00
483.40	25.40	27.40	29.20	15.60	0.00
483.50	25.50	27.40	28.40	15.90	0.00
483.60	25.50	27.40	28.10	15.90	0.00
483.70	25.50	27.40	27.50	16.10	0.00
483.80	25.50	27.40	27.50	16.10	0.00
483.90	25.50	27.30	27.80	16.60	0.00
484.00	25.50	27.30	27.90	15.90	0.00
484.10	25.50	27.30	28.30	16.40	0.00
484.20	25.50	27.30	28.30	15.90	0.00
484.30	25.50	27.30	28.30	15.90	0.00
484.40	25.50	27.30	27.90	15.90	0.00
484.50	25.60	27.50	27.90	16.30	0.00
484.60	25.60	27.50	27.90	15.90	0.00
484.70	25.50	27.30	27.90	15.90	0.00
484.80	25.50	27.30	27.90	15.90	0.00
484.90	25.50	27.40	28.10	15.90	0.00
485.00	25.50	27.40	27.90	15.90	0.00
485.10	25.60	27.30	27.80	15.90	0.00
485.20	25.60	27.30	28.30	16.10	0.00
485.30	25.50	27.40	27.90	15.60	0.00
485.40	25.50	27.40	27.90	15.60	0.00
485.50	25.30	27.20	27.80	15.80	0.00
485.60	25.30	27.20	27.80	15.60	0.00
485.70	25.50	27.40	27.80	15.60	0.00
485.80	25.50	27.40	27.80	16.40	0.00
485.90	25.60	27.40	27.90	16.40	0.00
486.00	25.60	27.40	28.30	16.40	0.00
486.10	25.60	27.50	28.30	16.40	0.00
486.20	25.60	27.50	28.30	16.40	0.00
486.30	25.40	27.50	27.60	15.90	0.00
486.40	25.40	27.50	27.90	16.70	0.00
486.50	25.50	27.40	27.90	16.30	0.00
486.60	25.50	27.40	27.90	15.90	0.00
486.70	25.50	27.40	27.90	15.90	0.00
486.80	25.50	27.40	28.10	16.30	0.00
486.90	25.50	27.40	27.90	15.90	0.00
487.00	25.50	27.40	27.60	16.10	0.00
487.10	25.40	27.40	27.60	16.40	0.00
487.20	25.40	27.40	27.90	16.60	0.00
487.30	25.50	27.40	27.00	16.30	0.00
487.40	25.50	27.40	27.00	16.30	0.00
487.50	25.50	27.30	27.00	16.30	0.00
487.60	25.50	27.30	27.60	16.30	0.00
487.70	25.50	27.50	27.30	16.40	0.00
487.80	25.50	27.50	27.30	16.40	0.00
487.90	25.60	27.40	27.80	16.40	0.00
488.00	25.60	27.40	27.90	16.10	0.00
488.10	25.50	27.40	27.90	16.10	0.00
488.20	25.50	27.40	28.10	16.40	0.00
488.30	25.40	27.40	27.80	16.10	0.00
488.40	25.40	27.40	27.80	16.10	0.00
488.50	25.50	27.50	27.80	16.10	0.00
488.60	25.50	27.50	27.60	15.60	0.00
488.70	25.50	27.40	27.80	15.90	0.00
488.80	25.50	27.40	27.80	15.90	0.00
488.90	25.50	27.40	27.80	15.90	0.00
489.00	25.50	27.40	27.30	16.10	0.00
489.10	25.50	27.40	28.10	16.10	0.00
489.20	25.50	27.40	27.90	16.40	0.00
489.30	25.50	27.40	28.10	16.70	0.00
489.40	25.50	27.40	27.90	16.30	0.00
489.50	25.40	27.40	27.90	16.10	0.00
489.60	25.40	27.40	28.30	16.10	0.00
489.70	25.60	27.40	27.60	16.30	0.00
489.80	25.60	27.40	27.60	16.30	0.00
489.90	25.50	27.40	27.90	16.10	0.00
490.00	25.50	27.40	27.90	16.30	0.00
490.10	25.40	27.30	27.90	16.30	0.00
490.20	25.40	27.30	27.90	16.30	0.00
490.30	25.50	27.30	27.30	16.30	0.00
490.40	25.50	27.30	27.90	16.30	0.00
490.50	25.50	27.40	27.90	16.60	0.00
490.60	25.50	27.40	27.90	16.60	0.00
490.70	25.50	27.40	27.90	15.90	0.00
490.80	25.50	27.40	28.10	16.30	0.00
490.90	25.50	27.40	27.60	16.60	0.00
491.00	25.50	27.40	28.30	16.40	0.00
491.10	25.60	27.40	27.50	16.40	0.00
491.20	25.50	27.40	27.80	16.60	0.00
491.30	25.50	27.40	27.90	16.60	0.00
491.40	25.50	27.50	27.90	16.60	0.00
491.50	25.50	27.50	27.90	16.60	0.00
491.60	25.40	27.30	27.60	16.40	0.00
491.70	25.40	27.30	28.40	16.60	0.00
491.80	25.50	27.30	28.10	16.90	0.00
491.90	25.50	27.30	27.50	16.30	0.00
492.00	25.40	27.30	27.20	16.60	0.00
492.10	25.40	27.30	27.20	16.60	0.00
492.20	25.40	27.40	27.50	16.40	0.00
492.30	25.40	27.40	27.90	16.40	0.00
492.40	25.50	27.50	27.80	16.30	0.00
492.50	25.50	27.50	27.80	16.30	0.00
492.60	25.40	27.30	27.80	16.60	0.00
492.70	25.40	27.30	27.60	16.30	0.00
492.80	25.60	27.40	27.60	16.30	0.00
492.90	25.60	27.40	27.60	16.30	0.00
493.00	25.60	27.50	27.60	16.40	0.00
493.10	25.60	27.50	27.30	16.60	0.00
493.20	25.50	27.30	27.80	16.60	0.00
493.30	25.50	27.30	27.60	15.90	0.00
493.40	25.50	27.40	27.60	15.90	0.00
493.50	25.50	27.40	27.60	16.70	0.00
493.60	25.60	27.40	27.60	16.30	0.00
493.70	25.60	27.40	27.60	16.30	0.00
493.80	25.60	27.50	27.80	16.60	0.00
493.90	25.60	27.50	27.50	16.70	0.00
494.00	25.60	27.50	27.80	16.30	0.00
494.10	25.50	27.30	27.80	16.40	0.00
494.20	25.50	27.30	27.80	16.40	0.00
494.30	25.50	27.30	27.80	16.30	0.00
494.40	25.50	27.30	27.80	16.30	0.00
494.50	25.40	27.20	28.10	16.30	0.00
494.60	25.40	27.20	27.80	16.30	0.00
494.70	25.60	27.30	27.90	16.40	0.00
494.80	25.60	27.30	27.90	16.40	0.00
494.90	25.40	27.30	27.60	16.40	0.00
495.00	25.40	27.30	27.50	16.70	0.00
495.10	25.60	27.40	27.60	16.40	0.00
495.20	25.60	27.40	27.60	16.40	0.00
495.30	25.40	27.50	27.60	16.60	0.00
495.40	25.40	27.50	27.60	16.60	0.00
495.50	25.50	27.40	27.30	16.90	0.00
495.60	25.50	27.40	27.30	16.90	0.00
495.70	25.50	27.40	27.80	16.60	0.00
495.80	25.50	27.40	27.30	16.30	0.00
495.90	25.50	27.40	28.10	16.70	0.00
496.00	25.40	27.30	27.90	16.90	0.00
496.10	25.40	27.30	27.80	15.80	0.00
496.20	25.40	27.30	27.60	16.40	0.00
496.30	25.40	27.30	27.60	16.40	0.00
496.40	25.50	27.30	27.30	16.30	0.00
496.50	25.50	27.30	27.60	16.70	0.00
496.60	25.50	27.30	27.60	16.70	0.00
496.70	25.50	27.30	27.60	17.00	0.00
496.80	25.60	27.30	27.60	17.00	0.00
496.90	25.60	27.30	27.60	17.00	0.00
497.00	25.40	27.40	27.60	16.40	0.00
497.10	25.40	27.40	27.30	16.70	0.00
497.20	25.50	27.30	25.90	16.90	0.00
497.30	25.50	27.30	27.60	16.90	0.00
497.40	25.50	27.40	27.80	16.90	0.00
497.50	25.50	27.40	27.80	16.90	0.00
497.60	25.50	27.40	27.60	16.70	0.00
497.70	25.50	27.40	27.60	16.10	0.00
497.80	25.40	27.50	27.60	17.00	0.00
497.90	25.40	27.50	27.50	16.70	0.00
498.00	25.50	27.40	27.50	16.70	0.00
498.10	25.50	27.40	27.50	17.00	0.00
498.20	25.50	27.40	27.50	17.00	0.00
498.30	25.50	27.40	27.50	16.30	0.00
498.40	25.50	27.40	27.80	16.90	0.00
498.50	25.50	27.40	27.80	16.90	0.00
498.60	25.60	27.40	27.50	16.90	0.00
498.70	25.60	27.40	27.60	17.20	0.00
498.80	25.40	27.30	27.50	17.20	0.00
498.90	25.40	27.30	27.80	15.00	0.00
499.00	25.50	27.50	27.30	17.00	0.00
499.10	25.50	27.50	27.60	16.70	0.00
499.20	25.60	27.40	27.20	16.90	0.00
499.30	25.60	27.40	27.60	16.60	0.00
499.40	25.60	27.40	27.60	16.60	0.00
499.50	25.60	27.40	27.50	17.00	0.00
499.60	25.50	27.50	27.50	17.00	0.00
499.70	25.50	27.50	27.80	17.30	0.00
499.80	25.40	27.30	27.50	16.70	0.00
499.90	25.40	27.30	27.60	16.90	0.00
500.00	25.50	27.30	27.90	16.60	0.00
500.10	25.50	27.30	27.60	17.50	0.00
500.20	25.50	27.30	27.90	17.20	0.00
500.30	25.50	27.40	27.50	17.50	0.00
500.40	25.40	27.30	27.50	16.60	0.00
500.50	25.40	27.30	27.50	16.60	0.00
500.60	25.40	27.30	27.80	17.30	0.00
500.70	25.50	27.40	27.80	17.30	0.00
500.80	25.50	27.40	27.60	16.60	0.00
500.90	25.60	27.50	27.60	16.90	0.00
501.00	25.60	27.50	27.50	17.20	0.00
501.10	25.50	27.40	26.90	16.90	0.00
501.20	25.50	27.40	26.90	16.90	0.00
501.30	25.40	27.40	27.50	16.70	0.00
501.40	25.40	27.40	27.60	16.60	0.00
501.50	25.60	27.50	27.80	17.20	0.00
501.60	25.60	27.50	27.20	16.60	0.00
501.70	25.50	27.40	27.30	17.00	0.00
501.80	25.50	27.40	27.30	17.00	0.00
501.90	25.50	27.40	27.30	17.00	0.00
502.00	25.50	27.40	27.30	17.00	0.00
502.10	25.40	27.30	27.30	17.00	0.00
502.20	25.40	27.30	27.50	16.90	0.00
502.30	25.50	27.40	27.50	16.90	0.00
502.40	25.50	27.40	27.50	16.90	0.00
502.50	25.50	27.40	27.50	16.60	0.00
502.60	25.50	27.40	27.60	17.30	0.00
502.70	25.50	27.40	27.60	17.20	0.00
502.80	25.50	27.30	27.60	17.20	0.00
502.90	25.50	27.30	27.30	17.20	0.00
503.00	25.60	27.40	27.50	16.70	0.00
503.10	25.60	27.40	27.50	16.70	0.00
503.20	25.50	27.40	27.50	16.60	0.00
503.30	25.50	27.40	27.60	17.00	0.00
503.40	25.50	27.40	27.50	16.90	0.00
503.50	25.50	27.50	27.50	16.90	0.00
503.60	25.50	27.50	27.50	16.90	0.00
503.70	25.50	27.30	27.80	17.00	0.00
503.80	25.50	27.30	27.00	16.40	0.00
503.90	25.40	27.30	27.50	17.00	0.00
504.00	25.40	27.30	27.50	17.00	0.00
504.10	25.50	27.30	27.30	17.60	0.00
504.20	25.50	27.30	27.50	17.20	0.00
504.30	25.50	27.30	27.50	16.90	0.00
504.40	25.60	27.40	27.30	16.90	0.00
504.50	25.60	27.40	27.30	16.90	0.00
504.60	25.60	27.40	27.30	16.90	0.00
504.70	25.60	27.40	27.60	17.00	0.00
504.80	25.50	27.30	27.30	17.20	0.00
504.90	25.50	27.30	27.30	17.20	0.00
505.00	25.50	27.30	27.30	17.20	0.00
505.10	25.40	27.50	27.20	15.00	0.00
505.20	25.40	27.50	27.20	17.00	0.00
505.30	25.50	27.40	27.30	17.50	0.00
505.40	25.50	27.40	27.50	16.60	0.00
505.50	25.50	27.50	27.30	17.20	0.00
505.60	25.50	27.50	27.30	17.20	0.00
505.70	25.50	27.30	27.20	16.70	0.00
505.80	25.50	27.30	27.30	17.00	0.00
505.90	25.60	27.50	27.60	16.90	0.00
506.00	25.60	27.50	27.00	16.90	0.00
506.10	25.60	27.50	27.50	17.50	0.00
506.20	25.60	27.50	27.50	17.50	0.00
506.30	25.60	27.50	27.50	17.50	0.00
506.40	25.60	27.50	27.00	16.70	0.00
506.50	25.50	27.30	27.50	16.40	0.00
506.60	25.50	27.30	26.90	17.00	0.00
506.70	25.40	27.30	27.00	16.90	0.00
506.80	25.40	27.30	27.00	16.90	0.00
506.90	25.50	27.50	27.60	17.20	0.00
507.00	25.50	27.50	27.20	17.00	0.00
507.10	25.50	27.20	27.50	17.30	0.00
507.20	25.50	27.20	27.50	17.00	0.00
507.30	25.50	27.40	27.80	17.20	0.00
507.40	25.50	27.40	27.80	17.20	0.00
507.50	25.50	27.40	27.60	17.90	0.00
507.60	25.50	27.40	27.60	17.90	0.00
507.70	25.50	27.40	27.50	17.50	0.00
507.80	25.50	27.40	27.50	17.30	0.00
507.90	25.60	27.40	27.30	17.30	0.00
508.00	25.60	27.40	27.30	17.30	0.00
508.10	25.50	27.40	27.20	17.30	0.00
508.20	25.50	27.40	27.20	17.00	0.00
508.30	25.50	27.30	27.80	16.90	0.00
508.40	25.50	27.30	27.50	17.00	0.00
508.50	25.60	27.50	27.00	16.90	0.00
508.60	25.60	27.50	27.00	16.90	0.00
508.70	25.50	27.40	27.20	16.90	0.00
508.80	25.50	27.40	27.30	16.90	0.00
508.90	25.60	27.40	27.30	16.90	0.00
509.00	25.60	27.40	27.30	16.90	0.00
509.10	25.40	27.30	27.80	17.20	0.00
509.20	25.40	27.30	27.80	17.20	0.00
509.30	25.50	27.50	27.60	18.30	0.00
509.40	25.50	27.50	27.50	17.60	0.00
509.50	25.50	27.50	27.50	17.60	0.00
509.60	25.50	27.50	27.20	16.90	0.00
509.70	25.50	27.50	27.30	18.10	0.00
509.80	25.50	27.50	27.20	17.60	0.00
509.90	25.40	27.40	27.50	17.20	0.00
510.00	25.40	27.40	27.30	17.60	0.00
510.10	25.40	27.40	27.30	17.60	0.00
510.20	25.40	27.40	27.30	18.10	0.00
510.30	25.40	27.40	27.20	17.20	0.00
510.40	25.40	27.40	27.20	17.20	0.00
510.50	25.60	27.50	27.20	17.20	0.00
510.60	25.60	27.50	27.30	17.20	0.00
510.70	25.50	27.40	27.30	16.70	0.00
510.80	25.50	27.40	27.30	17.30	0.00
510.90	25.50	27.40	27.30	17.30	0.00
511.00	25.50	27.40	27.20	17.00	0.00
511.10	25.60	27.50	27.20	17.00	0.00
511.20	25.60	27.50	27.50	17.50	0.00
511.30	25.50	27.30	27.20	17.00	0.00
511.40	25.50	27.30	27.30	17.30	0.00
511.50	25.50	27.30	25.30	17.50	0.00
511.60	25.50	27.30	27.30	17.20	0.00
511.70	25.50	27.40	27.30	17.20	0.00
511.80	25.50	27.30	27.30	17.20	0.00
511.90	25.50	27.30	26.90	17.50	0.00
512.00	25.50	27.30	27.80	17.50	0.00
512.10	25.60	27.50	27.30	17.20	0.00
512.20	25.60	27.50	27.00	17.00	0.00
512.30	25.50	27.30	27.20	17.00	0.00
512.40	25.50	27.30	27.60	17.00	0.00
512.50	25.50	27.50	27.20	17.20	0.00
512.60	25.50	27.50	27.20	17.20	0.00
512.70	25.50	27.40	27.00	17.30	0.00
512.80	25.50	27.40	27.20	17.30	0.00
512.90	25.50	27.40	27.30	17.30	0.00
513.00	25.70	27.60	27.30	17.30	0.00
513.10	25.50	27.50	27.30	17.30	0.00
513.20	25.50	27.50	27.30	17.60	0.00
513.30	25.50	27.40	27.20	17.30	0.00
513.40	25.50	27.40	27.50	17.30	0.00
513.50	25.50	27.40	27.50	17.20	0.00
513.60	25.60	27.30	27.20	17.30	0.00
513.70	25.60	27.30	27.20	17.30	0.00
513.80	25.40	27.30	26.90	17.60	0.00
513.90	25.40	27.30	27.30	17.20	0.00
514.00	25.50	27.50	27.00	17.50	0.00
514.10	25.50	27.50	27.00	17.50	0.00
514.20	25.50	27.40	27.20	17.20	0.00
514.30	25.50	27.40	27.50	17.50	0.00
514.40	25.50	27.40	27.50	17.50	0.00
514.50	25.60	27.40	27.50	17.50	0.00
514.60	25.60	27.40	27.00	17.30	0.00
514.70	25.50	27.20	26.90	17.30	0.00
514.80	25.50	27.20	27.00	17.80	0.00
514.90	25.50	27.30	27.00	17.80	0.00
515.00	25.60	27.50	27.30	17.30	0.00
515.10	25.60	27.50	27.50	17.50	0.00
515.20	25.50	27.40	27.20	18.10	0.00
515.30	25.50	27.40	27.30	17.50	0.00
515.40	25.40	27.40	27.00	17.50	0.00
515.50	25.40	27.40	27.00	17.20	0.00
515.60	25.60	27.40	27.30	17.30	0.00
515.70	25.60	27.40	27.30	17.30	0.00
515.80	25.50	27.40	27.20	17.30	0.00
515.90	25.50	27.40	27.20	17.30	0.00
516.00	25.50	27.50	27.20	17.50	0.00
516.10	25.50	27.50	27.50	17.50	0.00
516.20	25.50	27.40	27.50	17.50	0.00
516.30	25.50	27.40	27.00	17.50	0.00
516.40	25.60	27.40	27.00	17.50	0.00
516.50	25.60	27.40	27.20	17.50	0.00
516.60	25.60	27.40	27.30	17.80	0.00
516.70	25.50	27.30	27.00	17.30	0.00
516.80	25.50	27.40	26.90	17.50	0.00
516.90	25.50	27.40	27.20	17.30	0.00
517.00	25.50	27.40	27.20	17.30	0.00
517.10	25.50	27.40	27.20	17.30	0.00
517.20	25.40	27.30	27.00	17.50	0.00
517.30	25.40	27.30	27.00	17.30	0.00
517.40	25.70	27.50	27.00	17.30	0.00
517.50	25.70	27.50	27.00	17.60	0.00
517.60	25.60	27.40	27.20	17.60	0.00
517.70	25.60	27.40	26.70	17.30	0.00
517.80	25.40	27.30	26.70	17.30	0.00
517.90	25.40	27.30	27.30	17.50	0.00
518.00	25.50	27.40	27.00	17.60	0.00
518.10	25.50	27.40	27.50	17.50	0.00
518.20	25.50	27.40	27.30	17.80	0.00
518.30	25.40	27.30	27.00	17.80	0.00
518.40	25.40	27.30	27.00	17.80	0.00
518.50	25.50	27.40	27.00	17.80	0.00
518.60	25.60	27.50	26.90	17.00	0.00
518.70	25.60	27.50	27.20	17.50	0.00
518.80	25.50	27.50	27.00	17.80	0.00
518.90	25.50	27.50	26.90	18.30	0.00
519.00	25.40	27.40	26.90	18.30	0.00
519.10	25.40	27.40	26.70	17.80	0.00
519.20	25.50	27.30	26.90	17.30	0.00
519.30	25.50	27.30	27.20	17.30	0.00
519.40	25.50	27.40	27.20	17.30	0.00
519.50	25.50	27.40	26.70	17.50	0.00
519.60	25.40	27.40	27.20	17.50	0.00
519.70	25.40	27.40	27.20	17.60	0.00
519.80	25.50	27.30	27.20	17.60	0.00
519.90	25.50	27.30	27.20	17.60	0.00
520.00	25.50	27.40	26.90	17.30	0.00
520.10	25.50	27.40	26.90	17.90	0.00
520.20	25.70	27.40	27.20	17.80	0.00
520.30	25.70	27.40	27.20	17.80	0.00
520.40	25.40	27.40	27.20	17.00	0.00
520.50	25.40	27.40	26.90	17.90	0.00
520.60	25.40	27.30	27.00	18.10	0.00
520.70	25.40	27.30	26.90	17.60	0.00
520.80	25.50	27.20	26.60	17.50	0.00
520.90	25.50	27.20	26.60	17.50	0.00
521.00	25.60	27.40	26.90	17.90	0.00
521.10	25.60	27.40	27.20	17.60	0.00
521.20	25.50	27.30	27.20	17.60	0.00
521.30	25.50	27.30	27.20	17.60	0.00
521.40	25.50	27.30	26.90	17.30	0.00
521.50	25.50	27.30	27.20	17.80	0.00
521.60	25.50	27.30	27.00	17.80	0.00
521.70	25.60	27.50	26.90	18.10	0.00
521.80	25.60	27.50	26.90	17.60	0.00
521.90	25.60	27.40	26.90	17.60	0.00
522.00	25.60	27.40	27.00	17.90	0.00
522.10	25.60	27.40	27.00	17.90	0.00
522.20	25.60	27.40	27.00	17.90	0.00
522.30	25.60	27.40	26.90	17.60	0.00
522.40	25.50	27.40	26.90	17.60	0.00
522.50	25.50	27.40	26.90	17.60	0.00
522.60	25.50	27.40	26.90	17.60	0.00
522.70	25.50	27.40	27.00	17.60	0.00
522.80	25.50	27.30	27.20	18.10	0.00
522.90	25.50	27.30	27.00	17.50	0.00
523.00	25.60	27.40	26.70	17.30	0.00
523.10	25.60	27.40	26.70	17.30	0.00
523.20	25.50	27.50	26.90	17.90	0.00
523.30	25.50	27.50	27.30	18.30	0.00
523.40	25.50	27.30	27.30	15.80	0.00
523.50	25.50	27.30	27.20	17.90	0.00
523.60	25.50	27.40	27.20	18.10	0.00
523.70	25.50	27.40	27.20	18.10	0.00
523.80	25.50	27.30	26.90	17.60	0.00
523.90	25.50	27.30	26.90	17.60	0.00
524.00	25.50	27.40	27.00	17.60	0.00
524.10	25.50	27.40	27.00	17.60	0.00
524.20	25.50	27.40	26.90	17.80	0.00
524.30	25.50	27.40	26.70	17.80	0.00
524.40	25.50	27.30	27.00	17.60	0.00
524.50	25.50	27.30	26.60	17.60	0.00
524.60	25.40	27.30	27.20	17.90	0.00
524.70	25.40	27.30	27.20	17.90	0.00
524.80	25.50	27.40	26.40	17.90	0.00
524.90	25.50	27.40	27.20	17.80	0.00
525.00	25.50	27.20	26.90	18.10	0.00
525.10	25.50	27.20	26.90	18.10	0.00
525.20	25.40	27.50	27.20	17.50	0.00
525.30	25.40	27.50	27.20	17.50	0.00
525.40	25.50	27.50	27.20	17.80	0.00
525.50	25.50	27.50	26.90	17.90	0.00
525.60	25.50	27.40	26.90	17.90	0.00
525.70	25.50	27.40	27.30	17.60	0.00
525.80	25.40	27.40	26.70	17.90	0.00
525.90	25.40	27.40	26.70	17.90	0.00
526.00	25.60	27.50	26.40	17.60	0.00
526.10	25.60	27.50	26.70	17.60	0.00
526.20	25.50	27.50	27.30	17.60	0.00
526.30	25.50	27.50	26.90	17.80	0.00
526.40	25.70	27.50	26.70	17.50	0.00
526.50	25.70	27.50	26.90	17.80	0.00
526.60	25.50	27.40	26.90	17.80	0.00
526.70	25.50	27.30	26.90	17.80	0.00
526.80	25.50	27.30	25.00	17.80	0.00
526.90	25.60	27.40	26.90	18.10	0.00
527.00	25.60	27.40	27.20	17.60	0.00
527.10	25.60	27.40	27.20	17.60	0.00
527.20	25.40	27.40	27.00	17.90	0.00
527.30	25.40	27.40	26.60	18.30	0.00
527.40	25.70	27.40	26.60	18.30	0.00
527.50	25.70	27.40	27.00	19.20	0.00
527.60	25.60	27.40	26.90	17.90	0.00
527.70	25.60	27.40	26.90	18.10	0.00
527.80	25.60	27.50	26.70	18.10	0.00
527.90	25.60	27.50	26.90	17.80	0.00
528.00	25.40	27.30	26.90	17.80	0.00
528.10	25.40	27.30	26.90	17.60	0.00
528.20	25.50	27.40	26.90	17.90	0.00
528.30	25.50	27.40	27.20	17.90	0.00
528.40	25.50	27.40	27.00	17.80	0.00
528.50	25.50	27.40	26.60	17.90	0.00
528.60	25.50	27.30	26.60	17.90	0.00
528.70	25.50	27.30	26.90	18.40	0.00
528.80	25.60	27.50	26.90	17.90	0.00
528.90	25.60	27.50	26.70	18.30	0.00
529.00	25.50	27.40	26.60	17.90	0.00
529.10	25.50	27.40	26.70	17.60	0.00
529.20	25.60	27.40	26.70	17.60	0.00
529.30	25.60	27.40	26.90	17.80	0.00
529.40	25.60	27.40	27.00	18.30	0.00
529.50	25.60	27.40	27.20	17.80	0.00
529.60	25.50	27.30	26.90	18.40	0.00
529.70	25.50	27.30	26.90	18.40	0.00
529.80	25.50	27.40	27.00	17.60	0.00
529.90	25.50	27.40	26.90	18.10	0.00
530.00	25.60	27.40	27.00	18.10	0.00
530.10	25.60	27.40	26.90	18.30	0.00
530.20	25.50	27.40	27.20	18.90	0.00
530.30	25.50	27.40	26.90	18.60	0.00
530.40	25.40	27.40	26.90	18.60	0.00
530.50	25.40	27.40	26.90	18.60	0.00
530.60	25.50	27.40	26.90	18.40	0.00
530.70	25.50	27.40	26.90	18.40	0.00
530.80	25.60	27.40	26.70	18.10	0.00
530.90	25.60	27.40	26.90	18.30	0.00
531.00	25.40	27.30	26.90	18.10	0.00
531.10	25.40	27.30	27.80	17.60	0.00
531.20	25.60	27.30	26.70	17.60	0.00
531.30	25.60	27.30	26.90	18.10	0.00
531.40	25.50	27.40	27.20	17.80	0.00
531.50	25.50	27.40	27.20	18.10	0.00
531.60	25.50	27.30	27.50	17.90	0.00
531.70	25.50	27.30	27.50	17.90	0.00
531.80	25.50	27.30	26.90	18.30	0.00
531.90	25.50	27.40	27.00	18.30	0.00
532.00	25.50	27.40	27.00	18.30	0.00
532.10	25.60	27.30	26.70	18.10	0.00
532.20	25.60	27.30	27.60	17.80	0.00
532.30	25.40	27.30	26.90	18.40	0.00
532.40	25.40	27.30	27.50	18.30	0.00
532.50	25.40	27.30	27.00	16.60	0.00
532.60	25.40	27.30	26.90	17.80	0.00
532.70	25.40	27.30	27.00	18.60	0.00
532.80	25.60	27.50	26.90	18.30	0.00
532.90	25.60	27.50	26.90	18.30	0.00
533.00	25.60	27.30	26.90	18.30	0.00
533.10	25.60	27.30	26.70	17.60	0.00
533.20	25.40	27.20	26.70	17.60	0.00
533.30	25.40	27.20	26.90	17.80	0.00
533.40	25.60	27.40	27.20	18.30	0.00
533.50	25.60	27.40	27.30	17.90	0.00
533.60	25.50	27.40	26.90	18.30	0.00
533.70	25.50	27.40	26.90	18.30	0.00
533.80	25.50	27.40	26.70	17.80	0.00
533.90	25.50	27.40	26.70	18.60	0.00
534.00	25.40	27.40	26.90	18.40	0.00
534.10	25.40	27.40	27.20	18.10	0.00
534.20	25.50	27.40	27.00	18.10	0.00
534.30	25.60	27.50	27.00	18.10	0.00
534.40	25.60	27.50	26.70	18.30	0.00
534.50	25.60	27.50	26.70	18.30	0.00
534.60	25.60	27.50	27.00	17.90	0.00
534.70	25.40	27.30	26.70	17.90	0.00
534.80	25.40	27.30	26.90	17.90	0.00
534.90	25.50	27.30	26.70	18.30	0.00
535.00	25.50	27.30	26.90	18.10	0.00
535.10	25.40	27.40	27.00	18.30	0.00
535.20	25.40	27.40	26.70	17.60	0.00
535.30	25.50	27.40	26.40	18.30	0.00
535.40	25.50	27.40	26.90	18.40	0.00
535.50	25.50	27.40	26.90	18.40	0.00
535.60	25.50	27.40	26.90	18.40	0.00
535.70	25.60	27.40	26.40	18.10	0.00
535.80	25.50	27.20	26.90	18.30	0.00
535.90	25.50	27.20	26.90	18.30	0.00
536.00	25.60	27.40	26.60	18.10	0.00
536.10	25.60	27.40	26.60	18.10	0.00
536.20	25.60	27.30	26.70	18.30	0.00
536.30	25.60	27.30	26.70	18.30	0.00
536.40	25.50	27.50	26.40	18.10	0.00
536.50	25.50	27.50	26.90	18.70	0.00
536.60	25.70	27.40	26.40	17.90	0.00
536.70	25.40	27.30	27.20	18.40	0.00
536.80	25.40	27.30	27.20	18.40	0.00
536.90	25.60	27.40	27.20	18.40	0.00
537.00	25.60	27.40	26.70	18.40	0.00
537.10	25.50	27.40	26.70	18.30	0.00
537.20	25.50	27.40	26.90	18.70	0.00
537.30	25.50	27.30	27.00	18.60	0.00
537.40	25.50	27.30	27.00	18.60	0.00
537.50	25.50	27.50	27.20	18.10	0.00
537.60	25.50	27.50	26.90	18.30	0.00
537.70	25.50	27.50	26.40	18.10	0.00
537.80	25.50	27.40	26.90	17.60	0.00
537.90	25.50	27.40	26.60	18.30	0.00
538.00	25.50	27.40	26.60	18.30	0.00
538.10	25.50	27.40	26.60	18.40	0.00
538.20	25.60	27.40	26.60	18.40	0.00
538.30	25.60	27.40	26.60	18.10	0.00
538.40	25.50	27.40	26.60	18.10	0.00
538.50	25.50	27.40	25.60	18.30	0.00
538.60	25.50	27.40	26.60	18.30	0.00
538.70	25.50	27.40	26.30	18.30	0.00
538.80	25.60	27.40	26.70	18.40	0.00
538.90	25.60	27.40	26.60	17.90	0.00
539.00	25.60	27.40	26.70	18.30	0.00
539.10	25.40	27.40	26.70	18.30	0.00
539.20	25.40	27.40	26.70	18.40	0.00
539.30	25.40	27.40	26.40	18.40	0.00
539.40	25.40	27.40	26.40	18.10	0.00
539.50	25.50	27.40	26.40	18.10	0.00
539.60	25.50	27.40	26.40	18.10	0.00
539.70	25.40	27.30	27.00	18.40	0.00
539.80	25.40	27.30	27.00	18.40	0.00
539.90	25.50	27.40	27.20	18.40	0.00
540.00	25.50	27.40	26.90	18.40	0.00
540.10	25.50	27.40	24.90	18.30	0.00
540.20	25.50	27.30	24.90	18.30	0.00
540.30	25.50	27.30	26.60	18.30	0.00
540.40	25.30	27.20	26.30	18.60	0.00
540.50	25.60	27.40	26.40	18.60	0.00
540.60	25.60	27.40	27.00	18.40	0.00
540.70	25.70	27.40	26.70	18.60	0.00
540.80	25.70	27.40	26.70	18.60	0.00
540.90	25.40	27.30	26.70	18.60	0.00
541.00	25.40	27.30	25.80	18.60	0.00
541.10	25.60	27.40	26.40	18.40	0.00
541.20	25.60	27.40	26.90	18.70	0.00
541.30	25.50	27.40	26.70	18.30	0.00
541.40	25.50	27.40	26.30	18.40	0.00
541.50	25.60	27.30	26.30	18.40	0.00
541.60	25.60	27.30	26.30	18.40	0.00
541.70	25.60	27.40	27.00	18.30	0.00
541.80	25.60	27.40	26.40	18.60	0.00
541.90	25.50	27.40	26.60	18.40	0.00
542.00	25.50	27.40	26.30	17.90	0.00
542.10	25.50	27.30	26.30	17.90	0.00
542.20	25.50	27.30	26.70	18.30	0.00
542.30	25.60	27.40	26.40	18.60	0.00
542.40	25.60	27.40	26.70	18.40	0.00
542.50	25.40	27.20	26.70	18.40	0.00
542.60	25.40	27.20	26.30	17.90	0.00
542.70	25.60	27.50	26.70	18.60	0.00
542.80	25.60	27.50	26.70	18.60	0.00
542.90	25.50	27.30	26.60	18.40	0.00
543.00	25.50	27.30	26.90	16.70	0.00
543.10	25.40	27.30	27.00	18.30	0.00
543.20	25.50	27.30	26.90	18.70	0.00
543.30	25.50	27.30	26.60	18.30	0.00
543.40	25.60	27.30	26.60	18.30	0.00
543.50	25.60	27.30	26.60	18.30	0.00
543.60	25.60	27.30	26.90	19.00	0.00
543.70	25.60	27.30	26.90	18.10	0.00
543.80	25.50	27.30	26.90	18.10	0.00
543.90	25.60	27.40	26.70	18.10	0.00
544.00	25.60	27.40	24.90	18.40	0.00
544.10	25.50	27.30	26.60	19.00	0.00
544.20	25.50	27.30	27.30	18.40	0.00
544.30	25.50	27.30	27.00	18.70	0.00
544.40	25.50	27.30	27.00	18.70	0.00
544.50	25.50	27.50	27.90	18.30	0.00
544.60	25.50	27.50	26.60	18.90	0.00
544.70	25.40	27.30	26.30	18.40	0.00
544.80	25.40	27.30	26.30	18.40	0.00
544.90	25.60	27.30	26.30	18.40	0.00
545.00	25.60	27.30	26.40	18.40	0.00
545.10	25.60	27.30	24.60	18.40	0.00
545.20	25.50	27.40	24.60	18.40	0.00
545.30	25.50	27.40	27.20	18.90	0.00
545.40	25.50	27.40	26.90	18.90	0.00
545.50	25.50	27.40	27.20	18.90	0.00
545.60	25.60	27.40	26.90	18.90	0.00
545.70	25.60	27.40	24.60	18.90	0.00
545.80	25.50	27.30	26.60	18.40	0.00
545.90	25.50	27.30	26.90	19.00	0.00
546.00	25.50	27.40	26.70	18.30	0.00
546.10	25.50	27.40	26.70	18.30	0.00
546.20	25.50	27.40	26.70	18.30	0.00
546.30	25.50	27.40	26.70	19.60	0.00
546.40	25.50	27.40	26.70	18.40	0.00
546.50	25.50	27.40	26.90	18.40	0.00
546.60	25.50	27.40	26.90	18.40	0.00
546.70	25.50	27.30	26.90	18.40	0.00
546.80	25.50	27.30	26.60	18.30	0.00
546.90	25.60	27.40	26.70	18.40	0.00
547.00	25.60	27.40	27.50	18.40	0.00
547.10	25.50	27.40	26.60	18.30	0.00
547.20	25.50	27.40	26.60	18.60	0.00
547.30	25.60	27.30	26.60	18.70	0.00
547.40	25.60	27.30	26.60	18.70	0.00
547.50	25.50	27.30	26.60	18.70	0.00
547.60	25.50	27.30	26.90	18.60	0.00
547.70	25.60	27.40	26.60	18.70	0.00
547.80	25.60	27.40	26.60	18.70	0.00
547.90	25.60	27.40	26.70	18.90	0.00
548.00	25.60	27.40	26.40	18.70	0.00
548.10	25.60	27.30	26.70	18.70	0.00
548.20	25.60	27.30	26.40	18.30	0.00
548.30	25.50	27.30	26.70	18.90	0.00
548.40	25.50	27.30	26.60	18.90	0.00
548.50	25.50	27.20	25.90	18.70	0.00
548.60	25.50	27.20	25.90	18.70	0.00
548.70	25.60	27.40	26.30	18.40	0.00
548.80	25.60	27.40	26.30	18.40	0.00
548.90	25.50	27.30	26.60	18.10	0.00
549.00	25.50	27.30	26.60	18.60	0.00
549.10	25.50	27.40	26.70	18.90	0.00
549.20	25.50	27.40	26.60	18.40	0.00
549.30	25.50	27.30	26.60	18.40	0.00
549.40	25.50	27.30	26.60	18.70	0.00
549.50	25.60	27.40	26.60	18.70	0.00
549.60	25.60	27.40	26.40	18.40	0.00
549.70	25.50	27.40	26.30	18.70	0.00
549.80	25.50	27.40	25.60	19.20	0.00
549.90	25.60	27.40	27.00	18.60	0.00
550.00	25.60	27.40	27.00	18.60	0.00
550.10	25.60	27.30	27.00	18.60	0.00
550.20	25.60	27.30	26.60	18.30	0.00
550.30	25.50	27.40	26.30	18.40	0.00
550.40	25.50	27.40	26.30	18.40	0.00
550.50	25.60	27.40	26.60	18.40	0.00
550.60	25.60	27.40	26.30	18.70	0.00
550.70	25.60	27.40	26.40	19.20	0.00
550.80	25.60	27.40	26.10	18.30	0.00
550.90	25.60	27.40	26.60	18.70	0.00
551.00	25.50	27.40	26.30	18.40	0.00
551.10	25.50	27.40	26.40	18.40	0.00
551.20	25.40	27.30	26.10	18.60	0.00
551.30	25.40	27.30	26.10	18.60	0.00
551.40	25.50	27.40	26.30	18.40	0.00
551.50	25.50	27.40	26.30	19.00	0.00
551.60	25.40	27.30	26.70	18.60	0.00
551.70	25.40	27.30	26.40	18.70	0.00
551.80	25.60	27.40	26.70	18.90	0.00
551.90	25.60	27.40	26.70	18.90	0.00
552.00	25.60	27.40	24.60	19.20	0.00
552.10	25.60	27.40	26.40	18.90	0.00
552.20	25.60	27.30	26.60	18.70	0.00
552.30	25.60	27.30	26.60	18.40	0.00
552.40	25.40	27.40	26.10	18.60	0.00
552.50	25.40	27.40	26.10	18.60	0.00
552.60	25.50	27.40	26.10	18.60	0.00
552.70	25.50	27.40	26.40	18.40	0.00
552.80	25.40	27.30	26.40	18.40	0.00
552.90	25.40	27.30	26.90	18.40	0.00
553.00	25.60	27.40	26.60	19.00	0.00
553.10	25.60	27.40	26.60	19.00	0.00
553.20	25.60	27.30	26.10	18.70	0.00
553.30	25.60	27.30	26.30	18.90	0.00
553.40	25.60	27.30	26.10	18.60	0.00
553.50	25.60	27.30	26.60	18.40	0.00
553.60	25.50	27.30	26.40	18.60	0.00
553.70	25.50	27.30	26.70	18.60	0.00
553.80	25.50	27.30	26.70	18.60	0.00
553.90	25.50	27.30	26.30	18.60	0.00
554.00	25.70	27.50	26.30	18.60	0.00
554.10	25.70	27.50	26.30	18.60	0.00
554.20	25.60	27.40	25.90	18.70	0.00
554.30	25.60	27.40	26.70	18.90	0.00
554.40	25.50	27.40	26.60	17.80	0.00
554.50	25.50	27.40	26.10	18.70	0.00
554.60	25.60	27.30	26.60	18.90	0.00
554.70	25.60	27.30	26.60	18.90	0.00
554.80	25.50	27.40	26.10	19.00	0.00
554.90	25.50	27.40	26.70	18.60	0.00
555.00	25.70	27.50	26.30	18.70	0.00
555.10	25.70	27.50	26.30	19.00	0.00
555.20	25.50	27.30	26.10	18.90	0.00
555.30	25.50	27.30	26.10	18.90	0.00
555.40	25.60	27.40	26.10	18.90	0.00
555.50	25.60	27.40	26.90	18.70	0.00
555.60	25.60	27.40	26.40	19.30	0.00
555.70	25.60	27.40	26.10	19.20	0.00
555.80	25.50	27.30	25.90	18.90	0.00
555.90	25.50	27.30	26.40	19.20	0.00
556.00	25.60	27.40	26.40	19.20	0.00
556.10	25.60	27.40	25.80	18.90	0.00
556.20	25.50	27.30	26.30	18.90	0.00
556.30	25.50	27.30	26.40	18.90	0.00
556.40	25.50	27.30	26.10	19.20	0.00
556.50	25.50	27.40	26.60	19.20	0.00
556.60	25.50	27.40	26.60	19.20	0.00
556.70	25.50	27.40	26.60	19.20	0.00
556.80	25.50	27.40	26.60	19.20	0.00
556.90	25.50	27.30	26.60	19.00	0.00
557.00	25.50	27.30	26.60	19.00	0.00
557.10	25.50	27.30	26.40	19.20	0.00
557.20	25.50	27.30	27.30	18.40	0.00
557.30	25.40	27.20	26.40	19.30	0.00
557.40	25.40	27.20	26.10	18.90	0.00
557.50	25.50	27.20	26.40	18.70	0.00
557.60	25.50	27.20	25.20	19.00	0.00
557.70	25.50	27.30	26.30	19.00	0.00
557.80	25.50	27.30	26.60	19.00	0.00
557.90	25.60	27.30	26.60	19.00	0.00
558.00	25.60	27.30	26.60	19.00	0.00
558.10	25.60	27.30	26.40	18.70	0.00
558.20	25.60	27.30	26.10	18.70	0.00
558.30	25.40	27.40	26.70	19.20	0.00
558.40	25.40	27.40	26.70	19.20	0.00
558.50	25.50	27.30	26.30	18.90	0.00
558.60	25.50	27.30	26.70	18.90	0.00
558.70	25.60	27.30	26.10	19.20	0.00
558.80	25.60	27.30	26.40	18.70	0.00
558.90	25.50	27.40	26.60	19.00	0.00
559.00	25.50	27.40	26.70	19.30	0.00
559.10	25.60	27.30	26.70	19.30	0.00
559.20	25.60	27.30	26.10	18.60	0.00
559.30	25.50	27.40	26.10	18.60	0.00
559.40	25.50	27.40	26.10	18.60	0.00
559.50	25.50	27.30	25.80	18.70	0.00
559.60	25.50	27.30	24.70	19.20	0.00
559.70	25.40	27.30	26.30	18.70	0.00
559.80	25.40	27.30	26.30	18.70	0.00
559.90	25.50	27.20	26.40	19.20	0.00
560.00	25.50	27.20	26.10	19.00	0.00
560.10	25.60	27.40	26.10	19.30	0.00
560.20	25.60	27.40	26.10	19.30	0.00
560.30	25.50	27.30	26.40	18.40	0.00
560.40	25.50	27.30	26.10	17.20	0.00
560.50	25.50	27.40	26.40	19.00	0.00
560.60	25.50	27.40	26.40	19.00	0.00
560.70	25.50	27.40	26.30	18.70	0.00
560.80	25.50	27.40	26.30	18.70	0.00
560.90	25.50	27.30	26.30	18.70	0.00
561.00	25.50	27.30	26.60	18.90	0.00
561.10	25.60	27.50	26.30	18.90	0.00
561.20	25.60	27.50	26.30	19.30	0.00
561.30	25.60	27.50	25.80	19.00	0.00
561.40	25.60	27.50	26.40	18.90	0.00
561.50	25.60	27.20	26.40	18.90	0.00
561.60	25.60	27.20	26.10	19.20	0.00
561.70	25.50	27.30	26.40	19.20	0.00
561.80	25.50	27.30	26.40	19.20	0.00
561.90	25.60	27.30	26.10	18.70	0.00
562.00	25.60	27.30	26.10	19.00	0.00
562.10	25.60	27.40	26.40	19.00	0.00
562.20	25.60	27.40	26.40	19.00	0.00
562.30	25.60	27.30	26.40	19.00	0.00
562.40	25.60	27.30	26.40	19.00	0.00
562.50	25.50	27.40	26.40	19.00	0.00
562.60	25.50	27.40	26.40	19.00	0.00
562.70	25.50	27.30	24.60	19.20	0.00
562.80	25.50	27.30	24.60	19.20	0.00
562.90	25.60	27.40	26.60	18.10	0.00
563.00	25.60	27.40	26.40	18.90	0.00
563.10	25.60	27.30	26.60	19.20	0.00
563.20	25.60	27.30	26.40	19.30	0.00
563.30	25.70	27.40	27.30	18.70	0.00
563.40	25.70	27.40	26.60	19.00	0.00
563.50	25.40	27.20	26.60	19.00	0.00
563.60	25.40	27.20	26.60	19.00	0.00
563.70	25.40	27.30	26.30	18.90	0.00
563.80	25.40	27.30	25.50	19.80	0.00
563.90	25.40	27.30	26.30	19.00	0.00
564.00	25.60	27.30	26.90	19.30	0.00
564.10	25.60	27.30	26.90	19.30	0.00
564.20	25.50	27.30	26.60	18.90	0.00
564.30	25.50	27.30	26.10	19.20	0.00
564.40	25.70	27.50	26.60	19.00	0.00
564.50	25.70	27.50	26.60	19.00	0.00
564.60	25.40	27.30	26.30	19.20	0.00
564.70	25.40	27.30	25.80	18.90	0.00
564.80	25.50	27.30	26.40	19.00	0.00
564.90	25.50	27.30	26.40	19.00	0.00
565.00	25.60	27.40	26.40	19.00	0.00
565.10	25.60	27.40	26.40	18.90	0.00
565.20	25.50	27.30	26.30	19.50	0.00
565.30	25.50	27.30	26.60	19.00	0.00
565.40	25.50	27.30	26.60	19.00	0.00
565.50	25.50	27.20	26.30	19.20	0.00
565.60	25.50	27.20	25.90	18.90	0.00
565.70	25.60	27.30	25.90	18.90	0.00
565.80	25.60	27.30	25.90	18.90	0.00
565.90	25.70	27.50	26.40	19.00	0.00
566.00	25.70	27.50	26.70	19.50	0.00
566.10	25.50	27.30	26.30	19.50	0.00
566.20	25.50	27.30	26.40	19.30	0.00
566.30	25.40	27.20	26.40	19.30	0.00
566.40	25.40	27.20	26.40	19.30	0.00
566.50	25.50	27.30	26.10	18.90	0.00
566.60	25.50	27.30	26.10	18.90	0.00
566.70	25.40	27.40	27.00	19.00	0.00
566.80	25.40	27.40	26.40	19.50	0.00
566.90	25.50	27.40	26.40	19.20	0.00
567.00	25.50	27.40	26.60	18.90	0.00
567.10	25.60	27.50	26.10	19.30	0.00
567.20	25.60	27.50	26.10	19.30	0.00
567.30	25.60	27.30	26.30	19.30	0.00
567.40	25.60	27.30	26.70	19.50	0.00
567.50	25.60	27.30	26.60	19.50	0.00
567.60	25.60	27.30	26.60	19.50	0.00
567.70	25.50	27.30	26.90	19.50	0.00
567.80	25.50	27.30	26.90	19.50	0.00
567.90	25.60	27.50	26.30	19.30	0.00
568.00	25.60	27.50	26.30	19.30	0.00
568.10	25.60	27.50	26.40	19.20	0.00
568.20	25.60	27.50	26.40	19.20	0.00
568.30	25.60	27.30	26.10	19.30	0.00
568.40	25.60	27.30	26.10	19.50	0.00
568.50	25.70	27.50	26.40	20.40	0.00
568.60	25.70	27.50	26.10	19.20	0.00
568.70	25.50	27.30	26.10	19.20	0.00
568.80	25.50	27.30	26.30	19.20	0.00
568.90	25.40	27.30	25.80	19.20	0.00
569.00	25.40	27.30	25.80	19.20	0.00
569.10	25.60	27.30	26.70	19.30	0.00
569.20	25.60	27.30	26.70	19.30	0.00
569.30	25.60	27.30	26.40	19.50	0.00
569.40	25.60	27.30	26.60	19.30	0.00
569.50	25.50	27.40	26.60	19.20	0.00
569.60	25.50	27.40	26.60	19.20	0.00
569.70	25.60	27.40	26.30	19.30	0.00
569.80	25.60	27.40	26.40	19.30	0.00
569.90	25.50	27.30	26.60	19.20	0.00
570.00	25.50	27.30	26.30	19.30	0.00
570.10	25.50	27.40	26.40	19.50	0.00
570.20	25.50	27.40	26.40	19.50	0.00
570.30	25.70	27.40	26.30	19.60	0.00
570.40	25.70	27.40	26.10	19.00	0.00
570.50	25.70	27.40	26.10	19.00	0.00
570.60	25.50	27.30	26.10	19.00	0.00
570.70	25.60	27.30	26.90	19.20	0.00
570.80	25.60	27.30	26.10	19.80	0.00
570.90	25.50	27.40	26.30	19.20	0.00
571.00	25.50	27.40	26.60	19.50	0.00
571.10	25.60	27.40	26.60	19.50	0.00
571.20	25.60	27.40	25.90	19.20	0.00
571.30	25.60	27.30	26.10	19.30	0.00
571.40	25.60	27.30	26.30	18.40	0.00
571.50	25.60	27.40	26.30	18.40	0.00
571.60	25.60	27.40	25.90	19.00	0.00
571.70	25.60	27.30	26.30	19.80	0.00
571.80	25.60	27.30	26.30	19.80	0.00
571.90	25.60	27.40	26.30	19.50	0.00
572.00	25.60	27.40	26.30	19.50	0.00
572.10	25.60	27.40	26.10	19.60	0.00
572.20	25.60	27.40	26.40	19.30	0.00
572.30	25.50	27.50	26.40	19.30	0.00
572.40	25.50	27.50	26.30	19.80	0.00
572.50	25.50	27.30	26.30	19.80	0.00
572.60	25.50	27.30	26.30	19.90	0.00
572.70	25.40	27.20	26.30	19.60	0.00
572.80	25.40	27.20	26.40	20.10	0.00
572.90	25.50	27.20	25.90	19.30	0.00
573.00	25.50	27.20	25.90	19.80	0.00
573.10	25.50	27.40	26.10	19.30	0.00
573.20	25.50	27.40	26.10	19.30	0.00
573.30	25.60	27.40	26.10	19.50	0.00
573.40	25.60	27.30	26.10	19.50	0.00
573.50	25.60	27.30	26.40	19.60	0.00
573.60	25.60	27.30	26.60	19.20	0.00
573.70	25.60	27.30	26.30	19.50	0.00
573.80	25.60	27.20	26.30	19.20	0.00
573.90	25.60	27.20	26.60	19.60	0.00
574.00	25.60	27.30	26.40	19.30	0.00
574.10	25.60	27.30	26.40	19.80	0.00
574.20	25.50	27.40	24.40	19.30	0.00
574.30	25.50	27.40	26.90	19.30	0.00
574.40	25.70	27.40	26.90	19.30	0.00
574.50	25.70	27.40	26.30	19.30	0.00
574.60	25.50	27.30	26.30	19.60	0.00
574.70	25.50	27.30	26.30	19.60	0.00
574.80	25.60	27.40	26.60	19.20	0.00
574.90	25.60	27.40	26.30	19.50	0.00
575.00	25.50	27.20	26.60	19.30	0.00
575.10	25.50	27.20	25.90	19.20	0.00
575.20	25.50	27.30	26.40	19.20	0.00
575.30	25.50	27.30	25.80	19.60	0.00
575.40	25.50	27.20	25.50	19.50	0.00
575.50	25.50	27.20	26.40	19.30	0.00
575.60	25.50	27.20	26.40	19.30	0.00
575.70	25.50	27.30	26.40	19.30	0.00
575.80	25.50	27.30	25.90	19.80	0.00
575.90	25.50	27.30	25.80	19.30	0.00
576.00	25.50	27.30	25.80	19.30	0.00
576.10	25.60	27.40	25.80	19.30	0.00
576.20	25.60	27.40	26.10	19.30	0.00
576.30	25.60	27.40	25.80	19.60	0.00
576.40	25.50	27.30	26.60	19.50	0.00
576.50	25.50	27.30	25.90	18.90	0.00
576.60	25.50	27.30	25.90	18.90	0.00
576.70	25.50	27.30	26.30	19.60	0.00
576.80	25.50	27.30	26.10	19.30	0.00
576.90	25.50	27.30	24.70	19.50	0.00
577.00	25.60	27.40	24.70	19.50	0.00
577.10	25.60	27.40	24.70	19.50	0.00
577.20	25.50	27.30	26.10	19.60	0.00
577.30	25.50	27.30	25.80	19.30	0.00
577.40	25.50	27.40	25.80	19.30	0.00
577.50	25.50	27.40	26.10	19.60	0.00
577.60	25.70	27.50	26.10	19.50	0.00
577.70	25.70	27.50	25.90	19.50	0.00
577.80	25.60	27.30	26.30	19.30	0.00
577.90	25.60	27.30	26.30	19.30	0.00
578.00	25.50	27.40	25.80	19.50	0.00
578.10	25.50	27.40	26.10	19.30	0.00
578.20	25.60	27.30	25.90	19.30	0.00
578.30	25.60	27.30	25.80	19.60	0.00
578.40	25.40	27.30	25.80	19.60	0.00
578.50	25.40	27.30	25.80	19.60	0.00
578.60	25.50	27.30	26.30	19.60	0.00
578.70	25.50	27.30	26.10	19.50	0.00
578.80	25.50	27.30	26.10	19.50	0.00
578.90	25.50	27.30	25.80	19.50	0.00
579.00	25.50	27.20	25.90	19.90	0.00
579.10	25.50	27.20	26.10	19.30	0.00
579.20	25.50	27.40	25.80	19.30	0.00
579.30	25.50	27.40	25.90	19.30	0.00
579.40	25.50	27.30	25.60	19.50	0.00
579.50	25.50	27.30	25.20	19.80	0.00
579.60	25.50	27.40	25.80	19.50	0.00
579.70	25.50	27.40	25.80	19.50	0.00
579.80	25.50	27.20	25.80	19.50	0.00
579.90	25.50	27.20	26.40	19.60	0.00
580.00	25.50	27.40	25.90	19.60	0.00
580.10	25.50	27.40	26.30	19.80	0.00
580.20	25.60	27.20	26.30	19.80	0.00
580.30	25.60	27.20	26.10	19.50	0.00
580.40	25.50	27.20	26.10	19.30	0.00
580.50	25.50	27.20	25.90	19.50	0.00
580.60	25.60	27.30	25.50	19.90	0.00
580.70	25.60	27.30	26.60	19.20	0.00
580.80	25.50	27.20	26.60	19.20	0.00
580.90	25.50	27.20	25.90	19.30	0.00
581.00	25.50	27.40	25.90	19.80	0.00
581.10	25.60	27.30	25.90	19.80	0.00
581.20	25.60	27.30	25.80	19.80	0.00
581.30	25.50	27.20	26.10	20.10	0.00
581.40	25.50	27.20	25.90	19.60	0.00
581.50	25.50	27.40	24.70	19.60	0.00
581.60	25.50	27.40	26.10	19.80	0.00
581.70	25.50	27.30	25.90	19.80	0.00
581.80	25.50	27.30	26.10	19.60	0.00
581.90	25.60	27.40	25.90	19.60	0.00
582.00	25.60	27.40	25.90	19.60	0.00
582.10	25.50	27.20	25.90	19.60	0.00
582.20	25.50	27.20	25.90	19.30	0.00
582.30	25.60	27.30	25.90	19.30	0.00
582.40	25.60	27.30	26.30	19.90	0.00
582.50	25.30	27.10	26.10	19.50	0.00
582.60	25.30	27.10	26.10	19.50	0.00
582.70	25.70	27.40	26.10	20.10	0.00
582.80	25.50	27.30	25.60	19.90	0.00
582.90	25.50	27.30	26.10	19.80	0.00
583.00	25.60	27.30	25.60	19.50	0.00
583.10	25.60	27.30	25.60	19.50	0.00
583.20	25.50	27.20	25.90	19.90	0.00
583.30	25.50	27.20	26.10	19.50	0.00
583.40	25.50	27.20	26.30	19.80	0.00
583.50	25.60	27.30	26.10	19.90	0.00
583.60	25.60	27.30	26.10	19.90	0.00
583.70	25.60	27.30	26.40	19.60	0.00
583.80	25.60	27.30	26.40	19.60	0.00
583.90	25.50	27.00	25.80	19.50	0.00
584.00	25.50	27.00	25.90	19.30	0.00
584.10	25.50	27.20	25.80	19.60	0.00
584.20	25.50	27.20	26.10	19.60	0.00
584.30	25.50	27.20	25.90	19.30	0.00
584.40	25.50	27.20	25.90	19.30	0.00
584.50	25.50	27.20	25.50	20.10	0.00
584.60	25.50	27.30	26.10	19.50	0.00
584.70	25.50	27.30	26.10	19.90	0.00
584.80	25.60	27.30	25.80	19.60	0.00
584.90	25.60	27.30	25.80	19.60	0.00
585.00	25.50	27.30	25.80	19.60	0.00
585.10	25.50	27.30	26.10	19.30	0.00
585.20	25.60	27.30	25.60	19.60	0.00
585.30	25.60	27.30	26.40	20.10	0.00
585.40	25.50	27.30	26.10	19.80	0.00
585.50	25.50	27.30	26.10	19.60	0.00
585.60	25.60	27.30	26.10	19.60	0.00
585.70	25.60	27.30	25.50	19.30	0.00
585.80	25.50	27.30	25.90	19.30	0.00
585.90	25.50	27.30	26.40	19.80	0.00
586.00	25.70	27.40	26.30	19.50	0.00
586.10	25.50	27.30	25.90	19.80	0.00
586.20	25.50	27.30	25.90	19.80	0.00
586.30	25.50	27.20	25.90	19.80	0.00
586.40	25.50	27.20	25.80	19.80	0.00
586.50	25.60	27.40	25.50	19.90	0.00
586.60	25.60	27.40	26.10	18.30	0.00
586.70	25.50	27.30	25.60	19.80	0.00
586.80	25.50	27.30	26.30	19.60	0.00
586.90	25.50	27.20	26.10	19.90	0.00
587.00	25.50	27.20	26.10	19.90	0.00
587.10	25.50	27.20	25.60	19.50	0.00
587.20	25.50	27.20	25.80	19.80	0.00
587.30	25.40	27.10	26.70	19.50	0.00
587.40	25.40	27.10	24.60	19.60	0.00
587.50	25.50	27.40	24.60	19.60	0.00
587.60	25.40	27.20	24.60	19.60	0.00
587.70	25.40	27.20	25.80	19.90	0.00
587.80	25.50	27.30	25.80	20.10	0.00
587.90	25.50	27.30	25.90	19.90	0.00
588.00	25.60	27.20	25.30	19.50	0.00
588.10	25.60	27.20	25.50	19.60	0.00
588.20	25.60	27.20	25.60	20.10	0.00
588.30	25.60	27.20	25.60	19.80	0.00
588.40	25.50	27.30	25.60	19.80	0.00
588.50	25.50	27.30	25.60	19.80	0.00
588.60	25.60	27.30	25.50	19.90	0.00
588.70	25.60	27.30	26.30	20.10	0.00
588.80	25.60	27.20	26.30	20.10	0.00
588.90	25.60	27.20	25.90	19.80	0.00
589.00	25.60	27.30	25.90	19.80	0.00
589.10	25.60	27.30	26.10	20.60	0.00
589.20	25.50	27.20	26.10	20.60	0.00
589.30	25.50	27.20	26.10	19.00	0.00
589.40	25.50	27.30	25.60	20.30	0.00
589.50	25.50	27.30	26.10	21.20	0.00
589.60	25.50	27.30	26.10	21.20	0.00
589.70	25.50	27.30	25.90	19.60	0.00
589.80	25.40	27.10	26.10	20.10	0.00
589.90	25.40	27.10	25.90	19.90	0.00
590.00	25.40	27.20	25.90	19.90	0.00
590.10	25.60	27.30	25.90	19.80	0.00
590.20	25.60	27.30	25.90	19.80	0.00
590.30	25.50	27.30	25.90	20.10	0.00
590.40	25.50	27.30	25.50	20.10	0.00
590.50	25.50	27.20	25.50	20.10	0.00
590.60	25.50	27.20	25.80	20.40	0.00
590.70	25.60	27.40	26.10	20.10	0.00
590.80	25.60	27.40	25.90	19.90	0.00
590.90	25.40	27.20	26.10	19.60	0.00
591.00	25.40	27.20	26.10	19.60	0.00
591.10	25.70	27.40	25.90	19.80	0.00
591.20	25.70	27.40	25.80	20.10	0.00
591.30	25.60	27.30	25.50	19.60	0.00
591.40	25.60	27.30	25.80	19.90	0.00
591.50	25.40	27.30	25.80	19.90	0.00
591.60	25.40	27.30	25.80	19.90	0.00
591.70	25.70	27.40	25.60	19.50	0.00
591.80	25.70	27.40	25.50	19.30	0.00
591.90	25.40	27.20	25.50	19.30	0.00
592.00	25.50	27.20	25.90	19.80	0.00
592.10	25.50	27.20	25.90	19.60	0.00
592.20	25.50	27.20	26.10	20.10	0.00
592.30	25.60	27.30	25.90	17.90	0.00
592.40	25.60	27.30	25.80	19.50	0.00
592.50	25.60	27.30	25.90	20.10	0.00
592.60	25.60	27.30	25.30	19.90	0.00
592.70	25.50	27.30	23.60	20.10	0.00
592.80	25.50	27.20	23.60	20.10	0.00
592.90	25.50	27.20	23.60	20.10	0.00
593.00	25.60	27.40	25.30	19.60	0.00
593.10	25.60	27.40	25.60	20.10	0.00
593.20	25.60	27.20	25.90	19.80	0.00
593.30	25.60	27.20	25.50	20.30	0.00
593.40	25.60	27.40	25.60	20.30	0.00
593.50	25.60	27.40	25.90	18.60	0.00
593.60	25.60	27.30	25.80	20.30	0.00
593.70	25.60	27.30	25.80	20.10	0.00
593.80	25.40	27.20	25.80	20.10	0.00
593.90	25.40	27.20	25.50	20.30	0.00
594.00	25.50	27.20	25.90	20.10	0.00
594.10	25.50	27.20	25.90	20.10	0.00
594.20	25.70	27.20	25.90	20.10	0.00
594.30	25.70	27.20	25.90	20.30	0.00
594.40	25.50	27.30	25.50	19.60	0.00
594.50	25.50	27.30	25.50	20.10	0.00
594.60	25.50	27.20	25.50	20.10	0.00
594.70	25.50	27.20	25.90	20.30	0.00
594.80	25.60	27.30	25.90	19.90	0.00
594.90	25.60	27.30	25.30	19.80	0.00
595.00	25.60	27.30	25.30	19.80	0.00
595.10	25.60	27.30	26.10	20.30	0.00
595.20	25.50	27.40	25.90	20.30	0.00
595.30	25.50	27.40	25.90	20.10	0.00
595.40	25.40	27.30	25.90	19.80	0.00
595.50	25.40	27.30	25.90	19.80	0.00
595.60	25.50	27.30	25.90	19.80	0.00
595.70	25.50	27.30	25.90	19.90	0.00
595.80	25.40	27.20	25.60	19.80	0.00
595.90	25.40	27.20	26.10	20.60	0.00
596.00	25.60	27.40	25.80	20.10	0.00
596.10	25.60	27.40	25.90	19.80	0.00
596.20	25.50	27.30	25.90	19.80	0.00
596.30	25.50	27.30	25.50	19.90	0.00
596.40	25.60	27.40	25.80	19.90	0.00
596.50	25.60	27.40	25.60	19.90	0.00
596.60	25.50	27.30	25.80	20.70	0.00
596.70	25.50	27.30	25.80	20.30	0.00
596.80	25.50	27.30	25.80	20.30	0.00
596.90	25.50	27.20	25.80	20.30	0.00
597.00	25.50	27.20	25.80	19.90	0.00
597.10	25.60	27.20	25.30	20.30	0.00
597.20	25.60	27.20	25.60	19.60	0.00
597.30	25.60	27.20	25.60	19.60	0.00
597.40	25.50	27.10	25.60	19.90	0.00
597.50	25.50	27.10	25.60	20.10	0.00
597.60	25.60	27.40	25.80	19.90	0.00
597.70	25.60	27.40	25.80	19.90	0.00
597.80	25.40	27.20	26.30	20.10	0.00
597.90	25.40	27.20	25.90	20.10	0.00
598.00	25.40	27.30	25.90	20.40	0.00
598.10	25.40	27.30	25.80	20.30	0.00
598.20	25.50	27.30	25.80	20.30	0.00
598.30	25.50	27.30	25.80	20.30	0.00
598.40	25.60	27.10	25.60	19.80	0.00
598.50	25.60	27.10	25.60	19.80	0.00
598.60	25.40	27.20	25.80	19.60	0.00
598.70	25.40	27.20	25.60	20.30	0.00
598.80	25.60	27.40	25.30	20.10	0.00
598.90	25.60	27.40	25.30	20.10	0.00
599.00	25.50	27.20	25.60	20.30	0.00
599.10	25.50	27.20	25.80	20.10	0.00
599.20	25.60	27.40	25.60	19.60	0.00
599.30	25.60	27.40	25.80	19.90	0.00
599.40	25.60	27.30	25.60	20.30	0.00
599.50	25.60	27.30	25.60	20.30	0.00
599.60	25.60	27.20	25.60	20.30	0.00
599.70	25.60	27.20	25.60	20.30	0.00
599.80	25.50	27.10	26.30	20.30	0.00
599.90	25.50	27.10	26.10	20.60	0.00
600.00	25.60	27.20	25.60	20.30	0.00
600.10	25.60	27.20	25.80	20.30	0.00
600.20	25.60	27.20	25.80	20.30	0.00
600.30	25.60	27.20	25.80	19.90	0.00
600.40	25.50	27.30	26.30	19.80	0.00
600.50	25.50	27.30	26.30	19.80	0.00
600.60	25.60	27.40	25.80	20.30	0.00
600.70	25.60	27.40	24.70	20.10	0.00
600.80	25.60	27.30	25.80	20.30	0.00
600.90	25.60	27.30	25.80	20.30	0.00
601.00	25.50	27.30	25.80	20.30	0.00
601.10	25.50	27.30	25.30	19.90	0.00
601.20	25.50	27.30	25.60	19.90	0.00
601.30	25.50	27.30	25.80	20.30	0.00
601.40	25.50	27.30	25.80	20.30	0.00
601.50	25.60	27.30	25.50	20.30	0.00
601.60	25.60	27.30	25.50	20.10	0.00
601.70	25.40	27.20	25.90	20.10	0.00
601.80	25.40	27.20	26.60	19.80	0.00
601.90	25.60	27.30	25.30	19.90	0.00
602.00	25.60	27.30	25.80	20.60	0.00
602.10	25.40	27.20	25.80	20.60	0.00
602.20	25.40	27.20	25.50	20.40	0.00
602.30	25.60	27.30	25.50	20.40	0.00
602.40	25.60	27.30	25.80	20.10	0.00
602.50	25.40	27.10	24.90	20.40	0.00
602.60	25.40	27.10	24.90	20.40	0.00
602.70	25.50	27.10	25.50	20.40	0.00
602.80	25.50	27.10	25.50	20.40	0.00
602.90	25.50	27.10	25.50	20.40	0.00
603.00	25.50	27.10	25.20	20.10	0.00
603.10	25.60	27.30	25.60	20.60	0.00
603.20	25.60	27.30	25.60	19.90	0.00
603.30	25.60	27.30	25.50	20.10	0.00
603.40	25.50	27.30	25.50	19.90	0.00
603.50	25.60	27.20	25.50	19.90	0.00
603.60	25.60	27.20	25.80	20.30	0.00
603.70	25.50	27.20	25.80	20.30	0.00
603.80	25.50	27.20	25.80	20.30	0.00
603.90	25.50	27.20	25.60	20.30	0.00
604.00	25.50	27.20	25.50	19.90	0.00
604.10	25.50	27.30	25.50	19.90	0.00
604.20	25.50	27.30	26.30	20.10	0.00
604.30	25.60	27.30	26.10	19.90	0.00
604.40	25.60	27.30	25.60	20.40	0.00
604.50	25.60	27.20	25.50	20.60	0.00
604.60	25.60	27.20	25.50	20.40	0.00
604.70	25.60	27.20	25.50	19.90	0.00
604.80	25.60	27.20	25.50	19.90	0.00
604.90	25.40	27.20	25.80	19.90	0.00
605.00	25.40	27.20	25.60	19.80	0.00
605.10	25.60	27.30	25.60	19.80	0.00
605.20	25.60	27.30	25.30	20.70	0.00
605.30	25.60	27.30	25.30	19.90	0.00
605.40	25.60	27.30	25.30	19.90	0.00
605.50	25.60	27.40	25.80	20.70	0.00
605.60	25.60	27.40	25.80	20.60	0.00
605.70	25.70	27.30	26.30	20.60	0.00
605.80	25.70	27.30	25.50	20.40	0.00
605.90	25.40	27.20	25.50	20.40	0.00
606.00	25.40	27.20	25.30	20.60	0.00
606.10	25.50	27.20	25.60	20.40	0.00
606.20	25.50	27.20	25.50	20.40	0.00
606.30	25.60	27.20	25.20	20.40	0.00
606.40	25.60	27.20	25.20	20.40	0.00
606.50	25.60	27.30	26.10	20.30	0.00
606.60	25.60	27.30	26.10	20.30	0.00
606.70	25.40	27.20	25.60	20.10	0.00
606.80	25.40	27.20	25.80	20.70	0.00
606.90	25.40	27.10	25.50	20.30	0.00
607.00	25.40	27.10	25.30	20.10	0.00
607.10	25.60	27.10	25.80	19.80	0.00
607.20	25.60	27.10	25.80	20.90	0.00
607.30	25.50	27.20	25.80	20.90	0.00
607.40	25.50	27.20	25.50	20.40	0.00
607.50	25.50	27.30	25.80	20.40	0.00
607.60	25.50	27.30	25.80	20.40	0.00
607.70	25.50	27.30	25.80	20.40	0.00
607.80	25.50	27.30	25.80	20.40	0.00
607.90	25.60	27.20	25.90	20.40	0.00
608.00	25.60	27.20	25.80	20.30	0.00
608.10	25.60	27.30	25.50	19.90	0.00
608.20	25.60	27.30	25.50	20.30	0.00
608.30	25.60	27.10	26.10	19.80	0.00
608.40	25.60	27.10	25.50	20.70	0.00
608.50	25.40	27.20	25.90	20.30	0.00
608.60	25.40	27.20	25.90	20.30	0.00
608.70	25.50	27.10	25.80	20.40	0.00
608.80	25.50	27.10	25.30	20.90	0.00
608.90	25.40	27.20	25.60	18.10	0.00
609.00	25.40	27.20	25.60	18.10	0.00
609.10	25.60	27.30	25.90	20.40	0.00
609.20	25.60	27.30	25.50	20.10	0.00
609.30	25.50	27.20	25.60	20.30	0.00
609.40	25.50	27.20	25.20	20.60	0.00
609.50	25.50	27.20	25.30	20.40	0.00
609.60	25.50	27.20	25.90	20.40	0.00
609.70	25.50	27.20	25.90	20.40	0.00
609.80	25.50	27.20	25.50	20.70	0.00
609.90	25.50	27.20	25.60	20.10	0.00
610.00	25.70	27.30	25.80	20.60	0.00
610.10	25.50	27.30	25.60	20.40	0.00
610.20	25.50	27.30	25.60	20.40	0.00
610.30	25.60	27.30	25.60	20.40	0.00
610.40	25.60	27.30	25.50	20.60	0.00
610.50	25.60	27.20	25.50	20.30	0.00
610.60	25.60	27.20	25.20	20.30	0.00
610.70	25.60	27.20	25.90	20.30	0.00
610.80	25.60	27.20	25.90	20.30	0.00
610.90	25.50	27.10	25.50	20.30	0.00
611.00	25.50	27.10	25.80	20.70	0.00
611.10	25.60	27.20	25.80	20.40	0.00
611.20	25.60	27.20	26.10	20.60	0.00
611.30	25.40	27.20	25.80	20.60	0.00
611.40	25.40	27.20	25.80	20.60	0.00
611.50	25.50	27.10	25.90	20.30	0.00
611.60	25.50	27.10	25.90	20.30	0.00
611.70	25.70	27.30	25.90	20.30	0.00
611.80	25.70	27.30	25.50	20.10	0.00
611.90	25.70	27.20	25.80	20.40	0.00
612.00	25.70	27.20	25.60	20.40	0.00
612.10	25.50	27.20	25.60	20.30	0.00
612.20	25.50	27.20	25.30	20.30	0.00
612.30	25.50	27.30	25.60	20.60	0.00
612.40	25.50	27.30	26.30	20.10	0.00
612.50	25.50	27.10	25.80	20.30	0.00
612.60	25.50	27.10	25.60	20.40	0.00
612.70	25.70	27.30	25.80	21.60	0.00
612.80	25.70	27.30	25.80	21.60	0.00
612.90	25.60	27.20	25.50	20.30	0.00
613.00	25.60	27.20	25.60	20.60	0.00
613.10	25.50	27.10	25.60	20.60	0.00
613.20	25.50	27.10	25.60	20.40	0.00
613.30	25.60	27.30	25.30	20.60	0.00
613.40	25.60	27.30	25.50	20.30	0.00
613.50	25.50	27.30	25.00	20.40	0.00
613.60	25.50	27.30	25.50	20.60	0.00
613.70	25.60	27.20	25.60	20.10	0.00
613.80	25.60	27.20	25.60	20.10	0.00
613.90	25.60	27.20	25.60	20.70	0.00
614.00	25.60	27.20	25.60	20.40	0.00
614.10	25.60	27.20	25.60	20.40	0.00
614.20	25.60	27.20	25.60	20.40	0.00
614.30	25.60	27.10	25.50	20.60	0.00
614.40	25.60	27.10	25.50	20.60	0.00
614.50	25.70	27.30	25.80	20.10	0.00
614.60	25.70	27.30	25.50	20.90	0.00
614.70	25.60	27.30	24.90	20.30	0.00
614.80	25.60	27.30	25.60	21.30	0.00
614.90	25.50	27.20	25.30	20.40	0.00
615.00	25.50	27.20	25.30	20.70	0.00
615.10	25.50	27.20	25.50	20.40	0.00
615.20	25.50	27.30	25.50	20.40	0.00
615.30	25.50	27.30	25.30	20.60	0.00
615.40	25.60	27.30	25.30	20.60	0.00
615.50	25.60	27.30	25.00	20.40	0.00
615.60	25.50	27.20	25.50	20.60	0.00
615.70	25.50	27.20	25.50	20.60	0.00
615.80	25.60	27.20	25.30	19.80	0.00
615.90	25.60	27.20	25.30	20.60	0.00
616.00	25.50	27.30	25.50	19.80	0.00
616.10	25.50	27.30	25.30	19.00	0.00
616.20	25.40	27.10	25.30	19.90	0.00
616.30	25.40	27.10	25.60	20.30	0.00
616.40	25.60	27.20	25.60	20.30	0.00
616.50	25.60	27.20	25.50	20.30	0.00
616.60	25.50	27.20	25.30	20.40	0.00
616.70	25.50	27.20	25.30	20.40	0.00
616.80	25.60	27.30	25.30	20.40	0.00
616.90	25.60	27.30	25.30	20.40	0.00
617.00	25.60	27.20	25.30	20.60	0.00
617.10	25.60	27.20	25.50	19.80	0.00
617.20	25.30	27.10	25.50	19.80	0.00
617.30	25.60	27.20	25.50	20.10	0.00
617.40	25.60	27.20	25.20	20.40	0.00
617.50	25.60	27.20	25.60	20.60	0.00
617.60	25.60	27.20	25.60	20.10	0.00
617.70	25.70	27.20	25.60	20.10	0.00
617.80	25.70	27.20	25.30	20.10	0.00
617.90	25.50	27.30	25.30	20.40	0.00
618.00	25.50	27.30	25.30	20.30	0.00
618.10	25.50	27.20	25.30	20.30	0.00
618.20	25.50	27.20	25.30	20.30	0.00
618.30	25.50	27.20	25.50	20.70	0.00
618.40	25.50	27.20	25.50	21.00	0.00
618.50	25.60	27.30	23.50	20.60	0.00
618.60	25.60	27.30	23.50	20.60	0.00
618.70	25.60	27.10	25.20	20.60	0.00
618.80	25.60	27.10	25.30	20.90	0.00
618.90	25.50	27.20	25.50	20.70	0.00
619.00	25.50	27.20	25.50	20.70	0.00
619.10	25.60	27.30	25.30	20.40	0.00
619.20	25.60	27.30	25.20	20.60	0.00
619.30	25.40	27.20	25.20	20.40	0.00
619.40	25.40	27.20	25.20	20.40	0.00
619.50	25.50	27.30	25.20	20.40	0.00
619.60	25.50	27.30	25.20	20.10	0.00
619.70	25.50	27.20	25.50	20.40	0.00
619.80	25.50	27.20	25.20	20.70	0.00
619.90	25.40	27.20	25.80	19.60	0.00
620.00	25.40	27.20	25.80	19.60	0.00
620.10	25.70	27.20	25.30	20.70	0.00
620.20	25.70	27.20	25.50	20.70	0.00
620.30	25.50	27.20	25.30	20.40	0.00
620.40	25.50	27.20	25.50	20.60	0.00
620.50	25.50	27.20	25.50	20.60	0.00
620.60	25.50	27.20	25.50	20.70	0.00
620.70	25.60	27.30	25.80	20.60	0.00
620.80	25.60	27.30	25.80	20.60	0.00
620.90	25.50	27.20	25.80	20.60	0.00
621.00	25.50	27.20	25.30	20.90	0.00
621.10	25.60	27.20	25.30	20.60	0.00
621.20	25.60	27.20	25.50	20.70	0.00
621.30	25.40	27.10	25.00	20.70	0.00
621.40	25.40	27.10	25.60	20.60	0.00
621.50	25.50	27.20	25.20	19.80	0.00
621.60	25.50	27.20	25.20	19.80	0.00
621.70	25.50	27.20	25.30	20.60	0.00
621.80	25.50	27.20	25.30	20.70	0.00
621.90	25.60	27.20	24.30	20.60	0.00
622.00	25.60	27.20	25.30	20.70	0.00
622.10	25.50	27.20	25.30	20.70	0.00
622.20	25.50	27.20	25.30	20.70	0.00
622.30	25.40	27.10	25.60	20.40	0.00
622.40	25.40	27.10	26.10	20.40	0.00
622.50	25.60	27.30	25.20	20.30	0.00
622.60	25.60	27.30	25.60	20.70	0.00
622.70	25.50	27.20	25.00	20.90	0.00
622.80	25.50	27.20	25.00	20.90	0.00
622.90	25.60	27.20	25.00	20.40	0.00
623.00	25.60	27.20	25.20	19.80	0.00
623.10	25.50	27.20	25.60	20.70	0.00
623.20	25.50	27.20	25.30	20.30	0.00
623.30	25.50	27.10	25.30	20.30	0.00
623.40	25.50	27.10	25.60	20.70	0.00
623.50	25.60	27.10	25.60	20.70	0.00
623.60	25.60	27.10	25.50	20.40	0.00
623.70	25.50	27.20	25.60	20.30	0.00
623.80	25.50	27.20	25.60	20.30	0.00
623.90	25.50	27.10	24.90	20.30	0.00
624.00	25.50	27.10	25.30	20.90	0.00
624.10	25.60	27.20	25.50	20.40	0.00
624.20	25.60	27.20	25.50	20.30	0.00
624.30	25.50	27.20	25.30	20.10	0.00
624.40	25.50	27.20	25.60	20.60	0.00
624.50	25.50	27.20	25.60	20.60	0.00
624.60	25.50	27.20	25.50	20.30	0.00
624.70	25.40	27.10	25.50	20.90	0.00
624.80	25.40	27.10	25.50	20.90	0.00
624.90	25.50	27.20	24.90	20.60	0.00
625.00	25.50	27.20	24.90	20.60	0.00
625.10	25.40	27.10	25.30	20.70	0.00
625.20	25.40	27.10	25.20	20.70	0.00
625.30	25.50	27.20	25.20	20.60	0.00
625.40	25.50	27.20	25.30	20.60	0.00
625.50	25.50	27.10	25.30	20.60	0.00
625.60	25.50	27.10	25.50	20.70	0.00
625.70	25.50	27.10	25.30	20.40	0.00
625.80	25.50	27.10	25.30	21.50	0.00
625.90	25.50	27.10	25.00	21.00	0.00
626.00	25.60	27.20	25.00	20.70	0.00
626.10	25.60	27.20	25.00	20.70	0.00
626.20	25.60	27.20	25.00	20.70	0.00
626.30	25.60	27.20	25.00	20.40	0.00
626.40	25.60	27.20	24.30	20.60	0.00
626.50	25.50	27.10	25.30	20.70	0.00
626.60	25.50	27.10	25.50	20.70	0.00
626.70	25.60	27.10	25.50	20.70	0.00
626.80	25.60	27.10	25.20	20.40	0.00
626.90	25.50	27.10	23.30	20.70	0.00
627.00	25.50	27.10	25.50	20.60	0.00
627.10	25.50	27.10	25.20	20.40	0.00
627.20	25.60	27.10	25.30	20.60	0.00
627.30	25.60	27.10	25.30	20.60	0.00
627.40	25.50	27.20	25.50	20.70	0.00
627.50	25.60	27.20	25.50	20.70	0.00
627.60	25.60	27.20	25.20	20.70	0.00
627.70	25.60	27.20	25.20	20.70	0.00
627.80	25.60	27.20	25.30	20.90	0.00
627.90	25.60	27.10	25.20	21.00	0.00
628.00	25.60	27.10	24.90	21.00	0.00
628.10	25.60	27.20	25.20	21.00	0.00
628.20	25.60	27.20	25.50	20.70	0.00
628.30	25.60	27.20	25.20	21.00	0.00
628.40	25.50	27.10	25.00	20.40	0.00
628.50	25.50	27.10	25.20	21.20	0.00
628.60	25.50	27.20	25.20	21.20	0.00
628.70	25.50	27.20	25.20	19.30	0.00
628.80	25.60	27.20	25.20	19.30	0.00
628.90	25.60	27.20	25.30	20.60	0.00
629.00	25.60	27.20	25.30	20.60	0.00
629.10	25.60	27.20	25.00	20.40	0.00
629.20	25.50	27.30	25.00	20.90	0.00
629.30	25.50	27.30	25.20	20.70	0.00
629.40	25.60	27.20	25.30	20.90	0.00
629.50	25.60	27.20	25.20	20.90	0.00
629.60	25.60	27.20	25.20	20.90	0.00
629.70	25.60	27.20	25.30	20.60	0.00
629.80	25.50	27.10	25.00	20.70	0.00
629.90	25.50	27.10	25.60	21.00	0.00
630.00	25.60	27.20	25.00	21.00	0.00
630.10	25.60	27.20	25.00	21.00	0.00
630.20	25.60	27.20	25.00	21.00	0.00
630.30	25.60	27.20	25.00	21.20	0.00
630.40	25.60	27.20	25.20	21.20	0.00
630.50	25.60	27.20	25.20	21.20	0.00
630.60	25.50	27.10	25.20	20.60	0.00
630.70	25.50	27.10	25.00	21.20	0.00
630.80	25.50	27.10	25.60	20.60	0.00
630.90	25.50	27.10	25.00	21.00	0.00
631.00	25.60	27.30	24.90	20.70	0.00
631.10	25.60	27.30	24.90	20.70	0.00
631.20	25.60	27.20	25.20	21.20	0.00
631.30	25.60	27.20	25.30	21.00	0.00
631.40	25.60	27.20	25.00	20.70	0.00
631.50	25.60	27.20	25.00	20.70	0.00
631.60	25.50	27.10	25.00	20.70	0.00
631.70	25.50	27.20	25.50	20.70	0.00
631.80	25.50	27.20	25.00	20.40	0.00
631.90	25.50	27.20	25.00	21.00	0.00
632.00	25.60	27.10	25.00	20.60	0.00
632.10	25.60	27.10	25.60	20.90	0.00
632.20	25.50	27.10	25.20	20.90	0.00
632.30	25.50	27.10	25.20	20.90	0.00
632.40	25.60	27.10	25.20	21.00	0.00
632.50	25.60	27.10	24.90	20.90	0.00
632.60	25.60	27.20	25.30	20.60	0.00
632.70	25.60	27.20	25.20	20.60	0.00
632.80	25.60	27.10	25.20	20.60	0.00
632.90	25.60	27.10	25.20	21.50	0.00
633.00	25.50	27.10	25.20	21.20	0.00
633.10	25.50	27.10	25.30	20.70	0.00
633.20	25.70	27.10	24.90	20.70	0.00
633.30	25.70	27.10	24.90	20.70	0.00
633.40	25.50	27.20	25.00	20.30	0.00
633.50	25.50	27.20	25.00	21.20	0.00
633.60	25.50	27.10	25.30	21.20	0.00
633.70	25.50	27.10	25.50	21.00	0.00
633.80	25.60	27.10	25.30	20.60	0.00
633.90	25.60	27.10	23.00	20.70	0.00
634.00	25.60	27.10	23.00	20.70	0.00
634.10	25.60	27.10	25.20	21.00	0.00
634.20	25.60	27.20	24.90	20.90	0.00
634.30	25.60	27.20	25.20	21.00	0.00
634.40	25.50	27.10	25.20	20.90	0.00
634.50	25.50	27.10	25.20	20.90	0.00
634.60	25.60	27.20	24.70	20.70	0.00
634.70	25.60	27.20	24.90	20.90	0.00
634.80	25.50	27.10	25.20	20.40	0.00
634.90	25.50	27.10	25.20	20.40	0.00
635.00	25.60	27.20	25.20	20.30	0.00
635.10	25.60	27.20	25.20	20.70	0.00
635.20	25.50	27.20	24.70	20.70	0.00
635.30	25.50	27.20	24.70	20.70	0.00
635.40	25.60	27.10	26.10	20.60	0.00
635.50	25.60	27.10	26.10	20.60	0.00
635.60	25.50	27.20	25.30	21.00	0.00
635.70	25.50	27.20	24.90	20.90	0.00
635.80	25.70	27.30	25.20	21.00	0.00
635.90	25.70	27.30	25.20	21.00	0.00
636.00	25.60	27.20	25.20	21.00	0.00
636.10	25.60	27.20	24.90	20.90	0.00
636.20	25.60	27.20	25.30	20.60	0.00
636.30	25.60	27.20	25.00	20.60	0.00
636.40	25.60	27.30	25.20	20.60	0.00
636.50	25.60	27.30	25.20	20.70	0.00
636.60	25.60	27.10	25.20	20.70	0.00
636.70	25.60	27.10	25.20	20.90	0.00
636.80	25.50	27.20	25.20	20.90	0.00
636.90	25.50	27.20	25.00	21.00	0.00
637.00	25.50	27.20	25.20	20.70	0.00
637.10	25.50	27.20	24.10	20.70	0.00
637.20	25.60	27.20	24.10	20.70	0.00
637.30	25.60	27.20	24.90	20.90	0.00
637.40	25.60	27.20	25.30	21.30	0.00
637.50	25.60	27.20	24.90	21.00	0.00
637.60	25.50	27.20	25.30	21.00	0.00
637.70	25.50	27.20	25.30	21.00	0.00
637.80	25.60	27.20	25.30	21.00	0.00
637.90	25.60	27.20	25.30	21.00	0.00
638.00	25.60	27.20	25.50	20.90	0.00
638.10	25.50	27.20	25.50	20.90	0.00
638.20	25.50	27.20	25.00	21.00	0.00
638.30	25.60	27.10	25.00	20.90	0.00
638.40	25.60	27.10	25.20	21.00	0.00
638.50	25.40	27.20	25.30	20.90	0.00
638.60	25.40	27.20	25.20	21.20	0.00
638.70	25.50	27.10	25.00	20.90	0.00
638.80	25.50	27.10	25.00	20.90	0.00
638.90	25.50	27.10	24.70	20.70	0.00
639.00	25.60	27.20	25.00	20.70	0.00
639.10	25.60	27.20	25.00	20.70	0.00
639.20	25.60	27.20	25.00	20.70	0.00
639.30	25.50	27.20	25.20	22.10	0.00
639.40	25.50	27.20	25.20	21.00	0.00
639.50	25.60	27.10	25.00	21.00	0.00
639.60	25.60	27.10	25.00	21.00	0.00
639.70	25.50	27.10	25.20	21.30	0.00
639.80	25.50	27.10	25.20	21.50	0.00
639.90	25.50	27.20	24.60	21.30	0.00
640.00	25.50	27.20	24.90	21.30	0.00
640.10	25.60	27.10	24.70	20.70	0.00
640.20	25.60	27.10	25.20	21.00	0.00
640.30	25.50	27.10	25.20	21.00	0.00
640.40	25.50	27.10	24.90	20.90	0.00
640.50	25.50	27.10	24.90	20.90	0.00
640.60	25.50	27.10	24.90	20.90	0.00
640.70	25.50	27.10	25.20	20.90	0.00
640.80	25.60	27.30	24.90	21.00	0.00
640.90	25.60	27.30	24.90	21.00	0.00
641.00	25.60	27.30	25.00	21.30	0.00
641.10	25.60	27.10	24.60	21.00	0.00
641.20	25.60	27.10	24.60	21.00	0.00
641.30	25.60	27.20	25.00	21.60	0.00
641.40	25.60	27.20	24.70	20.70	0.00
641.50	25.60	27.20	25.20	20.70	0.00
641.60	25.60	27.20	25.00	21.20	0.00
641.70	25.50	27.10	25.00	21.20	0.00
641.80	25.50	27.10	25.30	21.50	0.00
641.90	25.60	27.20	25.30	21.50	0.00
642.00	25.60	27.20	25.30	21.50	0.00
642.10	25.50	27.10	25.00	21.30	0.00
642.20	25.50	27.10	24.90	21.00	0.00
642.30	25.60	27.20	25.00	20.90	0.00
642.40	25.60	27.20	24.60	21.00	0.00
642.50	25.60	27.00	25.00	21.50	0.00
642.60	25.60	27.00	25.00	20.70	0.00
642.70	25.50	27.10	24.70	21.30	0.00
642.80	25.50	27.10	24.40	21.30	0.00
642.90	25.50	27.10	25.00	20.90	0.00
643.00	25.60	27.10	24.70	20.60	0.00
643.10	25.60	27.10	24.70	20.60	0.00
643.20	25.50	27.00	24.70	20.60	0.00
643.30	25.50	27.00	24.90	21.00	0.00
643.40	25.50	27.10	24.90	20.90	0.00
643.50	25.50	27.10	25.00	21.00	0.00
643.60	25.60	27.10	24.40	21.20	0.00
643.70	25.60	27.10	25.00	21.20	0.00
643.80	25.50	27.10	25.30	21.00	0.00
643.90	25.50	27.10	25.00	21.30	0.00
644.00	25.40	27.10	25.00	21.30	0.00
644.10	25.40	27.10	25.00	20.90	0.00
644.20	25.60	27.20	25.90	21.20	0.00
644.30	25.60	27.20	24.70	21.00	0.00
644.40	25.60	27.10	24.70	21.00	0.00
644.50	25.60	27.10	24.70	21.00	0.00
644.60	25.60	27.10	24.70	20.90	0.00
644.70	25.60	27.10	25.20	21.50	0.00
644.80	25.60	27.20	25.00	21.20	0.00
644.90	25.60	27.20	24.90	21.20	0.00
645.00	25.60	27.20	25.20	21.30	0.00
645.10	25.50	27.10	25.00	21.20	0.00
645.20	25.50	27.10	24.90	21.00	0.00
645.30	25.50	27.10	24.90	21.00	0.00
645.40	25.50	27.10	24.70	20.90	0.00
645.50	25.60	27.20	25.30	20.90	0.00
645.60	25.60	27.20	24.90	21.20	0.00
645.70	25.50	27.10	24.90	21.20	0.00
645.80	25.50	27.10	24.90	21.20	0.00
645.90	25.60	27.10	24.70	21.00	0.00
646.00	25.60	27.10	24.60	21.00	0.00
646.10	25.50	27.10	24.70	21.50	0.00
646.20	25.50	27.10	24.70	21.50	0.00
646.30	25.50	27.10	24.70	21.50	0.00
646.40	25.50	27.10	25.00	21.20	0.00
646.50	25.40	27.10	25.00	21.60	0.00
646.60	25.40	27.10	25.20	19.50	0.00
646.70	25.70	27.30	25.60	20.90	0.00
646.80	25.70	27.30	25.60	20.70	0.00
646.90	25.50	27.20	24.70	21.20	0.00
647.00	25.60	27.10	24.70	21.20	0.00
647.10	25.60	27.10	24.70	21.20	0.00
647.20	25.60	27.10	25.00	21.20	0.00
647.30	25.60	27.10	24.90	20.90	0.00
647.40	25.60	27.20	25.30	21.30	0.00
647.50	25.60	27.20	25.00	21.30	0.00
647.60	25.60	27.20	25.20	21.50	0.00
647.70	25.60	27.10	24.90	21.20	0.00
647.80	25.60	27.10	24.90	21.20	0.00
647.90	25.60	27.10	25.20	20.90	0.00
648.00	25.60	27.10	24.70	21.20	0.00
648.10	25.60	27.10	24.90	20.70	0.00
648.20	25.60	27.10	24.90	20.70	0.00
648.30	25.40	27.10	25.00	21.00	0.00
648.40	25.40	27.10	25.00	21.00	0.00
648.50	25.60	27.20	25.20	21.80	0.00
648.60	25.60	27.20	24.70	21.00	0.00
648.70	25.50	27.10	24.70	21.00	0.00
648.80	25.50	27.10	25.00	21.00	0.00
648.90	25.60	27.20	25.00	21.00	0.00
649.00	25.60	27.20	25.20	21.20	0.00
649.10	25.70	27.20	25.50	21.20	0.00
649.20	25.70	27.20	25.50	21.20	0.00
649.30	25.50	27.10	25.30	20.90	0.00
649.40	25.50	27.10	25.30	21.50	0.00
649.50	25.60	27.10	25.60	21.20	0.00
649.60	25.60	27.10	25.20	21.50	0.00
649.70	25.50	27.00	25.20	21.50	0.00
649.80	25.50	27.00	25.20	21.50	0.00
649.90	25.70	27.20	24.30	21.80	0.00
650.00	25.70	27.20	25.20	21.20	0.00
650.10	25.70	27.20	25.20	21.00	0.00
650.20	25.60	27.20	25.20	21.00	0.00
650.30	25.60	27.20	25.00	21.00	0.00
650.40	25.70	27.30	25.00	21.00	0.00
650.50	25.70	27.30	25.00	21.20	0.00
650.60	25.50	27.00	24.60	21.00	0.00
650.70	25.50	27.00	24.60	21.00	0.00
650.80	25.70	27.30	24.60	21.00	0.00
650.90	25.70	27.30	25.00	21.50	0.00
651.00	25.70	27.20	25.00	21.30	0.00
651.10	25.70	27.20	25.20	21.20	0.00
651.20	25.60	27.20	25.20	21.20	0.00
651.30	25.60	27.20	25.20	21.20	0.00
651.40	25.40	27.00	24.70	20.90	0.00
651.50	25.40	27.00	24.70	21.30	0.00
651.60	25.60	27.00	24.70	21.20	0.00
651.70	25.60	27.00	24.70	21.00	0.00
651.80	25.60	27.20	24.70	21.00	0.00
651.90	25.60	27.20	25.00	21.30	0.00
652.00	25.50	27.10	25.00	21.50	0.00
652.10	25.50	27.10	24.70	21.30	0.00
652.20	25.50	27.10	24.90	21.00	0.00
652.30	25.50	27.10	24.70	21.50	0.00
652.40	25.60	27.10	25.20	21.30	0.00
652.50	25.60	27.10	25.20	21.30	0.00
652.60	25.50	27.00	25.20	21.30	0.00
652.70	25.50	27.00	25.20	20.70	0.00
652.80	25.60	27.20	25.20	20.70	0.00
652.90	25.60	27.20	24.90	21.00	0.00
653.00	25.70	27.20	24.70	21.20	0.00
653.10	25.70	27.20	24.90	21.30	0.00
653.20	25.50	27.10	25.00	21.30	0.00
653.30	25.50	27.10	24.60	21.00	0.00
653.40	25.60	27.10	25.00	21.30	0.00
653.50	25.60	27.10	24.90	21.60	0.00
653.60	25.50	27.10	24.70	21.80	0.00
653.70	25.50	27.10	24.70	21.80	0.00
653.80	25.60	27.10	24.90	21.20	0.00
653.90	25.60	27.10	24.90	21.20	0.00
654.00	25.50	27.20	24.70	21.20	0.00
654.10	25.50	27.20	24.70	21.20	0.00
654.20	25.70	27.20	24.70	21.30	0.00
654.30	25.70	27.20	25.20	22.10	0.00
654.40	25.50	27.10	24.40	21.30	0.00
654.50	25.50	27.10	24.70	21.20	0.00
654.60	25.60	27.20	24.70	21.20	0.00
654.70	25.60	27.20	25.00	21.50	0.00
654.80	25.60	27.10	25.00	20.90	0.00
654.90	25.60	27.10	24.70	21.20	0.00
655.00	25.50	27.10	24.70	21.60	0.00
655.10	25.50	27.10	24.70	21.60	0.00
655.20	25.60	27.00	24.60	21.30	0.00
655.30	25.60	27.00	24.60	21.30	0.00
655.40	25.60	27.10	25.00	21.60	0.00
655.50	25.60	27.10	24.90	21.30	0.00
655.60	25.50	27.20	25.20	21.30	0.00
655.70	25.50	27.20	24.70	21.50	0.00
655.80	25.50	27.20	25.30	21.20	0.00
655.90	25.60	27.10	24.90	21.20	0.00
656.00	25.60	27.10	25.00	21.30	0.00
656.10	25.60	27.20	25.00	21.30	0.00
656.20	25.60	27.20	24.70	21.50	0.00
656.30	25.50	27.20	25.00	21.20	0.00
656.40	25.50	27.20	25.00	21.20	0.00
656.50	25.50	27.20	25.00	21.20	0.00
656.60	25.70	27.30	25.00	21.20	0.00
656.70	25.50	27.10	24.40	21.60	0.00
656.80	25.50	27.10	25.20	21.30	0.00
656.90	25.60	27.10	25.00	21.30	0.00
657.00	25.60	27.10	25.00	21.30	0.00
657.10	25.50	27.00	25.00	21.30	0.00
657.20	25.50	27.00	24.90	21.20	0.00
657.30	25.50	27.10	24.90	21.20	0.00
657.40	25.60	27.10	24.60	21.20	0.00
657.50	25.60	27.10	24.90	21.50	0.00
657.60	25.60	27.20	24.70	21.50	0.00
657.70	25.60	27.20	24.90	21.30	0.00
657.80	25.60	27.10	24.90	21.30	0.00
657.90	25.60	27.10	24.90	21.30	0.00
658.00	25.50	27.10	24.70	21.50	0.00
658.10	25.50	27.10	24.40	21.60	0.00
658.20	25.60	27.20	24.90	21.20	0.00
658.30	25.60	27.20	24.90	21.60	0.00
658.40	25.50	27.10	24.90	21.60	0.00
658.50	25.50	27.10	24.90	21.00	0.00
658.60	25.50	27.10	24.90	21.60	0.00
658.70	25.50	27.10	24.90	21.60	0.00
658.80	25.60	27.00	24.70	21.50	0.00
658.90	25.60	27.00	25.20	21.80	0.00
659.00	25.60	27.10	25.00	21.30	0.00
659.10	25.60	27.10	24.70	21.30	0.00
659.20	25.50	27.10	24.70	21.30	0.00
659.30	25.60	27.20	24.90	21.60	0.00
659.40	25.60	27.20	24.90	21.60	0.00
659.50	25.40	27.10	25.20	21.50	0.00
659.60	25.40	27.10	25.20	20.90	0.00
659.70	25.40	27.10	24.70	21.20	0.00
659.80	25.50	27.10	25.20	21.60	0.00
659.90	25.50	27.10	24.40	21.30	0.00
660.00	25.60	27.20	24.40	21.30	0.00
660.10	25.60	27.20	25.20	21.60	0.00
660.20	25.50	27.00	25.00	21.50	0.00
660.30	25.50	27.00	24.70	21.30	0.00
660.40	25.60	27.10	24.40	21.20	0.00
660.50	25.60	27.10	24.40	21.20	0.00
660.60	25.50	27.10	24.40	21.20	0.00
660.70	25.50	27.10	25.00	21.60	0.00
660.80	25.50	27.20	24.90	21.30	0.00
660.90	25.50	27.20	24.90	21.30	0.00
661.00	25.50	27.00	25.20	21.50	0.00
661.10	25.50	27.00	25.20	21.50	0.00
661.20	25.50	27.10	24.60	21.50	0.00
661.30	25.50	27.10	24.60	21.50	0.00
661.40	25.50	27.10	24.60	21.20	0.00
661.50	25.50	27.10	24.40	21.20	0.00
661.60	25.40	27.00	24.60	21.80	0.00
661.70	25.40	27.00	24.90	21.20	0.00
661.80	25.40	27.00	25.20	21.20	0.00
661.90	25.60	27.10	25.20	21.20	0.00
662.00	25.60	27.10	25.20	21.20	0.00
662.10	25.50	27.00	24.60	21.20	0.00
662.20	25.50	27.00	24.90	21.50	0.00
662.30	25.70	27.20	24.90	21.50	0.00
662.40	25.70	27.20	24.60	21.90	0.00
662.50	25.50	27.10	24.90	21.30	0.00
662.60	25.50	27.10	24.90	21.30	0.00
662.70	25.60	27.00	24.90	19.90	0.00
662.80	25.60	27.00	25.00	21.20	0.00
662.90	25.50	27.10	24.70	21.20	0.00
663.00	25.50	27.10	25.00	21.20	0.00
663.10	25.50	26.90	25.00	21.60	0.00
663.20	25.50	26.90	25.00	21.60	0.00
663.30	25.60	27.20	25.00	21.60	0.00
663.40	25.60	27.20	25.00	21.60	0.00
663.50	25.60	27.10	24.40	21.50	0.00
663.60	25.60	27.10	25.00	21.50	0.00
663.70	25.60	27.10	24.90	21.30	0.00
663.80	25.60	27.10	24.70	21.20	0.00
663.90	25.60	27.10	24.60	21.30	0.00
664.00	25.60	27.10	24.70	21.80	0.00
664.10	25.60	27.10	24.70	21.20	0.00
664.20	25.60	27.10	25.20	21.80	0.00
664.30	25.60	27.00	25.20	21.80	0.00
664.40	25.60	27.00	25.20	21.30	0.00
664.50	25.50	27.10	24.40	21.30	0.00
664.60	25.50	27.10	24.40	21.30	0.00
664.70	25.50	27.10	24.40	21.30	0.00
664.80	25.50	27.10	24.40	21.30	0.00
664.90	25.50	27.20	24.70	20.70	0.00
665.00	25.50	27.20	24.70	21.60	0.00
665.10	25.50	27.10	24.60	21.20	0.00
665.20	25.50	27.10	25.30	21.50	0.00
665.30	25.50	27.00	24.90	21.60	0.00
665.40	25.50	27.00	24.90	20.90	0.00
665.50	25.60	27.10	24.60	21.50	0.00
665.60	25.60	27.10	24.60	21.50	0.00
665.70	25.70	27.00	24.70	21.20	0.00
665.80	25.70	27.00	24.70	21.20	0.00
665.90	25.50	27.20	25.00	22.10	0.00
666.00	25.50	27.20	25.00	22.10	0.00
666.10	25.50	27.20	25.00	22.10	0.00
666.20	25.40	27.00	25.90	21.50	0.00
666.30	25.40	27.00	25.20	21.50	0.00
666.40	25.80	27.20	24.40	21.50	0.00
666.50	25.80	27.20	24.90	21.50	0.00
666.60	25.60	27.10	24.70	21.20	0.00
666.70	25.60	27.10	24.70	21.30	0.00
666.80	25.60	27.10	24.90	21.60	0.00
666.90	25.50	26.90	24.90	21.60	0.00
667.00	25.50	26.90	24.90	22.30	0.00
667.10	25.50	27.00	23.20	21.80	0.00
667.20	25.50	27.00	24.90	21.90	0.00
667.30	25.60	27.10	24.90	21.90	0.00
667.40	25.60	27.10	24.30	21.80	0.00
667.50	25.60	27.10	24.30	21.80	0.00
667.60	25.60	27.10	24.60	22.30	0.00
667.70	25.60	27.10	24.30	21.60	0.00
667.80	25.60	27.10	24.40	21.60	0.00
667.90	25.50	27.00	24.70	21.60	0.00
668.00	25.50	27.00	24.70	21.20	0.00
668.10	25.60	27.00	24.70	21.90	0.00
668.20	25.60	27.00	24.70	21.90	0.00
668.30	25.60	27.00	24.90	21.20	0.00
668.40	25.50	26.90	24.60	22.30	0.00
668.50	25.50	26.90	24.90	21.80	0.00
668.60	25.60	27.00	24.90	21.80	0.00
668.70	25.60	27.10	24.90	21.80	0.00
668.80	25.60	27.10	24.70	21.20	0.00
668.90	25.60	27.10	25.20	19.60	0.00
669.00	25.60	27.10	24.60	21.60	0.00
669.10	25.60	27.00	24.60	21.60	0.00
669.20	25.60	27.00	23.00	21.80	0.00
669.30	25.60	27.10	24.30	21.60	0.00
669.40	25.60	27.10	24.90	21.60	0.00
669.50	25.80	27.30	24.90	21.60	0.00
669.60	25.80	27.30	24.30	21.50	0.00
669.70	25.60	27.00	24.60	21.30	0.00
669.80	25.60	27.00	24.70	21.50	0.00
669.90	25.50	27.00	24.70	21.50	0.00
670.00	25.50	27.20	24.70	21.60	0.00
670.10	25.50	27.20	24.70	21.60	0.00
670.20	25.60	27.10	24.60	21.50	0.00
670.30	25.60	27.10	24.90	21.20	0.00
670.40	25.50	27.00	25.20	21.50	0.00
670.50	25.50	27.00	25.20	21.50	0.00
670.60	25.50	27.00	24.60	21.80	0.00
670.70	25.50	27.00	25.00	21.80	0.00
670.80	25.60	27.00	25.20	21.30	0.00
670.90	25.60	27.00	25.20	21.30	0.00
671.00	25.60	27.10	24.60	21.50	0.00
671.10	25.60	27.10	24.70	21.50	0.00
671.20	25.60	27.10	24.60	21.80	0.00
671.30	25.60	27.10	24.60	21.80	0.00
671.40	25.50	27.10	24.60	21.80	0.00
671.50	25.50	27.10	24.40	21.60	0.00
671.60	25.70	27.10	24.70	21.60	0.00
671.70	25.70	27.10	24.70	21.50	0.00
671.80	25.60	27.10	24.70	21.50	0.00
671.90	25.60	27.00	24.70	21.30	0.00
672.00	25.60	27.00	24.30	21.30	0.00
672.10	25.60	27.10	24.60	21.80	0.00
672.20	25.60	27.10	24.90	21.90	0.00
672.30	25.40	27.00	24.90	21.90	0.00
672.40	25.40	27.00	24.40	21.60	0.00
672.50	25.50	27.00	24.70	21.90	0.00
672.60	25.50	27.00	24.60	21.30	0.00
672.70	25.60	27.00	24.60	21.30	0.00
672.80	25.60	27.00	24.40	21.60	0.00
672.90	25.40	27.00	24.70	22.40	0.00
673.00	25.40	27.00	24.70	22.40	0.00
673.10	25.60	27.10	24.90	21.80	0.00
673.20	25.60	27.10	24.40	21.60	0.00
673.30	25.60	27.10	25.20	21.30	0.00
673.40	25.60	27.10	24.40	21.50	0.00
673.50	25.60	27.10	24.90	22.90	0.00
673.60	25.60	27.10	24.40	21.60	0.00
673.70	25.60	27.10	24.40	21.60	0.00
673.80	25.60	27.10	24.90	21.80	0.00
673.90	25.60	27.10	24.60	21.90	0.00
674.00	25.60	27.10	24.60	21.90	0.00
674.10	25.60	27.10	24.60	21.90	0.00
674.20	25.60	27.10	24.70	21.20	0.00
674.30	25.60	27.10	24.70	21.90	0.00
674.40	25.60	27.00	24.70	21.60	0.00
674.50	25.60	27.00	25.00	21.50	0.00
674.60	25.60	27.00	24.70	21.60	0.00
674.70	25.60	27.00	24.70	21.50	0.00
674.80	25.70	27.10	24.60	21.30	0.00
674.90	25.70	27.10	24.60	21.30	0.00
675.00	25.60	27.10	24.40	21.60	0.00
675.10	25.60	27.10	24.40	21.60	0.00
675.20	25.50	27.00	24.70	21.60	0.00
675.30	25.50	27.00	24.70	21.60	0.00
675.40	25.70	27.10	24.70	21.60	0.00
675.50	25.70	27.10	24.70	21.60	0.00
675.60	25.60	27.00	24.90	21.90	0.00
675.70	25.60	27.00	24.90	21.60	0.00
675.80	25.60	27.00	24.90	21.50	0.00
675.90	25.60	27.00	24.40	21.50	0.00
676.00	25.60	27.10	24.40	21.50	0.00
676.10	25.60	27.10	24.70	22.30	0.00
676.20	25.70	27.10	24.60	21.60	0.00
676.30	25.70	27.10	24.60	21.80	0.00
676.40	25.50	27.00	24.60	22.10	0.00
676.50	25.50	27.00	24.60	22.10	0.00
676.60	25.50	27.10	24.60	22.30	0.00
676.70	25.50	27.10	24.60	21.60	0.00
676.80	25.60	27.10	24.60	21.60	0.00
676.90	25.60	27.10	24.60	21.60	0.00
677.00	25.60	26.90	24.60	21.60	0.00
677.10	25.60	26.90	24.60	21.50	0.00
677.20	25.50	27.00	24.40	21.50	0.00
677.30	25.50	27.00	24.60	20.40	0.00
677.40	25.60	27.00	24.60	21.30	0.00
677.50	25.60	27.00	25.00	21.50	0.00
677.60	25.60	27.10	24.40	21.30	0.00
677.70	25.60	27.10	24.40	21.30	0.00
677.80	25.60	27.10	24.60	22.10	0.00
677.90	25.60	27.10	24.60	21.50	0.00
678.00	25.60	27.10	24.70	21.90	0.00
678.10	25.60	27.10	24.70	21.90	0.00
678.20	25.60	27.00	24.70	22.60	0.00
678.30	25.60	27.00	24.40	21.30	0.00
678.40	25.50	27.00	24.40	21.30	0.00
678.50	25.50	27.00	24.90	21.60	0.00
678.60	25.60	27.10	24.60	21.80	0.00
678.70	25.60	27.10	24.40	22.10	0.00
678.80	25.50	27.00	24.40	22.10	0.00
678.90	25.50	27.00	24.90	21.60	0.00
679.00	25.60	27.10	24.90	21.50	0.00
679.10	25.60	27.10	24.40	21.80	0.00
679.20	25.50	27.00	24.40	21.80	0.00
679.30	25.60	27.00	24.40	21.50	0.00
679.40	25.60	27.00	24.40	21.50	0.00
679.50	25.60	27.00	24.90	20.60	0.00
679.60	25.70	27.10	24.70	22.30	0.00
679.70	25.60	27.00	24.70	22.30	0.00
679.80	25.60	27.00	24.90	21.60	0.00
679.90	25.60	27.00	24.90	21.60	0.00
680.00	25.60	27.10	24.60	21.50	0.00
680.10	25.60	27.10	24.90	21.60	0.00
680.20	25.60	27.00	24.90	21.60	0.00
680.30	25.60	27.00	24.90	21.90	0.00
680.40	25.60	27.00	24.60	21.60	0.00
680.50	25.60	27.00	24.60	21.90	0.00
680.60	25.50	27.00	24.70	21.90	0.00
680.70	25.50	27.00	24.70	21.90	0.00
680.80	25.70	27.10	24.40	21.80	0.00
680.90	25.70	27.10	24.40	21.80	0.00
681.00	25.60	27.00	24.90	21.60	0.00
681.10	25.60	27.00	24.40	21.90	0.00
681.20	25.60	27.00	24.40	21.50	0.00
681.30	25.60	27.00	24.60	21.90	0.00
681.40	25.60	27.10	24.70	22.30	0.00
681.50	25.60	27.10	24.70	22.30	0.00
681.60	25.70	27.00	24.40	21.80	0.00
681.70	25.70	27.00	24.70	22.30	0.00
681.80	25.60	27.00	24.70	22.30	0.00
681.90	25.60	27.00	24.30	21.80	0.00
682.00	25.60	27.20	24.90	21.60	0.00
682.10	25.60	27.20	24.90	21.60	0.00
682.20	25.40	26.90	24.70	20.90	0.00
682.30	25.50	27.10	24.70	21.50	0.00
682.40	25.50	27.10	24.40	21.80	0.00
682.50	25.70	27.10	24.40	22.10	0.00
682.60	25.70	27.10	24.40	22.10	0.00
682.70	25.60	27.00	24.40	21.50	0.00
682.80	25.60	27.00	24.40	21.50	0.00
682.90	25.50	27.00	24.40	21.60	0.00
683.00	25.50	27.00	24.70	22.10	0.00
683.10	25.50	27.00	24.40	22.10	0.00
683.20	25.50	27.00	24.60	21.80	0.00
683.30	25.50	26.90	24.40	21.80	0.00
683.40	25.50	26.90	24.40	21.80	0.00
683.50	25.70	27.10	24.40	21.80	0.00
683.60	25.70	27.10	24.40	21.80	0.00
683.70	25.60	26.90	24.60	21.80	0.00
683.80	25.60	26.90	24.40	21.30	0.00
683.90	25.50	27.00	24.70	21.90	0.00
684.00	25.50	27.00	24.60	21.80	0.00
684.10	25.50	27.00	24.40	22.30	0.00
684.20	25.50	27.00	24.40	22.30	0.00
684.30	25.50	27.00	24.40	21.80	0.00
684.40	25.50	27.00	25.00	21.60	0.00
684.50	25.60	27.00	24.60	21.90	0.00
684.60	25.60	27.00	24.70	21.50	0.00
684.70	25.50	26.90	24.40	21.80	0.00
684.80	25.50	26.90	24.40	21.80	0.00
684.90	25.60	26.90	24.60	22.10	0.00
685.00	25.60	26.90	24.70	21.60	0.00
685.10	25.70	27.10	24.40	21.50	0.00
685.20	25.70	27.10	24.40	21.90	0.00
685.30	25.70	27.00	24.40	21.90	0.00
685.40	25.70	27.00	24.90	21.90	0.00
685.50	25.70	27.10	24.70	22.30	0.00
685.60	25.70	27.10	24.40	22.10	0.00
685.70	25.70	27.10	24.40	21.90	0.00
685.80	25.60	27.00	24.30	21.90	0.00
685.90	25.60	27.00	24.70	21.90	0.00
686.00	25.50	26.90	24.70	21.90	0.00
686.10	25.50	26.90	24.30	22.10	0.00
686.20	25.50	27.10	24.70	21.50	0.00
686.30	25.50	27.10	24.70	22.70	0.00
686.40	25.50	27.00	24.70	22.70	0.00
686.50	25.50	27.00	24.40	22.10	0.00
686.60	25.70	27.00	24.60	21.60	0.00
686.70	25.70	27.00	24.90	21.50	0.00
686.80	25.60	27.00	24.40	21.80	0.00
686.90	25.60	27.00	24.40	21.80	0.00
687.00	25.60	27.00	24.70	21.80	0.00
687.10	25.60	27.00	24.40	22.10	0.00
687.20	25.50	27.00	24.30	21.60	0.00
687.30	25.50	27.00	24.30	21.60	0.00
687.40	25.70	27.00	24.30	21.60	0.00
687.50	25.70	27.00	24.30	22.30	0.00
687.60	25.50	26.90	24.70	21.80	0.00
687.70	25.50	26.90	24.60	21.90	0.00
687.80	25.60	27.10	24.90	22.30	0.00
687.90	25.60	27.10	24.30	21.90	0.00
688.00	25.70	27.00	23.50	22.10	0.00
688.10	25.70	27.00	24.70	22.10	0.00
688.20	25.50	27.10	24.70	22.10	0.00
688.30	25.50	27.10	24.60	21.90	0.00
688.40	25.50	27.10	24.90	21.90	0.00
688.50	25.50	27.00	24.90	21.90	0.00
688.60	25.50	27.00	24.90	21.90	0.00
688.70	25.60	26.90	24.40	21.60	0.00
688.80	25.60	26.90	24.30	22.30	0.00
688.90	25.60	27.00	24.30	21.60	0.00
689.00	25.60	27.00	24.40	21.30	0.00
689.10	25.50	26.90	24.70	21.60	0.00
689.20	25.50	26.90	24.70	21.60	0.00
689.30	25.60	26.90	24.70	21.60	0.00
689.40	25.60	26.90	24.60	22.10	0.00
689.50	25.60	26.90	24.60	22.10	0.00
689.60	25.70	27.00	24.40	21.80	0.00
689.70	25.70	27.00	24.60	21.80	0.00
689.80	25.50	26.90	24.60	21.50	0.00
689.90	25.50	26.90	24.60	21.50	0.00
690.00	25.60	26.90	24.40	21.90	0.00
690.10	25.60	27.10	24.40	21.90	0.00
690.20	25.60	27.10	24.70	21.90	0.00
690.30	25.50	26.90	24.60	21.80	0.00
690.40	25.50	26.90	24.60	21.80	0.00
690.50	25.50	26.90	24.10	21.60	0.00
690.60	25.50	26.90	24.30	21.90	0.00
690.70	25.60	27.00	24.30	21.80	0.00
690.80	25.60	27.00	24.30	21.90	0.00
690.90	25.60	27.10	24.40	21.80	0.00
691.00	25.60	27.10	24.40	21.80	0.00
691.10	25.60	26.90	24.60	21.60	0.00
691.20	25.60	26.90	24.30	21.80	0.00
691.30	25.70	27.00	24.30	21.80	0.00
691.40	25.70	27.00	24.70	21.90	0.00
691.50	25.50	27.00	24.30	21.90	0.00
691.60	25.50	27.00	24.30	21.90	0.00
691.70	25.60	27.10	23.20	21.90	0.00
691.80	25.60	27.00	24.60	22.10	0.00
691.90	25.60	27.00	24.70	22.30	0.00
692.00	25.60	27.00	24.60	22.40	0.00
692.10	25.60	27.00	23.80	22.30	0.00
692.20	25.60	27.00	24.30	21.80	0.00
692.30	25.60	27.00	24.30	21.80	0.00
692.40	25.60	27.00	24.10	21.90	0.00
692.50	25.60	27.00	24.40	22.30	0.00
692.60	25.60	27.00	24.40	22.30	0.00
692.70	25.50	26.90	24.40	22.30	0.00
692.80	25.50	26.90	24.40	22.30	0.00
692.90	25.70	27.00	24.40	22.10	0.00
693.00	25.70	27.00	24.90	21.90	0.00
693.10	25.70	27.00	24.90	21.90	0.00
693.20	25.70	27.00	23.80	21.80	0.00
693.30	25.50	27.00	24.70	21.90	0.00
693.40	25.50	27.00	24.70	21.90	0.00
693.50	25.50	27.00	24.60	21.90	0.00
693.60	25.50	27.00	24.30	21.60	0.00
693.70	25.50	27.00	24.30	21.60	0.00
693.80	25.60	27.00	24.70	21.80	0.00
693.90	25.60	27.00	25.00	21.90	0.00
694.00	25.60	27.00	25.30	21.80	0.00
694.10	25.60	27.00	25.30	21.80	0.00
694.20	25.60	27.00	24.90	21.80	0.00
694.30	25.60	27.00	24.90	21.80	0.00
694.40	25.60	27.00	24.40	21.90	0.00
694.50	25.60	27.00	25.60	21.80	0.00
694.60	25.80	27.00	24.70	21.90	0.00
694.70	25.80	27.00	24.70	21.90	0.00
694.80	25.60	26.90	24.90	21.90	0.00
694.90	25.60	26.90	24.60	22.10	0.00
695.00	25.70	27.10	24.60	22.10	0.00
695.10	25.70	27.10	24.90	22.10	0.00
695.20	25.70	27.10	24.70	21.90	0.00
695.30	25.70	27.10	25.00	21.90	0.00
695.40	25.50	26.80	24.70	22.10	0.00
695.50	25.50	26.80	24.70	22.10	0.00
695.60	25.60	27.00	24.70	22.10	0.00
695.70	25.60	27.00	24.30	21.90	0.00
695.80	25.60	26.90	24.30	21.90	0.00
695.90	25.60	26.90	24.60	22.30	0.00
696.00	25.50	26.90	24.60	22.30	0.00
696.10	25.60	27.00	24.60	21.90	0.00
696.20	25.60	27.00	24.70	22.30	0.00
696.30	25.40	26.90	24.60	22.10	0.00
696.40	25.40	26.90	24.60	22.10	0.00
696.50	25.50	26.90	24.90	21.80	0.00
696.60	25.50	26.90	24.40	21.90	0.00
696.70	25.60	26.90	24.40	22.30	0.00
696.80	25.60	26.90	24.40	21.90	0.00
696.90	25.50	27.00	24.40	21.90	0.00
697.00	25.50	27.00	24.40	21.90	0.00
697.10	25.70	26.90	24.60	21.90	0.00
697.20	25.70	26.90	24.70	22.60	0.00
697.30	25.70	27.10	24.40	21.90	0.00
697.40	25.70	27.10	24.70	22.10	0.00
697.50	25.60	26.90	24.30	21.60	0.00
697.60	25.60	26.90	24.30	21.60	0.00
697.70	25.60	27.00	24.60	21.60	0.00
697.80	25.60	27.00	24.40	22.40	0.00
697.90	25.50	26.90	24.60	22.60	0.00
698.00	25.50	26.90	24.60	22.60	0.00
698.10	25.40	27.00	24.60	22.40	0.00
698.20	25.40	27.00	24.70	22.30	0.00
698.30	25.70	27.00	24.70	22.30	0.00
698.40	25.70	27.00	24.70	22.30	0.00
698.50	25.60	27.00	24.40	21.90	0.00
698.60	25.60	26.90	24.40	22.30	0.00
698.70	25.60	26.90	24.60	22.10	0.00
698.80	25.50	26.90	24.40	21.60	0.00
698.90	25.50	26.90	24.40	22.30	0.00
699.00	25.50	27.10	24.30	22.60	0.00
699.10	25.50	27.10	24.60	22.10	0.00
699.20	25.40	26.80	24.40	22.10	0.00
699.30	25.40	26.80	24.30	22.30	0.00
699.40	25.60	26.90	24.30	22.30	0.00
699.50	25.60	26.90	24.30	22.30	0.00
699.60	25.70	27.00	24.30	22.30	0.00
699.70	25.60	26.90	24.10	22.30	0.00
699.80	25.60	26.90	24.10	22.30	0.00
699.90	25.50	26.90	24.40	22.30	0.00
700.00	25.50	26.90	24.30	22.30	0.00
700.10	25.60	26.90	24.40	21.80	0.00
700.20	25.60	26.90	25.20	21.60	0.00
700.30	25.60	27.00	25.20	21.60	0.00
700.40	25.60	27.00	24.30	22.10	0.00
700.50	25.60	27.00	24.30	21.90	0.00
700.60	25.60	26.90	24.70	22.10	0.00
700.70	25.60	26.90	24.70	22.10	0.00
700.80	25.50	27.00	24.40	22.10	0.00
700.90	25.50	27.00	24.30	22.30	0.00
701.00	25.50	26.90	24.30	22.30	0.00
701.10	25.50	26.90	24.30	22.30	0.00
701.20	25.70	27.00	24.10	21.90	0.00
701.30	25.70	27.00	24.10	21.90	0.00
701.40	25.60	26.90	24.40	22.30	0.00
701.50	25.60	26.90	24.40	22.30	0.00
701.60	25.60	27.00	24.30	21.90	0.00
701.70	25.60	27.00	24.30	22.60	0.00
701.80	25.60	27.00	24.70	22.30	0.00
701.90	25.60	26.90	24.90	22.40	0.00
702.00	25.60	26.90	24.40	22.40	0.00
702.10	25.60	27.00	24.40	22.40	0.00
702.20	25.60	27.00	24.90	22.40	0.00
702.30	25.60	27.00	24.40	22.30	0.00
702.40	25.60	27.00	24.40	22.30	0.00
702.50	25.60	27.00	24.70	20.90	0.00
702.60	25.60	27.00	24.40	21.80	0.00
702.70	25.60	27.00	24.40	22.40	0.00
702.80	25.50	26.90	24.40	22.40	0.00
702.90	25.50	26.90	24.40	22.40	0.00
703.00	25.60	26.90	24.10	21.80	0.00
703.10	25.60	26.90	24.60	22.10	0.00
703.20	25.70	26.90	24.60	22.10	0.00
703.30	25.70	26.90	24.30	22.40	0.00
703.40	25.50	27.00	24.40	22.60	0.00
703.50	25.50	27.00	24.40	21.90	0.00
703.60	25.50	27.00	24.30	22.30	0.00
703.70	25.50	27.00	24.30	22.30	0.00
703.80	25.70	27.10	24.30	22.30	0.00
703.90	25.70	27.10	24.60	22.10	0.00
704.00	25.70	27.10	24.60	22.40	0.00
704.10	25.70	27.10	24.30	22.30	0.00
704.20	25.60	26.90	24.30	22.30	0.00
704.30	25.60	26.90	24.30	22.40	0.00
704.40	25.60	26.90	24.40	22.60	0.00
704.50	25.60	26.90	24.90	21.90	0.00
704.60	25.70	27.00	24.40	21.90	0.00
704.70	25.70	27.00	24.60	22.60	0.00
704.80	25.50	26.80	24.60	22.60	0.00
704.90	25.50	26.80	24.60	21.90	0.00
705.00	25.60	27.00	24.40	22.30	0.00
705.10	25.60	27.00	24.40	22.30	0.00
705.20	25.60	27.00	24.30	21.90	0.00
705.30	25.60	27.00	24.60	22.70	0.00
705.40	25.60	27.00	24.60	22.70	0.00
705.50	25.50	26.90	24.70	21.90	0.00
705.60	25.50	26.90	24.60	22.10	0.00
705.70	25.60	27.10	24.40	22.30	0.00
705.80	25.60	27.10	24.40	23.50	0.00
705.90	25.60	27.00	24.40	22.10	0.00
706.00	25.60	27.00	24.40	21.80	0.00
706.10	25.50	27.00	24.60	22.10	0.00
706.20	25.50	27.00	24.60	21.90	0.00
706.30	25.70	27.00	24.60	21.90	0.00
706.40	25.70	27.00	24.60	21.90	0.00
706.50	25.60	26.90	24.70	22.30	0.00
706.60	25.60	26.90	24.10	22.70	0.00
706.70	25.60	26.90	24.10	22.70	0.00
706.80	25.60	27.00	24.70	22.40	0.00
706.90	25.60	27.00	24.40	22.40	0.00
707.00	25.60	26.90	24.40	22.60	0.00
707.10	25.60	26.90	24.70	22.10	0.00
707.20	25.50	26.90	24.30	22.10	0.00
707.30	25.50	26.90	24.40	22.30	0.00
707.40	25.60	26.90	24.40	22.30	0.00
707.50	25.60	26.90	24.40	22.10	0.00
707.60	25.60	27.00	24.40	21.90	0.00
707.70	25.60	27.00	24.40	21.90	0.00
707.80	25.60	26.90	24.40	21.90	0.00
707.90	25.60	26.90	24.60	22.10	0.00
708.00	25.50	27.00	24.60	22.10	0.00
708.10	25.50	27.00	24.30	22.40	0.00
708.20	25.50	26.90	24.10	22.30	0.00
708.30	25.50	26.90	24.10	22.30	0.00
708.40	25.60	26.90	24.60	22.10	0.00
708.50	25.60	26.80	24.30	22.10	0.00
708.60	25.60	26.80	24.60	22.60	0.00
708.70	25.60	26.90	24.30	22.40	0.00
708.80	25.60	26.90	24.30	22.30	0.00
708.90	25.60	26.90	24.30	22.30	0.00
709.00	25.60	26.90	24.60	22.10	0.00
709.10	25.60	26.90	24.60	22.10	0.00
709.20	25.70	26.90	24.70	22.70	0.00
709.30	25.70	26.90	24.70	22.70	0.00
709.40	25.70	27.10	24.40	22.10	0.00
709.50	25.70	27.10	24.30	21.90	0.00
709.60	25.70	27.00	24.60	22.30	0.00
709.70	25.70	27.00	24.40	21.90	0.00
709.80	25.60	27.00	24.40	22.60	0.00
709.90	25.60	27.00	24.60	21.90	0.00
710.00	25.60	27.00	24.30	22.40	0.00
710.10	25.60	27.00	24.30	22.40	0.00
710.20	25.60	27.00	24.30	21.90	0.00
710.30	25.70	27.00	24.40	22.40	0.00
710.40	25.70	27.00	24.40	22.40	0.00
710.50	25.60	27.00	24.40	22.40	0.00
710.60	25.60	27.00	24.40	22.40	0.00
710.70	25.50	26.90	24.40	22.40	0.00
710.80	25.50	26.90	24.30	21.80	0.00
710.90	25.60	27.00	24.30	21.80	0.00
711.00	25.60	27.00	24.30	22.30	0.00
711.10	25.50	26.90	24.40	22.10	0.00
711.20	25.50	26.90	24.60	22.60	0.00
711.30	25.60	26.90	24.30	22.40	0.00
711.40	25.60	26.90	24.70	22.60	0.00
711.50	25.60	26.90	24.70	22.60	0.00
711.60	25.50	26.90	24.10	21.80	0.00
711.70	25.50	26.90	24.30	21.90	0.00
711.80	25.70	26.90	24.30	21.90	0.00
711.90	25.70	26.90	24.30	22.60	0.00
712.00	25.60	26.90	24.60	22.10	0.00
712.10	25.60	26.90	24.60	22.10	0.00
712.20	25.60	26.90	24.30	22.30	0.00
712.30	25.60	26.90	24.70	22.30	0.00
712.40	25.40	26.80	24.60	22.60	0.00
712.50	25.40	26.80	24.60	22.70	0.00
712.60	25.70	27.00	24.60	22.70	0.00
712.70	25.70	27.00	24.60	22.30	0.00
712.80	25.70	26.90	24.30	22.30	0.00
712.90	25.70	26.90	24.70	21.80	0.00
713.00	25.60	26.90	24.90	22.60	0.00
713.10	25.60	26.90	24.90	22.60	0.00
713.20	25.60	27.00	24.30	22.40	0.00
713.30	25.60	27.00	24.40	22.40	0.00
713.40	25.50	27.00	24.30	22.40	0.00
713.50	25.50	27.00	24.30	22.40	0.00
713.60	25.50	26.80	24.60	22.10	0.00
713.70	25.50	26.80	24.60	22.10	0.00
713.80	25.60	27.00	24.40	22.30	0.00
713.90	25.60	27.00	24.40	22.40	0.00
714.00	25.60	26.90	24.40	22.10	0.00
714.10	25.60	26.90	24.10	22.40	0.00
714.20	25.50	26.80	23.90	22.10	0.00
714.30	25.50	26.80	23.90	22.10	0.00
714.40	25.50	26.80	23.90	22.10	0.00
714.50	25.50	26.80	24.60	22.40	0.00
714.60	25.50	26.80	24.40	22.40	0.00
714.70	25.50	26.90	24.10	22.10	0.00
714.80	25.50	26.90	24.70	22.40	0.00
714.90	25.50	27.00	24.70	22.40	0.00
715.00	25.50	27.00	24.30	22.60	0.00
715.10	25.50	26.90	24.60	22.40	0.00
715.20	25.50	26.90	24.70	22.40	0.00
715.30	25.60	26.80	24.70	22.40	0.00
715.40	25.60	26.80	24.40	22.30	0.00
715.50	25.60	26.90	24.70	22.40	0.00
715.60	25.60	26.90	24.70	22.40	0.00
715.70	25.60	26.90	24.70	22.40	0.00
715.80	25.60	26.90	24.70	22.40	0.00
715.90	25.60	26.90	24.60	22.70	0.00
716.00	25.60	26.90	24.60	22.60	0.00
716.10	25.60	26.80	23.90	22.30	0.00
716.20	25.60	26.80	23.90	22.30	0.00
716.30	25.60	26.90	24.60	22.40	0.00
716.40	25.60	26.90	22.60	22.40	0.00
716.50	25.60	26.90	24.60	22.70	0.00
716.60	25.60	26.90	24.30	22.60	0.00
716.70	25.70	26.90	24.30	22.40	0.00
716.80	25.70	26.90	24.40	22.30	0.00
716.90	25.50	26.90	24.30	22.40	0.00
717.00	25.50	26.90	24.30	22.40	0.00
717.10	25.70	27.00	24.30	22.40	0.00
717.20	25.70	27.00	24.60	22.30	0.00
717.30	25.50	26.80	24.60	22.70	0.00
717.40	25.50	26.80	24.10	22.30	0.00
717.50	25.70	26.90	24.60	22.70	0.00
717.60	25.70	26.90	24.60	22.70	0.00
717.70	25.60	26.90	23.90	22.30	0.00
717.80	25.60	26.90	24.40	22.40	0.00
717.90	25.50	26.90	24.30	22.10	0.00
718.00	25.50	26.90	24.10	22.70	0.00
718.10	25.60	26.90	24.30	22.10	0.00
718.20	25.60	26.90	24.30	22.10	0.00
718.30	25.70	26.80	24.30	22.30	0.00
718.40	25.70	26.80	24.30	22.30	0.00
718.50	25.50	26.90	24.30	22.40	0.00
718.60	25.50	26.90	24.30	22.40	0.00
718.70	25.60	26.90	24.40	22.30	0.00
718.80	25.60	26.90	24.30	22.40	0.00
718.90	25.50	26.90	24.40	23.50	0.00
719.00	25.50	26.90	24.30	22.40	0.00
719.10	25.60	26.90	24.70	22.40	0.00
719.20	25.60	26.90	24.30	22.30	0.00
719.30	25.70	27.00	24.30	22.30	0.00
719.40	25.70	27.00	24.30	22.30	0.00
719.50	25.60	27.00	23.90	22.90	0.00
719.60	25.60	27.00	23.90	22.90	0.00
719.70	25.50	26.80	24.70	22.60	0.00
719.80	25.50	26.80	24.70	22.60	0.00
719.90	25.60	26.90	24.40	22.70	0.00
720.00	25.60	26.90	24.40	21.50	0.00
720.10	25.60	27.00	24.30	22.90	0.00
720.20	25.60	27.00	24.30	22.90	0.00
720.30	25.50	26.80	24.40	22.30	0.00
720.40	25.50	26.80	24.30	22.30	0.00
720.50	25.70	26.90	24.30	22.30	0.00
720.60	25.70	26.90	24.10	22.70	0.00
720.70	25.60	26.80	24.10	22.70	0.00
720.80	25.60	26.80	23.80	22.60	0.00
720.90	25.60	26.80	24.30	22.60	0.00
721.00	25.50	26.90	24.30	22.40	0.00
721.10	25.50	26.90	24.30	22.40	0.00
721.20	25.50	26.80	24.30	22.40	0.00
721.30	25.50	26.80	24.30	22.60	0.00
721.40	25.60	26.80	24.10	22.30	0.00
721.50	25.50	26.80	24.10	22.30	0.00
721.60	25.50	26.80	24.10	22.60	0.00
721.70	25.60	26.90	24.10	22.60	0.00
721.80	25.60	26.90	24.30	22.40	0.00
721.90	25.60	26.90	24.30	22.30	0.00
722.00	25.60	27.00	24.30	22.30	0.00
722.10	25.60	27.00	24.40	22.70	0.00
722.20	25.70	26.90	24.10	22.40	0.00
722.30	25.70	26.90	24.60	23.00	0.00
722.40	25.60	26.90	24.10	22.40	0.00
722.50	25.60	26.90	24.10	22.40	0.00
722.60	25.60	27.00	24.10	22.40	0.00
722.70	25.60	27.00	24.30	22.90	0.00
722.80	25.50	26.90	24.30	22.10	0.00
722.90	25.50	26.90	24.40	22.40	0.00
723.00	25.60	26.70	24.40	22.40	0.00
723.10	25.60	26.70	24.10	22.30	0.00
723.20	25.50	26.80	24.60	21.80	0.00
723.30	25.50	26.80	24.60	21.80	0.00
723.40	25.50	26.80	24.30	22.10	0.00
723.50	25.50	26.80	24.30	22.60	0.00
723.60	25.60	27.00	24.60	22.70	0.00
723.70	25.60	27.00	24.30	22.30	0.00
723.80	25.60	26.80	24.30	22.40	0.00
723.90	25.60	26.80	24.30	22.40	0.00
724.00	25.60	26.90	24.30	22.70	0.00
724.10	25.60	26.90	24.10	21.90	0.00
724.20	25.60	26.90	24.10	21.90	0.00
724.30	25.60	26.90	24.10	22.40	0.00
724.40	25.60	26.90	24.40	22.60	0.00
724.50	25.70	26.80	24.40	22.60	0.00
724.60	25.60	26.80	24.60	22.60	0.00
724.70	25.60	26.80	23.90	22.40	0.00
724.80	25.60	26.90	24.60	22.70	0.00
724.90	25.60	26.90	24.10	22.60	0.00
725.00	25.60	27.00	24.10	22.30	0.00
725.10	25.60	27.00	24.10	22.30	0.00
725.20	25.60	26.80	24.10	22.30	0.00
725.30	25.60	26.80	24.10	22.30	0.00
725.40	25.50	26.90	24.10	22.60	0.00
725.50	25.50	26.90	24.10	21.90	0.00
725.60	25.70	26.90	24.60	22.60	0.00
725.70	25.70	26.90	24.60	22.60	0.00
725.80	25.70	26.90	24.10	22.30	0.00
725.90	25.60	26.90	24.30	22.10	0.00
726.00	25.60	26.90	24.30	22.30	0.00
726.10	25.50	26.90	24.30	22.30	0.00
726.20	25.60	26.80	24.30	22.60	0.00
726.30	25.60	26.80	24.30	22.40	0.00
726.40	25.60	26.80	24.30	22.40	0.00
726.50	25.70	26.90	24.30	22.90	0.00
726.60	25.70	26.90	24.30	22.90	0.00
726.70	25.40	26.80	24.30	22.90	0.00
726.80	25.40	26.80	24.30	22.60	0.00
726.90	25.60	26.90	24.30	22.40	0.00
727.00	25.60	26.90	24.30	22.40	0.00
727.10	25.50	26.80	24.40	22.70	0.00
727.20	25.50	26.80	24.10	22.40	0.00
727.30	25.60	26.90	24.30	22.40	0.00
727.40	25.60	26.90	24.30	22.10	0.00
727.50	25.60	26.90	23.90	22.70	0.00
727.60	25.60	26.90	24.30	22.60	0.00
727.70	25.60	26.90	24.40	22.40	0.00
727.80	25.60	26.90	24.40	22.40	0.00
727.90	25.40	26.80	24.60	22.60	0.00
728.00	25.40	26.80	24.60	22.60	0.00
728.10	25.60	26.80	24.60	22.60	0.00
728.20	25.60	26.80	24.40	22.40	0.00
728.30	25.60	26.80	24.60	22.30	0.00
728.40	25.60	26.80	24.60	22.30	0.00
728.50	25.50	26.90	24.30	22.40	0.00
728.60	25.50	26.90	24.40	22.30	0.00
728.70	25.50	26.80	24.30	22.30	0.00
728.80	25.50	26.80	24.30	23.30	0.00
728.90	25.50	26.80	24.40	22.60	0.00
729.00	25.50	26.80	24.30	22.40	0.00
729.10	25.50	26.80	24.30	22.40	0.00
729.20	25.50	26.80	24.30	22.60	0.00
729.30	25.60	26.90	24.30	22.70	0.00
729.40	25.60	26.90	24.30	22.70	0.00
729.50	25.60	26.90	24.30	22.70	0.00
729.60	25.50	26.80	24.10	22.40	0.00
729.70	25.50	26.90	24.30	22.90	0.00
729.80	25.50	26.90	24.40	22.60	0.00
729.90	25.50	26.80	24.40	22.70	0.00
730.00	25.50	26.80	24.30	22.70	0.00
730.10	25.70	26.80	24.30	22.40	0.00
730.20	25.70	26.80	24.30	22.40	0.00
730.30	25.60	26.90	23.80	22.70	0.00
730.40	25.60	26.90	24.10	22.40	0.00
730.50	25.60	26.80	24.40	22.30	0.00
730.60	25.60	26.80	23.90	23.60	0.00
730.70	25.50	26.80	23.90	23.60	0.00
730.80	25.50	26.80	23.90	23.60	0.00
730.90	25.60	26.90	24.10	22.60	0.00
731.00	25.60	26.90	24.30	22.30	0.00
731.10	25.70	26.90	24.40	23.20	0.00
731.20	25.70	26.90	24.40	23.20	0.00
731.30	25.60	26.90	24.30	22.70	0.00
731.40	25.60	26.90	24.30	22.40	0.00
731.50	25.60	26.80	24.30	22.90	0.00
731.60	25.60	26.80	24.30	22.90	0.00
731.70	25.60	26.80	24.10	22.70	0.00
731.80	25.60	26.80	24.30	22.40	0.00
731.90	25.60	26.80	24.30	22.70	0.00
732.00	25.60	26.80	24.30	22.60	0.00
732.10	25.60	27.00	24.30	22.60	0.00
732.20	25.60	27.00	24.30	22.60	0.00
732.30	25.60	26.90	24.30	22.10	0.00
732.40	25.60	26.90	24.30	22.60	0.00
732.50	25.70	26.80	24.40	22.70	0.00
732.60	25.70	26.80	24.30	22.60	0.00
732.70	25.70	26.80	24.30	22.60	0.00
732.80	25.50	26.80	24.30	21.90	0.00
732.90	25.50	26.80	23.90	22.70	0.00
733.00	25.70	26.80	24.70	22.30	0.00
733.10	25.70	26.80	24.40	22.40	0.00
733.20	25.70	27.00	24.40	22.30	0.00
733.30	25.70	27.00	24.40	22.40	0.00
733.40	25.60	26.80	24.40	22.40	0.00
733.50	25.60	26.80	24.40	22.40	0.00
733.60	25.60	26.80	23.80	22.70	0.00
733.70	25.60	26.80	23.60	22.60	0.00
733.80	25.70	26.80	24.10	23.20	0.00
733.90	25.70	26.80	24.10	23.20	0.00
734.00	25.50	27.00	24.40	22.40	0.00
734.10	25.50	27.00	24.40	22.90	0.00
734.20	25.60	26.90	24.10	22.60	0.00
734.30	25.60	26.90	24.10	23.00	0.00
734.40	25.70	26.80	24.10	23.00	0.00
734.50	25.70	26.80	23.90	22.30	0.00
734.60	25.70	27.00	24.40	22.90	0.00
734.70	25.70	27.00	24.30	22.70	0.00
734.80	25.50	26.80	24.30	22.70	0.00
734.90	25.50	26.80	24.10	22.60	0.00
735.00	25.50	26.90	24.10	22.60	0.00
735.10	25.50	26.90	24.10	22.60	0.00
735.20	25.70	26.90	24.60	22.70	0.00
735.30	25.70	26.90	24.30	22.90	0.00
735.40	25.60	26.80	24.60	22.90	0.00
735.50	25.60	26.80	24.60	22.90	0.00
735.60	25.60	26.80	24.10	22.40	0.00
735.70	25.60	26.80	23.80	22.60	0.00
735.80	25.60	26.80	24.10	22.60	0.00
735.90	25.60	26.80	24.10	22.70	0.00
736.00	25.50	26.90	24.30	23.20	0.00
736.10	25.50	26.90	24.30	23.20	0.00
736.20	25.60	26.80	24.30	23.20	0.00
736.30	25.60	26.80	24.30	22.60	0.00
736.40	25.70	26.90	24.30	22.70	0.00
736.50	25.70	26.90	24.30	22.70	0.00
736.60	25.50	26.80	24.60	22.60	0.00
736.70	25.50	26.80	24.30	22.40	0.00
736.80	25.60	26.80	24.30	22.40	0.00
736.90	25.60	26.80	24.30	22.60	0.00
737.00	25.60	26.80	24.60	22.40	0.00
737.10	25.60	26.80	24.30	22.60	0.00
737.20	25.60	26.80	24.30	22.70	0.00
737.30	25.60	26.80	24.30	22.70	0.00
737.40	25.70	26.90	24.30	22.60	0.00
737.50	25.70	26.90	24.30	22.90	0.00
737.60	25.60	26.80	24.30	22.90	0.00
737.70	25.60	26.80	24.30	22.90	0.00
737.80	25.60	26.80	24.30	22.90	0.00
737.90	25.60	26.80	24.30	22.30	0.00
738.00	25.70	26.90	24.30	22.30	0.00
738.10	25.70	26.90	23.90	22.30	0.00
738.20	25.60	26.80	24.40	22.60	0.00
738.30	25.60	26.80	24.60	23.00	0.00
738.40	25.50	26.80	24.30	22.60	0.00
738.50	25.50	26.80	24.10	22.40	0.00
738.60	25.60	26.90	24.10	22.40	0.00
738.70	25.60	26.90	24.30	23.00	0.00
738.80	25.70	26.70	24.10	22.70	0.00
738.90	25.70	26.70	24.30	22.40	0.00
739.00	25.60	26.70	24.30	22.40	0.00
739.10	25.60	26.70	24.30	22.40	0.00
739.20	25.60	26.80	24.10	22.70	0.00
739.30	25.60	26.80	23.90	22.40	0.00
739.40	25.60	26.90	23.50	23.00	0.00
739.50	25.60	26.90	24.40	23.00	0.00
739.60	25.60	26.80	24.40	22.90	0.00
739.70	25.60	26.80	24.40	22.90	0.00
739.80	25.60	26.80	24.30	23.00	0.00
739.90	25.70	26.90	24.10	22.60	0.00
740.00	25.70	26.90	23.30	22.60	0.00
740.10	25.60	26.80	23.30	22.60	0.00
740.20	25.60	26.80	24.30	23.00	0.00
740.30	25.60	26.70	23.80	22.70	0.00
740.40	25.60	26.70	23.80	22.70	0.00
740.50	25.60	26.80	23.80	22.70	0.00
740.60	25.50	26.80	24.10	22.90	0.00
740.70	25.50	26.80	24.10	22.40	0.00
740.80	25.60	26.80	24.30	22.90	0.00
740.90	25.60	26.80	25.00	22.60	0.00
741.00	25.60	26.80	24.10	22.60	0.00
741.10	25.60	26.80	24.10	22.60	0.00
741.20	25.60	26.80	23.90	22.70	0.00
741.30	25.60	26.80	24.30	22.40	0.00
741.40	25.60	26.80	24.30	22.40	0.00
741.50	25.70	26.80	24.10	22.60	0.00
741.60	25.70	26.80	24.30	22.60	0.00
741.70	25.70	26.80	24.30	22.10	0.00
741.80	25.70	26.80	24.30	22.10	0.00
741.90	25.60	26.80	24.30	22.10	0.00
742.00	25.60	26.80	24.10	22.90	0.00
742.10	25.50	26.70	24.10	22.90	0.00
742.20	25.50	26.70	24.10	22.40	0.00
742.30	25.60	26.80	24.10	22.40	0.00
742.40	25.60	26.80	24.30	22.60	0.00
742.50	25.60	26.70	23.90	22.60	0.00
742.60	25.60	26.70	24.40	23.00	0.00
742.70	25.50	26.70	23.90	22.30	0.00
742.80	25.50	26.70	24.40	22.60	0.00
742.90	25.60	26.90	24.30	22.60	0.00
743.00	25.60	26.90	24.30	22.60	0.00
743.10	25.70	26.80	24.30	22.40	0.00
743.20	25.70	26.80	24.30	22.40	0.00
743.30	25.60	26.90	24.10	22.90	0.00
743.40	25.60	26.90	24.10	22.90	0.00
743.50	25.70	26.80	24.30	22.40	0.00
743.60	25.70	26.80	24.30	23.00	0.00
743.70	25.70	26.80	24.10	22.70	0.00
743.80	25.70	26.80	24.10	22.70	0.00
743.90	25.70	26.80	24.30	22.60	0.00
744.00	25.60	26.80	24.60	23.00	0.00
744.10	25.60	26.80	24.30	22.90	0.00
744.20	25.50	26.80	24.30	22.70	0.00
744.30	25.50	26.80	24.10	22.70	0.00
744.40	25.70	26.70	25.00	22.70	0.00
744.50	25.70	26.70	25.00	22.70	0.00
744.60	25.60	26.80	25.00	22.70	0.00
744.70	25.60	26.80	25.00	22.70	0.00
744.80	25.50	26.70	24.10	22.40	0.00
744.90	25.50	26.70	24.30	22.60	0.00
745.00	25.70	26.90	23.90	22.70	0.00
745.10	25.70	26.90	23.90	22.70	0.00
745.20	25.60	26.80	24.10	22.70	0.00
745.30	25.60	26.80	24.10	22.60	0.00
745.40	25.70	26.90	24.10	20.90	0.00
745.50	25.70	26.90	23.90	22.90	0.00
745.60	25.50	26.60	24.30	22.70	0.00
745.70	25.50	26.60	24.30	22.70	0.00
745.80	25.60	26.80	23.90	22.70	0.00
745.90	25.60	26.80	23.90	22.70	0.00
746.00	25.60	26.70	23.90	22.70	0.00
746.10	25.60	26.70	24.10	22.40	0.00
746.20	25.50	26.60	24.10	22.40	0.00
746.30	25.50	26.60	24.60	22.70	0.00
746.40	25.70	26.80	24.30	23.00	0.00
746.50	25.70	26.80	23.50	22.40	0.00
746.60	25.60	26.90	24.30	22.40	0.00
746.70	25.60	26.90	24.60	22.70	0.00
746.80	25.60	26.80	23.90	22.60	0.00
746.90	25.60	26.80	24.30	22.30	0.00
747.00	25.50	26.80	24.30	22.30	0.00
747.10	25.50	26.80	23.80	22.70	0.00
747.20	25.60	26.70	24.90	22.40	0.00
747.30	25.60	26.70	24.90	22.40	0.00
747.40	25.70	26.80	24.90	22.40	0.00
747.50	25.70	26.80	23.90	22.70	0.00
747.60	25.70	27.00	24.30	22.90	0.00
747.70	25.70	27.00	23.90	22.90	0.00
747.80	25.50	26.70	23.60	22.60	0.00
747.90	25.50	26.70	24.30	23.20	0.00
748.00	25.50	26.80	24.30	23.20	0.00
748.10	25.70	26.80	23.80	22.60	0.00
748.20	25.70	26.80	24.60	22.40	0.00
748.30	25.70	26.80	24.40	23.20	0.00
748.40	25.70	26.80	25.00	22.30	0.00
748.50	25.50	26.70	24.30	22.60	0.00
748.60	25.50	26.70	24.30	22.60	0.00
748.70	25.70	26.90	24.30	22.60	0.00
748.80	25.70	26.90	24.10	22.70	0.00
748.90	25.70	26.90	23.50	22.60	0.00
749.00	25.70	26.90	24.30	22.60	0.00
749.10	25.60	26.80	24.10	22.60	0.00
749.20	25.60	26.80	24.10	22.60	0.00
749.30	25.70	26.90	23.90	22.40	0.00
749.40	25.70	26.90	24.40	22.70	0.00
749.50	25.60	26.80	24.10	22.60	0.00
749.60	25.60	26.80	24.10	22.60	0.00
749.70	25.50	26.70	23.80	22.90	0.00
749.80	25.50	26.70	23.90	23.00	0.00
749.90	25.60	26.70	23.90	22.90	0.00
750.00	25.60	26.70	23.90	22.90	0.00
750.10	25.80	26.80	23.90	22.90	0.00
750.20	25.80	26.80	24.30	23.00	0.00
750.30	25.80	26.80	23.90	22.70	0.00
750.40	25.50	26.70	23.90	22.70	0.00
750.50	25.50	26.70	23.80	22.60	0.00
750.60	25.70	26.80	23.80	22.60	0.00
750.70	25.70	26.80	24.30	22.60	0.00
750.80	25.50	26.80	24.10	22.90	0.00
750.90	25.50	26.80	24.60	22.70	0.00
751.00	25.60	26.90	24.60	22.70	0.00
751.10	25.60	26.90	24.30	22.90	0.00
751.20	25.60	26.90	23.90	22.90	0.00
751.30	25.60	26.90	23.90	22.90	0.00
751.40	25.50	26.80	24.10	22.90	0.00
751.50	25.50	26.80	24.10	22.90	0.00
751.60	25.50	26.80	24.10	22.70	0.00
751.70	25.50	26.80	24.10	22.70	0.00
751.80	25.60	26.70	24.30	22.60	0.00
751.90	25.60	26.70	23.90	22.70	0.00
752.00	25.70	26.90	25.00	22.60	0.00
752.10	25.70	26.90	23.90	22.70	0.00
752.20	25.70	26.80	24.30	22.70	0.00
752.30	25.70	26.80	24.30	22.70	0.00
752.40	25.80	26.80	23.80	22.90	0.00
752.50	25.80	26.80	24.40	22.90	0.00
752.60	25.60	26.80	24.10	23.20	0.00
752.70	25.60	26.80	24.30	22.70	0.00
752.80	25.50	26.80	24.30	22.70	0.00
752.90	25.50	26.80	24.30	22.70	0.00
753.00	25.50	26.80	24.30	23.20	0.00
753.10	25.50	26.80	24.30	23.20	0.00
753.20	25.60	26.70	23.90	22.60	0.00
753.30	25.50	26.80	24.10	23.00	0.00
753.40	25.50	26.80	24.10	23.00	0.00
753.50	25.60	26.60	23.90	22.60	0.00
753.60	25.60	26.60	23.90	22.70	0.00
753.70	25.70	26.80	24.10	22.60	0.00
753.80	25.70	26.80	24.40	22.60	0.00
753.90	25.60	26.80	23.80	23.30	0.00
754.00	25.60	26.80	24.40	22.60	0.00
754.10	25.70	26.80	24.40	23.30	0.00
754.20	25.70	26.80	24.40	23.30	0.00
754.30	25.60	26.80	24.40	23.30	0.00
754.40	25.60	26.80	23.90	22.70	0.00
754.50	25.50	26.80	24.30	22.60	0.00
754.60	25.50	26.80	23.80	22.90	0.00
754.70	25.60	26.70	24.30	22.40	0.00
754.80	25.60	26.70	24.30	22.40	0.00
754.90	25.60	26.80	24.30	22.60	0.00
755.00	25.60	26.80	24.40	23.00	0.00
755.10	25.70	26.80	24.10	22.90	0.00
755.20	25.70	26.80	23.80	23.00	0.00
755.30	25.70	26.80	24.40	22.70	0.00
755.40	25.60	26.80	24.40	22.70	0.00
755.50	25.60	26.80	23.90	22.90	0.00
755.60	25.60	26.80	23.90	22.90	0.00
755.70	25.60	26.80	23.90	22.90	0.00
755.80	25.60	26.80	24.10	22.70	0.00
755.90	25.60	26.80	23.80	22.70	0.00
756.00	25.50	26.70	23.80	22.70	0.00
756.10	25.60	26.80	23.90	22.90	0.00
756.20	25.60	26.80	24.30	22.40	0.00
756.30	25.70	26.80	24.40	22.70	0.00
756.40	25.70	26.80	23.80	22.30	0.00
756.50	25.70	26.80	24.10	22.70	0.00
756.60	25.50	26.80	24.10	22.70	0.00
756.70	25.50	26.80	24.10	22.70	0.00
756.80	25.60	26.70	23.90	22.70	0.00
756.90	25.60	26.70	23.90	22.70	0.00
757.00	25.60	26.70	23.90	22.70	0.00
757.10	25.60	26.70	23.90	22.90	0.00
757.20	25.70	26.80	23.80	22.90	0.00
757.30	25.50	26.70	24.40	22.70	0.00
757.40	25.50	26.70	24.40	22.70	0.00
757.50	25.60	26.80	23.80	23.00	0.00
757.60	25.60	26.80	24.10	22.70	0.00
757.70	25.60	26.70	24.10	22.70	0.00
757.80	25.60	26.70	23.90	22.60	0.00
757.90	25.60	26.60	24.30	22.60	0.00
758.00	25.60	26.60	23.80	22.90	0.00
758.10	25.70	26.80	24.10	23.50	0.00
758.20	25.70	26.80	24.10	23.50	0.00
758.30	25.60	26.70	24.10	23.50	0.00
758.40	25.60	26.70	23.90	22.90	0.00
758.50	25.60	26.70	23.90	22.90	0.00
758.60	25.60	26.70	24.90	22.70	0.00
758.70	25.60	26.70	24.10	23.00	0.00
758.80	25.60	26.70	24.30	23.00	0.00
758.90	25.70	26.70	24.30	23.00	0.00
759.00	25.70	26.70	24.30	22.90	0.00
759.10	25.60	26.70	23.90	22.70	0.00
759.20	25.60	26.70	24.10	22.90	0.00
759.30	25.60	26.80	24.10	23.00	0.00
759.40	25.60	26.80	24.10	22.60	0.00
759.50	25.60	26.80	24.30	22.60	0.00
759.60	25.60	26.80	24.30	22.60	0.00
759.70	25.70	26.90	24.30	22.60	0.00
759.80	25.70	26.90	24.40	22.70	0.00
759.90	25.60	26.70	24.30	22.90	0.00
760.00	25.60	26.70	23.50	22.90	0.00
760.10	25.70	26.70	24.60	22.70	0.00
760.20	25.70	26.70	24.60	22.70	0.00
760.30	25.60	26.70	23.80	22.90	0.00
760.40	25.60	26.70	23.90	23.00	0.00
760.50	25.60	26.70	24.10	22.60	0.00
760.60	25.60	26.80	23.90	22.90	0.00
760.70	25.60	26.80	23.90	22.70	0.00
760.80	25.70	26.80	23.90	22.70	0.00
760.90	25.70	26.80	24.10	22.70	0.00
761.00	25.60	26.80	24.10	22.70	0.00
761.10	25.60	26.80	24.10	22.70	0.00
761.20	25.60	26.80	24.70	22.70	0.00
761.30	25.60	26.80	23.80	22.90	0.00
761.40	25.60	26.60	23.80	20.90	0.00
761.50	25.60	26.60	23.80	20.90	0.00
761.60	25.60	26.60	24.30	23.00	0.00
761.70	25.60	26.60	24.10	22.70	0.00
761.80	25.60	26.80	24.30	23.20	0.00
761.90	25.60	26.80	24.30	23.20	0.00
762.00	25.70	26.80	24.10	23.00	0.00
762.10	25.70	26.80	23.80	22.60	0.00
762.20	25.60	26.80	24.30	23.30	0.00
762.30	25.60	26.80	24.30	23.30	0.00
762.40	25.60	26.70	24.30	23.00	0.00
762.50	25.60	26.70	24.30	23.00	0.00
762.60	25.60	26.80	23.90	23.20	0.00
762.70	25.60	26.80	23.90	23.20	0.00
762.80	25.60	26.80	23.80	23.30	0.00
762.90	25.60	26.80	23.90	22.70	0.00
763.00	25.50	26.80	23.90	23.00	0.00
763.10	25.50	26.80	23.90	23.00	0.00
763.20	25.60	26.70	23.90	23.00	0.00
763.30	25.60	26.70	24.40	23.00	0.00
763.40	25.70	26.80	24.30	23.00	0.00
763.50	25.70	26.80	24.30	23.00	0.00
763.60	25.50	26.60	24.10	22.70	0.00
763.70	25.50	26.60	24.10	23.20	0.00
763.80	25.60	26.80	24.10	23.20	0.00
763.90	25.60	26.80	23.80	23.00	0.00
764.00	25.40	26.60	23.80	23.00	0.00
764.10	25.40	26.60	24.10	22.90	0.00
764.20	25.70	26.80	24.60	23.00	0.00
764.30	25.70	26.80	24.30	22.90	0.00
764.40	25.70	26.80	24.30	22.90	0.00
764.50	25.60	26.70	23.80	22.70	0.00
764.60	25.60	26.90	23.90	23.00	0.00
764.70	25.60	26.90	24.90	22.40	0.00
764.80	25.60	26.60	24.10	23.00	0.00
764.90	25.60	26.60	24.10	22.70	0.00
765.00	25.60	26.60	24.10	22.70	0.00
765.10	25.60	26.80	24.10	22.70	0.00
765.20	25.60	26.80	24.30	22.60	0.00
765.30	25.60	26.70	24.30	22.60	0.00
765.40	25.60	26.70	24.10	23.20	0.00
765.50	25.60	26.70	24.10	22.90	0.00
765.60	25.60	26.70	24.10	22.90	0.00
765.70	25.50	26.70	23.60	22.90	0.00
765.80	25.50	26.70	24.10	22.70	0.00
765.90	25.60	26.70	24.10	23.00	0.00
766.00	25.70	26.70	23.90	22.70	0.00
766.10	25.70	26.70	24.10	22.70	0.00
766.20	25.50	26.60	23.90	23.50	0.00
766.30	25.50	26.60	23.90	23.50	0.00
766.40	25.60	26.70	24.30	22.90	0.00
766.50	25.60	26.70	24.30	23.20	0.00
766.60	25.60	26.70	24.30	23.20	0.00
766.70	25.60	26.70	23.90	23.20	0.00
766.80	25.60	26.80	24.10	22.90	0.00
766.90	25.60	26.80	23.60	23.20	0.00
767.00	25.50	26.80	23.80	23.20	0.00
767.10	25.80	26.80	23.80	23.20	0.00
767.20	25.80	26.80	23.90	23.30	0.00
767.30	25.50	26.70	24.30	22.90	0.00
767.40	25.60	26.80	24.30	22.90	0.00
767.50	25.60	26.80	23.90	22.90	0.00
767.60	25.60	26.70	24.30	22.90	0.00
767.70	25.60	26.70	24.30	23.30	0.00
767.80	25.60	26.70	23.80	23.30	0.00
767.90	25.60	26.70	23.80	23.30	0.00
768.00	25.60	26.70	24.10	23.00	0.00
768.10	25.60	26.70	24.10	23.00	0.00
768.20	25.60	26.70	24.10	22.40	0.00
768.30	25.70	26.70	24.30	23.30	0.00
768.40	25.70	26.70	24.30	23.30	0.00
768.50	25.70	26.70	24.10	22.70	0.00
768.60	25.70	26.70	23.60	23.20	0.00
768.70	25.60	26.70	24.10	22.90	0.00
768.80	25.60	26.70	24.10	20.90	0.00
768.90	25.60	26.70	23.50	22.90	0.00
769.00	25.50	26.70	23.50	22.90	0.00
769.10	25.50	26.70	24.40	23.20	0.00
769.20	25.60	26.70	24.30	23.20	0.00
769.30	25.60	26.70	24.30	23.20	0.00
769.40	25.50	26.60	24.30	23.20	0.00
769.50	25.50	26.60	24.40	22.70	0.00
769.60	25.70	26.70	24.30	22.90	0.00
769.70	25.70	26.70	24.30	22.90	0.00
769.80	25.60	26.60	24.10	23.00	0.00
769.90	25.60	26.60	24.10	22.70	0.00
770.00	25.40	26.70	24.10	22.90	0.00
770.10	25.40	26.70	23.80	22.60	0.00
770.20	25.70	26.70	23.90	23.00	0.00
770.30	25.70	26.70	23.90	23.00	0.00
770.40	25.50	26.60	23.60	22.60	0.00
770.50	25.50	26.60	24.10	23.30	0.00
770.60	25.50	26.60	23.90	22.90	0.00
770.70	25.60	26.60	23.90	22.90	0.00
770.80	25.60	26.60	23.90	22.90	0.00
770.90	25.60	26.80	24.10	23.00	0.00
771.00	25.60	26.80	23.90	22.60	0.00
771.10	25.60	26.80	23.90	22.60	0.00
771.20	25.60	26.80	23.90	22.90	0.00
771.30	25.80	26.80	23.80	22.60	0.00
771.40	25.80	26.80	23.30	23.50	0.00
771.50	25.50	26.60	23.80	22.90	0.00
771.60	25.50	26.60	23.80	22.90	0.00
771.70	25.50	26.60	24.30	22.70	0.00
771.80	25.50	26.60	23.80	22.60	0.00
771.90	25.50	26.60	24.10	22.90	0.00
772.00	25.60	26.70	24.10	22.90	0.00
772.10	25.60	26.70	24.10	22.90	0.00
772.20	25.60	26.70	24.10	22.90	0.00
772.30	25.60	26.70	23.80	23.30	0.00
772.40	25.60	26.70	23.80	23.30	0.00
772.50	25.60	26.70	24.30	22.60	0.00
772.60	25.60	26.70	24.40	22.70	0.00
772.70	25.60	26.70	24.40	22.70	0.00
772.80	25.60	26.70	23.90	23.00	0.00
772.90	25.60	26.70	23.90	22.90	0.00
773.00	25.60	26.70	23.90	22.90	0.00
773.10	25.60	26.70	24.10	22.60	0.00
773.20	25.70	26.70	23.90	22.90	0.00
773.30	25.60	26.70	23.90	22.90	0.00
773.40	25.60	26.70	23.80	22.90	0.00
773.50	25.40	26.60	23.90	23.20	0.00
773.60	25.40	26.60	24.10	23.20	0.00
773.70	25.60	26.60	24.10	23.20	0.00
773.80	25.60	26.60	23.90	23.20	0.00
773.90	25.60	26.70	24.30	23.00	0.00
774.00	25.60	26.70	24.30	23.30	0.00
774.10	25.60	26.80	24.30	23.30	0.00
774.20	25.60	26.80	24.10	23.20	0.00
774.30	25.60	26.70	23.80	23.00	0.00
774.40	25.60	26.70	24.10	23.00	0.00
774.50	25.60	26.80	23.90	22.90	0.00
774.60	25.60	26.80	23.90	22.90	0.00
774.70	25.50	26.60	24.30	22.70	0.00
774.80	25.50	26.60	24.10	23.90	0.00
774.90	25.60	26.70	24.10	23.90	0.00
775.00	25.60	26.70	24.30	22.60	0.00
775.10	25.50	26.70	24.30	22.60	0.00
775.20	25.50	26.70	23.90	22.90	0.00
775.30	25.70	26.70	23.90	22.90	0.00
775.40	25.70	26.70	23.80	22.60	0.00
775.50	25.70	26.70	24.30	22.70	0.00
775.60	25.60	26.70	23.90	23.20	0.00
775.70	25.60	26.70	23.90	23.20	0.00
775.80	25.60	26.70	23.90	23.90	0.00
775.90	25.60	26.70	24.30	22.60	0.00
776.00	25.70	26.70	24.10	23.00	0.00
776.10	25.70	26.70	24.10	23.00	0.00
776.20	25.50	26.70	24.10	23.20	0.00
776.30	25.50	26.70	23.60	23.20	0.00
776.40	25.60	26.70	23.90	23.20	0.00
776.50	25.60	26.70	23.90	23.20	0.00
776.60	25.50	26.70	23.90	23.20	0.00
776.70	25.50	26.70	23.80	22.90	0.00
776.80	25.50	26.70	23.90	22.30	0.00
776.90	25.60	26.70	24.10	22.70	0.00
777.00	25.60	26.70	23.80	22.70	0.00
777.10	25.70	26.80	23.80	22.70	0.00
777.20	25.70	26.80	24.40	23.30	0.00
777.30	25.60	26.70	24.10	24.10	0.00
777.40	25.60	26.70	23.90	23.30	0.00
777.50	25.70	26.50	23.90	23.00	0.00
777.60	25.70	26.50	24.30	23.00	0.00
777.70	25.50	26.60	24.30	23.00	0.00
777.80	25.50	26.60	23.90	22.90	0.00
777.90	25.80	26.80	23.90	22.90	0.00
778.00	25.80	26.80	23.90	22.90	0.00
778.10	25.60	26.60	24.30	23.20	0.00
778.20	25.60	26.60	24.30	22.90	0.00
778.30	25.60	26.50	24.10	23.20	0.00
778.40	25.60	26.50	24.10	23.20	0.00
778.50	25.60	26.60	24.10	23.00	0.00
778.60	25.60	26.60	23.90	23.20	0.00
778.70	25.60	26.70	23.90	23.20	0.00
778.80	25.60	26.70	23.60	22.70	0.00
778.90	25.60	26.70	23.60	22.70	0.00
779.00	25.60	26.70	23.90	22.70	0.00
779.10	25.60	26.60	24.30	23.20	0.00
779.20	25.60	26.60	23.90	22.90	0.00
779.30	25.60	26.70	23.90	22.90	0.00
779.40	25.60	26.70	23.90	23.30	0.00
779.50	25.60	26.70	23.90	23.30	0.00
779.60	25.60	26.70	23.90	23.30	0.00
779.70	25.80	26.70	23.90	23.00	0.00
